[2026-05-20 09:07:31] local.ERROR: Target class [team.scope] does not exist. {"exception":"[object] (Illuminate\\Contracts\\Container\\BindingResolutionException(code: 0): Target class [team.scope] does not exist. at C:/laragon/www/usama-fandaqah/vendor/laravel/framework/src/Illuminate/Container/Container.php:961)
[stacktrace]
#0 C:/laragon/www/usama-fandaqah/vendor/laravel/framework/src/Illuminate/Container/Container.php(832): Illuminate/Container/Container->build('team.scope')
#1 C:/laragon/www/usama-fandaqah/vendor/laravel/framework/src/Illuminate/Foundation/Application.php(1078): Illuminate/Container/Container->resolve('team.scope', Array, true)
#2 C:/laragon/www/usama-fandaqah/vendor/laravel/framework/src/Illuminate/Container/Container.php(763): Illuminate/Foundation/Application->resolve('team.scope', Array)
#3 C:/laragon/www/usama-fandaqah/vendor/laravel/framework/src/Illuminate/Foundation/Application.php(1058): Illuminate/Container/Container->make('team.scope', Array)
#4 C:/laragon/www/usama-fandaqah/vendor/laravel/framework/src/Illuminate/Foundation/Http/Kernel.php(258): Illuminate/Foundation/Application->make('team.scope')
#5 C:/laragon/www/usama-fandaqah/vendor/laravel/framework/src/Illuminate/Foundation/Http/Kernel.php(216): Illuminate/Foundation/Http/Kernel->terminateMiddleware(Object(Illuminate/Http/Request), Object(Illuminate/Http/RedirectResponse))
#6 C:/laragon/www/usama-fandaqah/public/index.php(60): Illuminate/Foundation/Http/Kernel->terminate(Object(Illuminate/Http/Request), Object(Illuminate/Http/RedirectResponse))
#7 {main}

[previous exception] [object] (ReflectionException(code: -1): Class \"team.scope\" does not exist at C:/laragon/www/usama-fandaqah/vendor/laravel/framework/src/Illuminate/Container/Container.php:959)
[stacktrace]
#0 C:/laragon/www/usama-fandaqah/vendor/laravel/framework/src/Illuminate/Container/Container.php(959): ReflectionClass->__construct('team.scope')
#1 C:/laragon/www/usama-fandaqah/vendor/laravel/framework/src/Illuminate/Container/Container.php(832): Illuminate/Container/Container->build('team.scope')
#2 C:/laragon/www/usama-fandaqah/vendor/laravel/framework/src/Illuminate/Foundation/Application.php(1078): Illuminate/Container/Container->resolve('team.scope', Array, true)
#3 C:/laragon/www/usama-fandaqah/vendor/laravel/framework/src/Illuminate/Container/Container.php(763): Illuminate/Foundation/Application->resolve('team.scope', Array)
#4 C:/laragon/www/usama-fandaqah/vendor/laravel/framework/src/Illuminate/Foundation/Application.php(1058): Illuminate/Container/Container->make('team.scope', Array)
#5 C:/laragon/www/usama-fandaqah/vendor/laravel/framework/src/Illuminate/Foundation/Http/Kernel.php(258): Illuminate/Foundation/Application->make('team.scope')
#6 C:/laragon/www/usama-fandaqah/vendor/laravel/framework/src/Illuminate/Foundation/Http/Kernel.php(216): Illuminate/Foundation/Http/Kernel->terminateMiddleware(Object(Illuminate/Http/Request), Object(Illuminate/Http/RedirectResponse))
#7 C:/laragon/www/usama-fandaqah/public/index.php(60): Illuminate/Foundation/Http/Kernel->terminate(Object(Illuminate/Http/Request), Object(Illuminate/Http/RedirectResponse))
#8 {main}
"} 
[2026-05-20 10:11:47] local.ERROR: SQLSTATE[42S22]: Column not found: 1054 Unknown column 'service_logs.reservation_id' in 'where clause' (Connection: mysql, SQL: select * from `service_logs` where `service_logs`.`reservation_id` in (1) and `service_logs`.`deleted_at` is null and `team_id` = 1) {"userId":1,"exception":"[object] (Illuminate\\Database\\QueryException(code: 42S22): SQLSTATE[42S22]: Column not found: 1054 Unknown column 'service_logs.reservation_id' in 'where clause' (Connection: mysql, SQL: select * from `service_logs` where `service_logs`.`reservation_id` in (1) and `service_logs`.`deleted_at` is null and `team_id` = 1) at C:/laragon/www/usama-fandaqah/vendor/laravel/framework/src/Illuminate/Database/Connection.php:825)
[stacktrace]
#0 C:/laragon/www/usama-fandaqah/vendor/laravel/framework/src/Illuminate/Database/Connection.php(779): Illuminate/Database/Connection->runQueryCallback('select * from `...', Array, Object(Closure))
#1 C:/laragon/www/usama-fandaqah/vendor/laravel/framework/src/Illuminate/Database/Connection.php(398): Illuminate/Database/Connection->run('select * from `...', Array, Object(Closure))
#2 C:/laragon/www/usama-fandaqah/vendor/laravel/framework/src/Illuminate/Database/Query/Builder.php(3106): Illuminate/Database/Connection->select('select * from `...', Array, true)
#3 C:/laragon/www/usama-fandaqah/vendor/laravel/framework/src/Illuminate/Database/Query/Builder.php(3091): Illuminate/Database/Query/Builder->runSelect()
#4 C:/laragon/www/usama-fandaqah/vendor/laravel/framework/src/Illuminate/Database/Query/Builder.php(3676): Illuminate/Database/Query/Builder->Illuminate/Database/Query/{closure}()
#5 C:/laragon/www/usama-fandaqah/vendor/laravel/framework/src/Illuminate/Database/Query/Builder.php(3090): Illuminate/Database/Query/Builder->onceWithColumns(Array, Object(Closure))
#6 C:/laragon/www/usama-fandaqah/vendor/laravel/framework/src/Illuminate/Database/Eloquent/Builder.php(811): Illuminate/Database/Query/Builder->get(Array)
#7 C:/laragon/www/usama-fandaqah/vendor/laravel/framework/src/Illuminate/Database/Eloquent/Builder.php(793): Illuminate/Database/Eloquent/Builder->getModels(Array)
#8 C:/laragon/www/usama-fandaqah/vendor/laravel/framework/src/Illuminate/Database/Eloquent/Relations/Relation.php(213): Illuminate/Database/Eloquent/Builder->get(Array)
#9 C:/laragon/www/usama-fandaqah/vendor/laravel/framework/src/Illuminate/Database/Eloquent/Relations/Relation.php(176): Illuminate/Database/Eloquent/Relations/Relation->get()
#10 C:/laragon/www/usama-fandaqah/vendor/laravel/framework/src/Illuminate/Database/Eloquent/Builder.php(859): Illuminate/Database/Eloquent/Relations/Relation->getEager()
#11 C:/laragon/www/usama-fandaqah/vendor/laravel/framework/src/Illuminate/Database/Eloquent/Builder.php(828): Illuminate/Database/Eloquent/Builder->eagerLoadRelation(Array, 'serviceLogs', Object(Closure))
#12 C:/laragon/www/usama-fandaqah/vendor/laravel/framework/src/Illuminate/Database/Eloquent/Builder.php(794): Illuminate/Database/Eloquent/Builder->eagerLoadRelations(Array)
#13 C:/laragon/www/usama-fandaqah/vendor/laravel/framework/src/Illuminate/Database/Concerns/BuildsQueries.php(343): Illuminate/Database/Eloquent/Builder->get(Array)
#14 C:/laragon/www/usama-fandaqah/vendor/laravel/framework/src/Illuminate/Database/Eloquent/Builder.php(477): Illuminate/Database/Eloquent/Builder->first(Array)
#15 C:/laragon/www/usama-fandaqah/vendor/laravel/framework/src/Illuminate/Database/Eloquent/Builder.php(524): Illuminate/Database/Eloquent/Builder->find('1', Array)
#16 C:/laragon/www/usama-fandaqah/app/Http/Controllers/Api/ReservationController.php(77): Illuminate/Database/Eloquent/Builder->findOrFail('1')
#17 C:/laragon/www/usama-fandaqah/vendor/laravel/framework/src/Illuminate/Routing/ControllerDispatcher.php(47): App/Http/Controllers/Api/ReservationController->show('1')
#18 C:/laragon/www/usama-fandaqah/vendor/laravel/framework/src/Illuminate/Routing/Route.php(266): Illuminate/Routing/ControllerDispatcher->dispatch(Object(Illuminate/Routing/Route), Object(App/Http/Controllers/Api/ReservationController), 'show')
#19 C:/laragon/www/usama-fandaqah/vendor/laravel/framework/src/Illuminate/Routing/Route.php(212): Illuminate/Routing/Route->runController()
#20 C:/laragon/www/usama-fandaqah/vendor/laravel/framework/src/Illuminate/Routing/Router.php(808): Illuminate/Routing/Route->run()
#21 C:/laragon/www/usama-fandaqah/vendor/laravel/framework/src/Illuminate/Pipeline/Pipeline.php(170): Illuminate/Routing/Router->Illuminate/Routing/{closure}(Object(Illuminate/Http/Request))
#22 C:/laragon/www/usama-fandaqah/vendor/laravel/framework/src/Illuminate/Routing/Middleware/SubstituteBindings.php(51): Illuminate/Pipeline/Pipeline->Illuminate/Pipeline/{closure}(Object(Illuminate/Http/Request))
#23 C:/laragon/www/usama-fandaqah/vendor/laravel/framework/src/Illuminate/Pipeline/Pipeline.php(209): Illuminate/Routing/Middleware/SubstituteBindings->handle(Object(Illuminate/Http/Request), Object(Closure))
#24 C:/laragon/www/usama-fandaqah/vendor/laravel/framework/src/Illuminate/Auth/Middleware/Authenticate.php(64): Illuminate/Pipeline/Pipeline->Illuminate/Pipeline/{closure}(Object(Illuminate/Http/Request))
#25 C:/laragon/www/usama-fandaqah/vendor/laravel/framework/src/Illuminate/Pipeline/Pipeline.php(209): Illuminate/Auth/Middleware/Authenticate->handle(Object(Illuminate/Http/Request), Object(Closure), 'sanctum')
#26 C:/laragon/www/usama-fandaqah/vendor/laravel/framework/src/Illuminate/Pipeline/Pipeline.php(127): Illuminate/Pipeline/Pipeline->Illuminate/Pipeline/{closure}(Object(Illuminate/Http/Request))
#27 C:/laragon/www/usama-fandaqah/vendor/laravel/framework/src/Illuminate/Routing/Router.php(807): Illuminate/Pipeline/Pipeline->then(Object(Closure))
#28 C:/laragon/www/usama-fandaqah/vendor/laravel/framework/src/Illuminate/Routing/Router.php(786): Illuminate/Routing/Router->runRouteWithinStack(Object(Illuminate/Routing/Route), Object(Illuminate/Http/Request))
#29 C:/laragon/www/usama-fandaqah/vendor/laravel/framework/src/Illuminate/Routing/Router.php(750): Illuminate/Routing/Router->runRoute(Object(Illuminate/Http/Request), Object(Illuminate/Routing/Route))
#30 C:/laragon/www/usama-fandaqah/vendor/laravel/framework/src/Illuminate/Routing/Router.php(739): Illuminate/Routing/Router->dispatchToRoute(Object(Illuminate/Http/Request))
#31 C:/laragon/www/usama-fandaqah/vendor/laravel/framework/src/Illuminate/Foundation/Http/Kernel.php(201): Illuminate/Routing/Router->dispatch(Object(Illuminate/Http/Request))
#32 C:/laragon/www/usama-fandaqah/vendor/laravel/framework/src/Illuminate/Pipeline/Pipeline.php(170): Illuminate/Foundation/Http/Kernel->Illuminate/Foundation/Http/{closure}(Object(Illuminate/Http/Request))
#33 C:/laragon/www/usama-fandaqah/laravelnova/src/Http/Middleware/ServeNova.php(23): Illuminate/Pipeline/Pipeline->Illuminate/Pipeline/{closure}(Object(Illuminate/Http/Request))
#34 C:/laragon/www/usama-fandaqah/vendor/laravel/framework/src/Illuminate/Pipeline/Pipeline.php(209): Laravel/Nova/Http/Middleware/ServeNova->handle(Object(Illuminate/Http/Request), Object(Closure))
#35 C:/laragon/www/usama-fandaqah/vendor/laravel/framework/src/Illuminate/Foundation/Http/Middleware/TransformsRequest.php(21): Illuminate/Pipeline/Pipeline->Illuminate/Pipeline/{closure}(Object(Illuminate/Http/Request))
#36 C:/laragon/www/usama-fandaqah/vendor/laravel/framework/src/Illuminate/Foundation/Http/Middleware/ConvertEmptyStringsToNull.php(31): Illuminate/Foundation/Http/Middleware/TransformsRequest->handle(Object(Illuminate/Http/Request), Object(Closure))
#37 C:/laragon/www/usama-fandaqah/vendor/laravel/framework/src/Illuminate/Pipeline/Pipeline.php(209): Illuminate/Foundation/Http/Middleware/ConvertEmptyStringsToNull->handle(Object(Illuminate/Http/Request), Object(Closure))
#38 C:/laragon/www/usama-fandaqah/vendor/laravel/framework/src/Illuminate/Foundation/Http/Middleware/TransformsRequest.php(21): Illuminate/Pipeline/Pipeline->Illuminate/Pipeline/{closure}(Object(Illuminate/Http/Request))
#39 C:/laragon/www/usama-fandaqah/vendor/laravel/framework/src/Illuminate/Foundation/Http/Middleware/TrimStrings.php(51): Illuminate/Foundation/Http/Middleware/TransformsRequest->handle(Object(Illuminate/Http/Request), Object(Closure))
#40 C:/laragon/www/usama-fandaqah/vendor/laravel/framework/src/Illuminate/Pipeline/Pipeline.php(209): Illuminate/Foundation/Http/Middleware/TrimStrings->handle(Object(Illuminate/Http/Request), Object(Closure))
#41 C:/laragon/www/usama-fandaqah/vendor/laravel/framework/src/Illuminate/Http/Middleware/ValidatePostSize.php(27): Illuminate/Pipeline/Pipeline->Illuminate/Pipeline/{closure}(Object(Illuminate/Http/Request))
#42 C:/laragon/www/usama-fandaqah/vendor/laravel/framework/src/Illuminate/Pipeline/Pipeline.php(209): Illuminate/Http/Middleware/ValidatePostSize->handle(Object(Illuminate/Http/Request), Object(Closure))
#43 C:/laragon/www/usama-fandaqah/vendor/laravel/framework/src/Illuminate/Foundation/Http/Middleware/PreventRequestsDuringMaintenance.php(110): Illuminate/Pipeline/Pipeline->Illuminate/Pipeline/{closure}(Object(Illuminate/Http/Request))
#44 C:/laragon/www/usama-fandaqah/vendor/laravel/framework/src/Illuminate/Pipeline/Pipeline.php(209): Illuminate/Foundation/Http/Middleware/PreventRequestsDuringMaintenance->handle(Object(Illuminate/Http/Request), Object(Closure))
#45 C:/laragon/www/usama-fandaqah/vendor/laravel/framework/src/Illuminate/Http/Middleware/HandleCors.php(62): Illuminate/Pipeline/Pipeline->Illuminate/Pipeline/{closure}(Object(Illuminate/Http/Request))
#46 C:/laragon/www/usama-fandaqah/vendor/laravel/framework/src/Illuminate/Pipeline/Pipeline.php(209): Illuminate/Http/Middleware/HandleCors->handle(Object(Illuminate/Http/Request), Object(Closure))
#47 C:/laragon/www/usama-fandaqah/vendor/laravel/framework/src/Illuminate/Http/Middleware/TrustProxies.php(58): Illuminate/Pipeline/Pipeline->Illuminate/Pipeline/{closure}(Object(Illuminate/Http/Request))
#48 C:/laragon/www/usama-fandaqah/vendor/laravel/framework/src/Illuminate/Pipeline/Pipeline.php(209): Illuminate/Http/Middleware/TrustProxies->handle(Object(Illuminate/Http/Request), Object(Closure))
#49 C:/laragon/www/usama-fandaqah/vendor/laravel/framework/src/Illuminate/Foundation/Http/Middleware/InvokeDeferredCallbacks.php(22): Illuminate/Pipeline/Pipeline->Illuminate/Pipeline/{closure}(Object(Illuminate/Http/Request))
#50 C:/laragon/www/usama-fandaqah/vendor/laravel/framework/src/Illuminate/Pipeline/Pipeline.php(209): Illuminate/Foundation/Http/Middleware/InvokeDeferredCallbacks->handle(Object(Illuminate/Http/Request), Object(Closure))
#51 C:/laragon/www/usama-fandaqah/vendor/laravel/framework/src/Illuminate/Pipeline/Pipeline.php(127): Illuminate/Pipeline/Pipeline->Illuminate/Pipeline/{closure}(Object(Illuminate/Http/Request))
#52 C:/laragon/www/usama-fandaqah/vendor/laravel/framework/src/Illuminate/Foundation/Http/Kernel.php(176): Illuminate/Pipeline/Pipeline->then(Object(Closure))
#53 C:/laragon/www/usama-fandaqah/vendor/laravel/framework/src/Illuminate/Foundation/Http/Kernel.php(145): Illuminate/Foundation/Http/Kernel->sendRequestThroughRouter(Object(Illuminate/Http/Request))
#54 C:/laragon/www/usama-fandaqah/public/index.php(54): Illuminate/Foundation/Http/Kernel->handle(Object(Illuminate/Http/Request))
#55 {main}

[previous exception] [object] (PDOException(code: 42S22): SQLSTATE[42S22]: Column not found: 1054 Unknown column 'service_logs.reservation_id' in 'where clause' at C:/laragon/www/usama-fandaqah/vendor/laravel/framework/src/Illuminate/Database/Connection.php:407)
[stacktrace]
#0 C:/laragon/www/usama-fandaqah/vendor/laravel/framework/src/Illuminate/Database/Connection.php(407): PDO->prepare('select * from `...')
#1 C:/laragon/www/usama-fandaqah/vendor/laravel/framework/src/Illuminate/Database/Connection.php(812): Illuminate/Database/Connection->Illuminate/Database/{closure}('select * from `...', Array)
#2 C:/laragon/www/usama-fandaqah/vendor/laravel/framework/src/Illuminate/Database/Connection.php(779): Illuminate/Database/Connection->runQueryCallback('select * from `...', Array, Object(Closure))
#3 C:/laragon/www/usama-fandaqah/vendor/laravel/framework/src/Illuminate/Database/Connection.php(398): Illuminate/Database/Connection->run('select * from `...', Array, Object(Closure))
#4 C:/laragon/www/usama-fandaqah/vendor/laravel/framework/src/Illuminate/Database/Query/Builder.php(3106): Illuminate/Database/Connection->select('select * from `...', Array, true)
#5 C:/laragon/www/usama-fandaqah/vendor/laravel/framework/src/Illuminate/Database/Query/Builder.php(3091): Illuminate/Database/Query/Builder->runSelect()
#6 C:/laragon/www/usama-fandaqah/vendor/laravel/framework/src/Illuminate/Database/Query/Builder.php(3676): Illuminate/Database/Query/Builder->Illuminate/Database/Query/{closure}()
#7 C:/laragon/www/usama-fandaqah/vendor/laravel/framework/src/Illuminate/Database/Query/Builder.php(3090): Illuminate/Database/Query/Builder->onceWithColumns(Array, Object(Closure))
#8 C:/laragon/www/usama-fandaqah/vendor/laravel/framework/src/Illuminate/Database/Eloquent/Builder.php(811): Illuminate/Database/Query/Builder->get(Array)
#9 C:/laragon/www/usama-fandaqah/vendor/laravel/framework/src/Illuminate/Database/Eloquent/Builder.php(793): Illuminate/Database/Eloquent/Builder->getModels(Array)
#10 C:/laragon/www/usama-fandaqah/vendor/laravel/framework/src/Illuminate/Database/Eloquent/Relations/Relation.php(213): Illuminate/Database/Eloquent/Builder->get(Array)
#11 C:/laragon/www/usama-fandaqah/vendor/laravel/framework/src/Illuminate/Database/Eloquent/Relations/Relation.php(176): Illuminate/Database/Eloquent/Relations/Relation->get()
#12 C:/laragon/www/usama-fandaqah/vendor/laravel/framework/src/Illuminate/Database/Eloquent/Builder.php(859): Illuminate/Database/Eloquent/Relations/Relation->getEager()
#13 C:/laragon/www/usama-fandaqah/vendor/laravel/framework/src/Illuminate/Database/Eloquent/Builder.php(828): Illuminate/Database/Eloquent/Builder->eagerLoadRelation(Array, 'serviceLogs', Object(Closure))
#14 C:/laragon/www/usama-fandaqah/vendor/laravel/framework/src/Illuminate/Database/Eloquent/Builder.php(794): Illuminate/Database/Eloquent/Builder->eagerLoadRelations(Array)
#15 C:/laragon/www/usama-fandaqah/vendor/laravel/framework/src/Illuminate/Database/Concerns/BuildsQueries.php(343): Illuminate/Database/Eloquent/Builder->get(Array)
#16 C:/laragon/www/usama-fandaqah/vendor/laravel/framework/src/Illuminate/Database/Eloquent/Builder.php(477): Illuminate/Database/Eloquent/Builder->first(Array)
#17 C:/laragon/www/usama-fandaqah/vendor/laravel/framework/src/Illuminate/Database/Eloquent/Builder.php(524): Illuminate/Database/Eloquent/Builder->find('1', Array)
#18 C:/laragon/www/usama-fandaqah/app/Http/Controllers/Api/ReservationController.php(77): Illuminate/Database/Eloquent/Builder->findOrFail('1')
#19 C:/laragon/www/usama-fandaqah/vendor/laravel/framework/src/Illuminate/Routing/ControllerDispatcher.php(47): App/Http/Controllers/Api/ReservationController->show('1')
#20 C:/laragon/www/usama-fandaqah/vendor/laravel/framework/src/Illuminate/Routing/Route.php(266): Illuminate/Routing/ControllerDispatcher->dispatch(Object(Illuminate/Routing/Route), Object(App/Http/Controllers/Api/ReservationController), 'show')
#21 C:/laragon/www/usama-fandaqah/vendor/laravel/framework/src/Illuminate/Routing/Route.php(212): Illuminate/Routing/Route->runController()
#22 C:/laragon/www/usama-fandaqah/vendor/laravel/framework/src/Illuminate/Routing/Router.php(808): Illuminate/Routing/Route->run()
#23 C:/laragon/www/usama-fandaqah/vendor/laravel/framework/src/Illuminate/Pipeline/Pipeline.php(170): Illuminate/Routing/Router->Illuminate/Routing/{closure}(Object(Illuminate/Http/Request))
#24 C:/laragon/www/usama-fandaqah/vendor/laravel/framework/src/Illuminate/Routing/Middleware/SubstituteBindings.php(51): Illuminate/Pipeline/Pipeline->Illuminate/Pipeline/{closure}(Object(Illuminate/Http/Request))
#25 C:/laragon/www/usama-fandaqah/vendor/laravel/framework/src/Illuminate/Pipeline/Pipeline.php(209): Illuminate/Routing/Middleware/SubstituteBindings->handle(Object(Illuminate/Http/Request), Object(Closure))
#26 C:/laragon/www/usama-fandaqah/vendor/laravel/framework/src/Illuminate/Auth/Middleware/Authenticate.php(64): Illuminate/Pipeline/Pipeline->Illuminate/Pipeline/{closure}(Object(Illuminate/Http/Request))
#27 C:/laragon/www/usama-fandaqah/vendor/laravel/framework/src/Illuminate/Pipeline/Pipeline.php(209): Illuminate/Auth/Middleware/Authenticate->handle(Object(Illuminate/Http/Request), Object(Closure), 'sanctum')
#28 C:/laragon/www/usama-fandaqah/vendor/laravel/framework/src/Illuminate/Pipeline/Pipeline.php(127): Illuminate/Pipeline/Pipeline->Illuminate/Pipeline/{closure}(Object(Illuminate/Http/Request))
#29 C:/laragon/www/usama-fandaqah/vendor/laravel/framework/src/Illuminate/Routing/Router.php(807): Illuminate/Pipeline/Pipeline->then(Object(Closure))
#30 C:/laragon/www/usama-fandaqah/vendor/laravel/framework/src/Illuminate/Routing/Router.php(786): Illuminate/Routing/Router->runRouteWithinStack(Object(Illuminate/Routing/Route), Object(Illuminate/Http/Request))
#31 C:/laragon/www/usama-fandaqah/vendor/laravel/framework/src/Illuminate/Routing/Router.php(750): Illuminate/Routing/Router->runRoute(Object(Illuminate/Http/Request), Object(Illuminate/Routing/Route))
#32 C:/laragon/www/usama-fandaqah/vendor/laravel/framework/src/Illuminate/Routing/Router.php(739): Illuminate/Routing/Router->dispatchToRoute(Object(Illuminate/Http/Request))
#33 C:/laragon/www/usama-fandaqah/vendor/laravel/framework/src/Illuminate/Foundation/Http/Kernel.php(201): Illuminate/Routing/Router->dispatch(Object(Illuminate/Http/Request))
#34 C:/laragon/www/usama-fandaqah/vendor/laravel/framework/src/Illuminate/Pipeline/Pipeline.php(170): Illuminate/Foundation/Http/Kernel->Illuminate/Foundation/Http/{closure}(Object(Illuminate/Http/Request))
#35 C:/laragon/www/usama-fandaqah/laravelnova/src/Http/Middleware/ServeNova.php(23): Illuminate/Pipeline/Pipeline->Illuminate/Pipeline/{closure}(Object(Illuminate/Http/Request))
#36 C:/laragon/www/usama-fandaqah/vendor/laravel/framework/src/Illuminate/Pipeline/Pipeline.php(209): Laravel/Nova/Http/Middleware/ServeNova->handle(Object(Illuminate/Http/Request), Object(Closure))
#37 C:/laragon/www/usama-fandaqah/vendor/laravel/framework/src/Illuminate/Foundation/Http/Middleware/TransformsRequest.php(21): Illuminate/Pipeline/Pipeline->Illuminate/Pipeline/{closure}(Object(Illuminate/Http/Request))
#38 C:/laragon/www/usama-fandaqah/vendor/laravel/framework/src/Illuminate/Foundation/Http/Middleware/ConvertEmptyStringsToNull.php(31): Illuminate/Foundation/Http/Middleware/TransformsRequest->handle(Object(Illuminate/Http/Request), Object(Closure))
#39 C:/laragon/www/usama-fandaqah/vendor/laravel/framework/src/Illuminate/Pipeline/Pipeline.php(209): Illuminate/Foundation/Http/Middleware/ConvertEmptyStringsToNull->handle(Object(Illuminate/Http/Request), Object(Closure))
#40 C:/laragon/www/usama-fandaqah/vendor/laravel/framework/src/Illuminate/Foundation/Http/Middleware/TransformsRequest.php(21): Illuminate/Pipeline/Pipeline->Illuminate/Pipeline/{closure}(Object(Illuminate/Http/Request))
#41 C:/laragon/www/usama-fandaqah/vendor/laravel/framework/src/Illuminate/Foundation/Http/Middleware/TrimStrings.php(51): Illuminate/Foundation/Http/Middleware/TransformsRequest->handle(Object(Illuminate/Http/Request), Object(Closure))
#42 C:/laragon/www/usama-fandaqah/vendor/laravel/framework/src/Illuminate/Pipeline/Pipeline.php(209): Illuminate/Foundation/Http/Middleware/TrimStrings->handle(Object(Illuminate/Http/Request), Object(Closure))
#43 C:/laragon/www/usama-fandaqah/vendor/laravel/framework/src/Illuminate/Http/Middleware/ValidatePostSize.php(27): Illuminate/Pipeline/Pipeline->Illuminate/Pipeline/{closure}(Object(Illuminate/Http/Request))
#44 C:/laragon/www/usama-fandaqah/vendor/laravel/framework/src/Illuminate/Pipeline/Pipeline.php(209): Illuminate/Http/Middleware/ValidatePostSize->handle(Object(Illuminate/Http/Request), Object(Closure))
#45 C:/laragon/www/usama-fandaqah/vendor/laravel/framework/src/Illuminate/Foundation/Http/Middleware/PreventRequestsDuringMaintenance.php(110): Illuminate/Pipeline/Pipeline->Illuminate/Pipeline/{closure}(Object(Illuminate/Http/Request))
#46 C:/laragon/www/usama-fandaqah/vendor/laravel/framework/src/Illuminate/Pipeline/Pipeline.php(209): Illuminate/Foundation/Http/Middleware/PreventRequestsDuringMaintenance->handle(Object(Illuminate/Http/Request), Object(Closure))
#47 C:/laragon/www/usama-fandaqah/vendor/laravel/framework/src/Illuminate/Http/Middleware/HandleCors.php(62): Illuminate/Pipeline/Pipeline->Illuminate/Pipeline/{closure}(Object(Illuminate/Http/Request))
#48 C:/laragon/www/usama-fandaqah/vendor/laravel/framework/src/Illuminate/Pipeline/Pipeline.php(209): Illuminate/Http/Middleware/HandleCors->handle(Object(Illuminate/Http/Request), Object(Closure))
#49 C:/laragon/www/usama-fandaqah/vendor/laravel/framework/src/Illuminate/Http/Middleware/TrustProxies.php(58): Illuminate/Pipeline/Pipeline->Illuminate/Pipeline/{closure}(Object(Illuminate/Http/Request))
#50 C:/laragon/www/usama-fandaqah/vendor/laravel/framework/src/Illuminate/Pipeline/Pipeline.php(209): Illuminate/Http/Middleware/TrustProxies->handle(Object(Illuminate/Http/Request), Object(Closure))
#51 C:/laragon/www/usama-fandaqah/vendor/laravel/framework/src/Illuminate/Foundation/Http/Middleware/InvokeDeferredCallbacks.php(22): Illuminate/Pipeline/Pipeline->Illuminate/Pipeline/{closure}(Object(Illuminate/Http/Request))
#52 C:/laragon/www/usama-fandaqah/vendor/laravel/framework/src/Illuminate/Pipeline/Pipeline.php(209): Illuminate/Foundation/Http/Middleware/InvokeDeferredCallbacks->handle(Object(Illuminate/Http/Request), Object(Closure))
#53 C:/laragon/www/usama-fandaqah/vendor/laravel/framework/src/Illuminate/Pipeline/Pipeline.php(127): Illuminate/Pipeline/Pipeline->Illuminate/Pipeline/{closure}(Object(Illuminate/Http/Request))
#54 C:/laragon/www/usama-fandaqah/vendor/laravel/framework/src/Illuminate/Foundation/Http/Kernel.php(176): Illuminate/Pipeline/Pipeline->then(Object(Closure))
#55 C:/laragon/www/usama-fandaqah/vendor/laravel/framework/src/Illuminate/Foundation/Http/Kernel.php(145): Illuminate/Foundation/Http/Kernel->sendRequestThroughRouter(Object(Illuminate/Http/Request))
#56 C:/laragon/www/usama-fandaqah/public/index.php(54): Illuminate/Foundation/Http/Kernel->handle(Object(Illuminate/Http/Request))
#57 {main}
"} 
[2026-05-20 10:11:55] local.ERROR: SQLSTATE[42S22]: Column not found: 1054 Unknown column 'is_online' in 'where clause' (Connection: mysql, SQL: select count(*) as aggregate from `reservations` where `team_id` = 1 and `is_online` = 1 and `reservations`.`deleted_at` is null and `team_id` = 1) {"userId":1,"exception":"[object] (Illuminate\\Database\\QueryException(code: 42S22): SQLSTATE[42S22]: Column not found: 1054 Unknown column 'is_online' in 'where clause' (Connection: mysql, SQL: select count(*) as aggregate from `reservations` where `team_id` = 1 and `is_online` = 1 and `reservations`.`deleted_at` is null and `team_id` = 1) at C:/laragon/www/usama-fandaqah/vendor/laravel/framework/src/Illuminate/Database/Connection.php:825)
[stacktrace]
#0 C:/laragon/www/usama-fandaqah/vendor/laravel/framework/src/Illuminate/Database/Connection.php(779): Illuminate/Database/Connection->runQueryCallback('select count(*)...', Array, Object(Closure))
#1 C:/laragon/www/usama-fandaqah/vendor/laravel/framework/src/Illuminate/Database/Connection.php(398): Illuminate/Database/Connection->run('select count(*)...', Array, Object(Closure))
#2 C:/laragon/www/usama-fandaqah/vendor/laravel/framework/src/Illuminate/Database/Query/Builder.php(3106): Illuminate/Database/Connection->select('select count(*)...', Array, true)
#3 C:/laragon/www/usama-fandaqah/vendor/laravel/framework/src/Illuminate/Database/Query/Builder.php(3091): Illuminate/Database/Query/Builder->runSelect()
#4 C:/laragon/www/usama-fandaqah/vendor/laravel/framework/src/Illuminate/Database/Query/Builder.php(3676): Illuminate/Database/Query/Builder->Illuminate/Database/Query/{closure}()
#5 C:/laragon/www/usama-fandaqah/vendor/laravel/framework/src/Illuminate/Database/Query/Builder.php(3090): Illuminate/Database/Query/Builder->onceWithColumns(Array, Object(Closure))
#6 C:/laragon/www/usama-fandaqah/vendor/laravel/framework/src/Illuminate/Database/Query/Builder.php(3285): Illuminate/Database/Query/Builder->get()
#7 C:/laragon/www/usama-fandaqah/vendor/laravel/framework/src/Illuminate/Database/Query/Builder.php(3244): Illuminate/Database/Query/Builder->runPaginationCountQuery(Array)
#8 C:/laragon/www/usama-fandaqah/vendor/laravel/framework/src/Illuminate/Database/Eloquent/Builder.php(1029): Illuminate/Database/Query/Builder->getCountForPagination()
#9 C:/laragon/www/usama-fandaqah/app/Services/ReservationService.php(287): Illuminate/Database/Eloquent/Builder->paginate('25')
#10 C:/laragon/www/usama-fandaqah/app/Http/Controllers/Api/ReservationController.php(175): App/Services/ReservationService->getOnlineReservations(Array)
#11 C:/laragon/www/usama-fandaqah/vendor/laravel/framework/src/Illuminate/Routing/ControllerDispatcher.php(47): App/Http/Controllers/Api/ReservationController->online(Object(Illuminate/Http/Request))
#12 C:/laragon/www/usama-fandaqah/vendor/laravel/framework/src/Illuminate/Routing/Route.php(266): Illuminate/Routing/ControllerDispatcher->dispatch(Object(Illuminate/Routing/Route), Object(App/Http/Controllers/Api/ReservationController), 'online')
#13 C:/laragon/www/usama-fandaqah/vendor/laravel/framework/src/Illuminate/Routing/Route.php(212): Illuminate/Routing/Route->runController()
#14 C:/laragon/www/usama-fandaqah/vendor/laravel/framework/src/Illuminate/Routing/Router.php(808): Illuminate/Routing/Route->run()
#15 C:/laragon/www/usama-fandaqah/vendor/laravel/framework/src/Illuminate/Pipeline/Pipeline.php(170): Illuminate/Routing/Router->Illuminate/Routing/{closure}(Object(Illuminate/Http/Request))
#16 C:/laragon/www/usama-fandaqah/vendor/laravel/framework/src/Illuminate/Routing/Middleware/SubstituteBindings.php(51): Illuminate/Pipeline/Pipeline->Illuminate/Pipeline/{closure}(Object(Illuminate/Http/Request))
#17 C:/laragon/www/usama-fandaqah/vendor/laravel/framework/src/Illuminate/Pipeline/Pipeline.php(209): Illuminate/Routing/Middleware/SubstituteBindings->handle(Object(Illuminate/Http/Request), Object(Closure))
#18 C:/laragon/www/usama-fandaqah/vendor/laravel/framework/src/Illuminate/Auth/Middleware/Authenticate.php(64): Illuminate/Pipeline/Pipeline->Illuminate/Pipeline/{closure}(Object(Illuminate/Http/Request))
#19 C:/laragon/www/usama-fandaqah/vendor/laravel/framework/src/Illuminate/Pipeline/Pipeline.php(209): Illuminate/Auth/Middleware/Authenticate->handle(Object(Illuminate/Http/Request), Object(Closure), 'sanctum')
#20 C:/laragon/www/usama-fandaqah/vendor/laravel/framework/src/Illuminate/Pipeline/Pipeline.php(127): Illuminate/Pipeline/Pipeline->Illuminate/Pipeline/{closure}(Object(Illuminate/Http/Request))
#21 C:/laragon/www/usama-fandaqah/vendor/laravel/framework/src/Illuminate/Routing/Router.php(807): Illuminate/Pipeline/Pipeline->then(Object(Closure))
#22 C:/laragon/www/usama-fandaqah/vendor/laravel/framework/src/Illuminate/Routing/Router.php(786): Illuminate/Routing/Router->runRouteWithinStack(Object(Illuminate/Routing/Route), Object(Illuminate/Http/Request))
#23 C:/laragon/www/usama-fandaqah/vendor/laravel/framework/src/Illuminate/Routing/Router.php(750): Illuminate/Routing/Router->runRoute(Object(Illuminate/Http/Request), Object(Illuminate/Routing/Route))
#24 C:/laragon/www/usama-fandaqah/vendor/laravel/framework/src/Illuminate/Routing/Router.php(739): Illuminate/Routing/Router->dispatchToRoute(Object(Illuminate/Http/Request))
#25 C:/laragon/www/usama-fandaqah/vendor/laravel/framework/src/Illuminate/Foundation/Http/Kernel.php(201): Illuminate/Routing/Router->dispatch(Object(Illuminate/Http/Request))
#26 C:/laragon/www/usama-fandaqah/vendor/laravel/framework/src/Illuminate/Pipeline/Pipeline.php(170): Illuminate/Foundation/Http/Kernel->Illuminate/Foundation/Http/{closure}(Object(Illuminate/Http/Request))
#27 C:/laragon/www/usama-fandaqah/laravelnova/src/Http/Middleware/ServeNova.php(23): Illuminate/Pipeline/Pipeline->Illuminate/Pipeline/{closure}(Object(Illuminate/Http/Request))
#28 C:/laragon/www/usama-fandaqah/vendor/laravel/framework/src/Illuminate/Pipeline/Pipeline.php(209): Laravel/Nova/Http/Middleware/ServeNova->handle(Object(Illuminate/Http/Request), Object(Closure))
#29 C:/laragon/www/usama-fandaqah/vendor/laravel/framework/src/Illuminate/Foundation/Http/Middleware/TransformsRequest.php(21): Illuminate/Pipeline/Pipeline->Illuminate/Pipeline/{closure}(Object(Illuminate/Http/Request))
#30 C:/laragon/www/usama-fandaqah/vendor/laravel/framework/src/Illuminate/Foundation/Http/Middleware/ConvertEmptyStringsToNull.php(31): Illuminate/Foundation/Http/Middleware/TransformsRequest->handle(Object(Illuminate/Http/Request), Object(Closure))
#31 C:/laragon/www/usama-fandaqah/vendor/laravel/framework/src/Illuminate/Pipeline/Pipeline.php(209): Illuminate/Foundation/Http/Middleware/ConvertEmptyStringsToNull->handle(Object(Illuminate/Http/Request), Object(Closure))
#32 C:/laragon/www/usama-fandaqah/vendor/laravel/framework/src/Illuminate/Foundation/Http/Middleware/TransformsRequest.php(21): Illuminate/Pipeline/Pipeline->Illuminate/Pipeline/{closure}(Object(Illuminate/Http/Request))
#33 C:/laragon/www/usama-fandaqah/vendor/laravel/framework/src/Illuminate/Foundation/Http/Middleware/TrimStrings.php(51): Illuminate/Foundation/Http/Middleware/TransformsRequest->handle(Object(Illuminate/Http/Request), Object(Closure))
#34 C:/laragon/www/usama-fandaqah/vendor/laravel/framework/src/Illuminate/Pipeline/Pipeline.php(209): Illuminate/Foundation/Http/Middleware/TrimStrings->handle(Object(Illuminate/Http/Request), Object(Closure))
#35 C:/laragon/www/usama-fandaqah/vendor/laravel/framework/src/Illuminate/Http/Middleware/ValidatePostSize.php(27): Illuminate/Pipeline/Pipeline->Illuminate/Pipeline/{closure}(Object(Illuminate/Http/Request))
#36 C:/laragon/www/usama-fandaqah/vendor/laravel/framework/src/Illuminate/Pipeline/Pipeline.php(209): Illuminate/Http/Middleware/ValidatePostSize->handle(Object(Illuminate/Http/Request), Object(Closure))
#37 C:/laragon/www/usama-fandaqah/vendor/laravel/framework/src/Illuminate/Foundation/Http/Middleware/PreventRequestsDuringMaintenance.php(110): Illuminate/Pipeline/Pipeline->Illuminate/Pipeline/{closure}(Object(Illuminate/Http/Request))
#38 C:/laragon/www/usama-fandaqah/vendor/laravel/framework/src/Illuminate/Pipeline/Pipeline.php(209): Illuminate/Foundation/Http/Middleware/PreventRequestsDuringMaintenance->handle(Object(Illuminate/Http/Request), Object(Closure))
#39 C:/laragon/www/usama-fandaqah/vendor/laravel/framework/src/Illuminate/Http/Middleware/HandleCors.php(62): Illuminate/Pipeline/Pipeline->Illuminate/Pipeline/{closure}(Object(Illuminate/Http/Request))
#40 C:/laragon/www/usama-fandaqah/vendor/laravel/framework/src/Illuminate/Pipeline/Pipeline.php(209): Illuminate/Http/Middleware/HandleCors->handle(Object(Illuminate/Http/Request), Object(Closure))
#41 C:/laragon/www/usama-fandaqah/vendor/laravel/framework/src/Illuminate/Http/Middleware/TrustProxies.php(58): Illuminate/Pipeline/Pipeline->Illuminate/Pipeline/{closure}(Object(Illuminate/Http/Request))
#42 C:/laragon/www/usama-fandaqah/vendor/laravel/framework/src/Illuminate/Pipeline/Pipeline.php(209): Illuminate/Http/Middleware/TrustProxies->handle(Object(Illuminate/Http/Request), Object(Closure))
#43 C:/laragon/www/usama-fandaqah/vendor/laravel/framework/src/Illuminate/Foundation/Http/Middleware/InvokeDeferredCallbacks.php(22): Illuminate/Pipeline/Pipeline->Illuminate/Pipeline/{closure}(Object(Illuminate/Http/Request))
#44 C:/laragon/www/usama-fandaqah/vendor/laravel/framework/src/Illuminate/Pipeline/Pipeline.php(209): Illuminate/Foundation/Http/Middleware/InvokeDeferredCallbacks->handle(Object(Illuminate/Http/Request), Object(Closure))
#45 C:/laragon/www/usama-fandaqah/vendor/laravel/framework/src/Illuminate/Pipeline/Pipeline.php(127): Illuminate/Pipeline/Pipeline->Illuminate/Pipeline/{closure}(Object(Illuminate/Http/Request))
#46 C:/laragon/www/usama-fandaqah/vendor/laravel/framework/src/Illuminate/Foundation/Http/Kernel.php(176): Illuminate/Pipeline/Pipeline->then(Object(Closure))
#47 C:/laragon/www/usama-fandaqah/vendor/laravel/framework/src/Illuminate/Foundation/Http/Kernel.php(145): Illuminate/Foundation/Http/Kernel->sendRequestThroughRouter(Object(Illuminate/Http/Request))
#48 C:/laragon/www/usama-fandaqah/public/index.php(54): Illuminate/Foundation/Http/Kernel->handle(Object(Illuminate/Http/Request))
#49 {main}

[previous exception] [object] (PDOException(code: 42S22): SQLSTATE[42S22]: Column not found: 1054 Unknown column 'is_online' in 'where clause' at C:/laragon/www/usama-fandaqah/vendor/laravel/framework/src/Illuminate/Database/Connection.php:407)
[stacktrace]
#0 C:/laragon/www/usama-fandaqah/vendor/laravel/framework/src/Illuminate/Database/Connection.php(407): PDO->prepare('select count(*)...')
#1 C:/laragon/www/usama-fandaqah/vendor/laravel/framework/src/Illuminate/Database/Connection.php(812): Illuminate/Database/Connection->Illuminate/Database/{closure}('select count(*)...', Array)
#2 C:/laragon/www/usama-fandaqah/vendor/laravel/framework/src/Illuminate/Database/Connection.php(779): Illuminate/Database/Connection->runQueryCallback('select count(*)...', Array, Object(Closure))
#3 C:/laragon/www/usama-fandaqah/vendor/laravel/framework/src/Illuminate/Database/Connection.php(398): Illuminate/Database/Connection->run('select count(*)...', Array, Object(Closure))
#4 C:/laragon/www/usama-fandaqah/vendor/laravel/framework/src/Illuminate/Database/Query/Builder.php(3106): Illuminate/Database/Connection->select('select count(*)...', Array, true)
#5 C:/laragon/www/usama-fandaqah/vendor/laravel/framework/src/Illuminate/Database/Query/Builder.php(3091): Illuminate/Database/Query/Builder->runSelect()
#6 C:/laragon/www/usama-fandaqah/vendor/laravel/framework/src/Illuminate/Database/Query/Builder.php(3676): Illuminate/Database/Query/Builder->Illuminate/Database/Query/{closure}()
#7 C:/laragon/www/usama-fandaqah/vendor/laravel/framework/src/Illuminate/Database/Query/Builder.php(3090): Illuminate/Database/Query/Builder->onceWithColumns(Array, Object(Closure))
#8 C:/laragon/www/usama-fandaqah/vendor/laravel/framework/src/Illuminate/Database/Query/Builder.php(3285): Illuminate/Database/Query/Builder->get()
#9 C:/laragon/www/usama-fandaqah/vendor/laravel/framework/src/Illuminate/Database/Query/Builder.php(3244): Illuminate/Database/Query/Builder->runPaginationCountQuery(Array)
#10 C:/laragon/www/usama-fandaqah/vendor/laravel/framework/src/Illuminate/Database/Eloquent/Builder.php(1029): Illuminate/Database/Query/Builder->getCountForPagination()
#11 C:/laragon/www/usama-fandaqah/app/Services/ReservationService.php(287): Illuminate/Database/Eloquent/Builder->paginate('25')
#12 C:/laragon/www/usama-fandaqah/app/Http/Controllers/Api/ReservationController.php(175): App/Services/ReservationService->getOnlineReservations(Array)
#13 C:/laragon/www/usama-fandaqah/vendor/laravel/framework/src/Illuminate/Routing/ControllerDispatcher.php(47): App/Http/Controllers/Api/ReservationController->online(Object(Illuminate/Http/Request))
#14 C:/laragon/www/usama-fandaqah/vendor/laravel/framework/src/Illuminate/Routing/Route.php(266): Illuminate/Routing/ControllerDispatcher->dispatch(Object(Illuminate/Routing/Route), Object(App/Http/Controllers/Api/ReservationController), 'online')
#15 C:/laragon/www/usama-fandaqah/vendor/laravel/framework/src/Illuminate/Routing/Route.php(212): Illuminate/Routing/Route->runController()
#16 C:/laragon/www/usama-fandaqah/vendor/laravel/framework/src/Illuminate/Routing/Router.php(808): Illuminate/Routing/Route->run()
#17 C:/laragon/www/usama-fandaqah/vendor/laravel/framework/src/Illuminate/Pipeline/Pipeline.php(170): Illuminate/Routing/Router->Illuminate/Routing/{closure}(Object(Illuminate/Http/Request))
#18 C:/laragon/www/usama-fandaqah/vendor/laravel/framework/src/Illuminate/Routing/Middleware/SubstituteBindings.php(51): Illuminate/Pipeline/Pipeline->Illuminate/Pipeline/{closure}(Object(Illuminate/Http/Request))
#19 C:/laragon/www/usama-fandaqah/vendor/laravel/framework/src/Illuminate/Pipeline/Pipeline.php(209): Illuminate/Routing/Middleware/SubstituteBindings->handle(Object(Illuminate/Http/Request), Object(Closure))
#20 C:/laragon/www/usama-fandaqah/vendor/laravel/framework/src/Illuminate/Auth/Middleware/Authenticate.php(64): Illuminate/Pipeline/Pipeline->Illuminate/Pipeline/{closure}(Object(Illuminate/Http/Request))
#21 C:/laragon/www/usama-fandaqah/vendor/laravel/framework/src/Illuminate/Pipeline/Pipeline.php(209): Illuminate/Auth/Middleware/Authenticate->handle(Object(Illuminate/Http/Request), Object(Closure), 'sanctum')
#22 C:/laragon/www/usama-fandaqah/vendor/laravel/framework/src/Illuminate/Pipeline/Pipeline.php(127): Illuminate/Pipeline/Pipeline->Illuminate/Pipeline/{closure}(Object(Illuminate/Http/Request))
#23 C:/laragon/www/usama-fandaqah/vendor/laravel/framework/src/Illuminate/Routing/Router.php(807): Illuminate/Pipeline/Pipeline->then(Object(Closure))
#24 C:/laragon/www/usama-fandaqah/vendor/laravel/framework/src/Illuminate/Routing/Router.php(786): Illuminate/Routing/Router->runRouteWithinStack(Object(Illuminate/Routing/Route), Object(Illuminate/Http/Request))
#25 C:/laragon/www/usama-fandaqah/vendor/laravel/framework/src/Illuminate/Routing/Router.php(750): Illuminate/Routing/Router->runRoute(Object(Illuminate/Http/Request), Object(Illuminate/Routing/Route))
#26 C:/laragon/www/usama-fandaqah/vendor/laravel/framework/src/Illuminate/Routing/Router.php(739): Illuminate/Routing/Router->dispatchToRoute(Object(Illuminate/Http/Request))
#27 C:/laragon/www/usama-fandaqah/vendor/laravel/framework/src/Illuminate/Foundation/Http/Kernel.php(201): Illuminate/Routing/Router->dispatch(Object(Illuminate/Http/Request))
#28 C:/laragon/www/usama-fandaqah/vendor/laravel/framework/src/Illuminate/Pipeline/Pipeline.php(170): Illuminate/Foundation/Http/Kernel->Illuminate/Foundation/Http/{closure}(Object(Illuminate/Http/Request))
#29 C:/laragon/www/usama-fandaqah/laravelnova/src/Http/Middleware/ServeNova.php(23): Illuminate/Pipeline/Pipeline->Illuminate/Pipeline/{closure}(Object(Illuminate/Http/Request))
#30 C:/laragon/www/usama-fandaqah/vendor/laravel/framework/src/Illuminate/Pipeline/Pipeline.php(209): Laravel/Nova/Http/Middleware/ServeNova->handle(Object(Illuminate/Http/Request), Object(Closure))
#31 C:/laragon/www/usama-fandaqah/vendor/laravel/framework/src/Illuminate/Foundation/Http/Middleware/TransformsRequest.php(21): Illuminate/Pipeline/Pipeline->Illuminate/Pipeline/{closure}(Object(Illuminate/Http/Request))
#32 C:/laragon/www/usama-fandaqah/vendor/laravel/framework/src/Illuminate/Foundation/Http/Middleware/ConvertEmptyStringsToNull.php(31): Illuminate/Foundation/Http/Middleware/TransformsRequest->handle(Object(Illuminate/Http/Request), Object(Closure))
#33 C:/laragon/www/usama-fandaqah/vendor/laravel/framework/src/Illuminate/Pipeline/Pipeline.php(209): Illuminate/Foundation/Http/Middleware/ConvertEmptyStringsToNull->handle(Object(Illuminate/Http/Request), Object(Closure))
#34 C:/laragon/www/usama-fandaqah/vendor/laravel/framework/src/Illuminate/Foundation/Http/Middleware/TransformsRequest.php(21): Illuminate/Pipeline/Pipeline->Illuminate/Pipeline/{closure}(Object(Illuminate/Http/Request))
#35 C:/laragon/www/usama-fandaqah/vendor/laravel/framework/src/Illuminate/Foundation/Http/Middleware/TrimStrings.php(51): Illuminate/Foundation/Http/Middleware/TransformsRequest->handle(Object(Illuminate/Http/Request), Object(Closure))
#36 C:/laragon/www/usama-fandaqah/vendor/laravel/framework/src/Illuminate/Pipeline/Pipeline.php(209): Illuminate/Foundation/Http/Middleware/TrimStrings->handle(Object(Illuminate/Http/Request), Object(Closure))
#37 C:/laragon/www/usama-fandaqah/vendor/laravel/framework/src/Illuminate/Http/Middleware/ValidatePostSize.php(27): Illuminate/Pipeline/Pipeline->Illuminate/Pipeline/{closure}(Object(Illuminate/Http/Request))
#38 C:/laragon/www/usama-fandaqah/vendor/laravel/framework/src/Illuminate/Pipeline/Pipeline.php(209): Illuminate/Http/Middleware/ValidatePostSize->handle(Object(Illuminate/Http/Request), Object(Closure))
#39 C:/laragon/www/usama-fandaqah/vendor/laravel/framework/src/Illuminate/Foundation/Http/Middleware/PreventRequestsDuringMaintenance.php(110): Illuminate/Pipeline/Pipeline->Illuminate/Pipeline/{closure}(Object(Illuminate/Http/Request))
#40 C:/laragon/www/usama-fandaqah/vendor/laravel/framework/src/Illuminate/Pipeline/Pipeline.php(209): Illuminate/Foundation/Http/Middleware/PreventRequestsDuringMaintenance->handle(Object(Illuminate/Http/Request), Object(Closure))
#41 C:/laragon/www/usama-fandaqah/vendor/laravel/framework/src/Illuminate/Http/Middleware/HandleCors.php(62): Illuminate/Pipeline/Pipeline->Illuminate/Pipeline/{closure}(Object(Illuminate/Http/Request))
#42 C:/laragon/www/usama-fandaqah/vendor/laravel/framework/src/Illuminate/Pipeline/Pipeline.php(209): Illuminate/Http/Middleware/HandleCors->handle(Object(Illuminate/Http/Request), Object(Closure))
#43 C:/laragon/www/usama-fandaqah/vendor/laravel/framework/src/Illuminate/Http/Middleware/TrustProxies.php(58): Illuminate/Pipeline/Pipeline->Illuminate/Pipeline/{closure}(Object(Illuminate/Http/Request))
#44 C:/laragon/www/usama-fandaqah/vendor/laravel/framework/src/Illuminate/Pipeline/Pipeline.php(209): Illuminate/Http/Middleware/TrustProxies->handle(Object(Illuminate/Http/Request), Object(Closure))
#45 C:/laragon/www/usama-fandaqah/vendor/laravel/framework/src/Illuminate/Foundation/Http/Middleware/InvokeDeferredCallbacks.php(22): Illuminate/Pipeline/Pipeline->Illuminate/Pipeline/{closure}(Object(Illuminate/Http/Request))
#46 C:/laragon/www/usama-fandaqah/vendor/laravel/framework/src/Illuminate/Pipeline/Pipeline.php(209): Illuminate/Foundation/Http/Middleware/InvokeDeferredCallbacks->handle(Object(Illuminate/Http/Request), Object(Closure))
#47 C:/laragon/www/usama-fandaqah/vendor/laravel/framework/src/Illuminate/Pipeline/Pipeline.php(127): Illuminate/Pipeline/Pipeline->Illuminate/Pipeline/{closure}(Object(Illuminate/Http/Request))
#48 C:/laragon/www/usama-fandaqah/vendor/laravel/framework/src/Illuminate/Foundation/Http/Kernel.php(176): Illuminate/Pipeline/Pipeline->then(Object(Closure))
#49 C:/laragon/www/usama-fandaqah/vendor/laravel/framework/src/Illuminate/Foundation/Http/Kernel.php(145): Illuminate/Foundation/Http/Kernel->sendRequestThroughRouter(Object(Illuminate/Http/Request))
#50 C:/laragon/www/usama-fandaqah/public/index.php(54): Illuminate/Foundation/Http/Kernel->handle(Object(Illuminate/Http/Request))
#51 {main}
"} 
[2026-05-20 10:13:15] local.ERROR: SQLSTATE[42S22]: Column not found: 1054 Unknown column 'date' in 'order clause' (Connection: mysql, SQL: select * from `turnaway_logs` where `team_id` = 1 and `team_id` = 1 order by `date` desc limit 20 offset 0) {"userId":1,"exception":"[object] (Illuminate\\Database\\QueryException(code: 42S22): SQLSTATE[42S22]: Column not found: 1054 Unknown column 'date' in 'order clause' (Connection: mysql, SQL: select * from `turnaway_logs` where `team_id` = 1 and `team_id` = 1 order by `date` desc limit 20 offset 0) at C:/laragon/www/usama-fandaqah/vendor/laravel/framework/src/Illuminate/Database/Connection.php:825)
[stacktrace]
#0 C:/laragon/www/usama-fandaqah/vendor/laravel/framework/src/Illuminate/Database/Connection.php(779): Illuminate/Database/Connection->runQueryCallback('select * from `...', Array, Object(Closure))
#1 C:/laragon/www/usama-fandaqah/vendor/laravel/framework/src/Illuminate/Database/Connection.php(398): Illuminate/Database/Connection->run('select * from `...', Array, Object(Closure))
#2 C:/laragon/www/usama-fandaqah/vendor/laravel/framework/src/Illuminate/Database/Query/Builder.php(3106): Illuminate/Database/Connection->select('select * from `...', Array, true)
#3 C:/laragon/www/usama-fandaqah/vendor/laravel/framework/src/Illuminate/Database/Query/Builder.php(3091): Illuminate/Database/Query/Builder->runSelect()
#4 C:/laragon/www/usama-fandaqah/vendor/laravel/framework/src/Illuminate/Database/Query/Builder.php(3676): Illuminate/Database/Query/Builder->Illuminate/Database/Query/{closure}()
#5 C:/laragon/www/usama-fandaqah/vendor/laravel/framework/src/Illuminate/Database/Query/Builder.php(3090): Illuminate/Database/Query/Builder->onceWithColumns(Array, Object(Closure))
#6 C:/laragon/www/usama-fandaqah/vendor/laravel/framework/src/Illuminate/Database/Eloquent/Builder.php(811): Illuminate/Database/Query/Builder->get(Array)
#7 C:/laragon/www/usama-fandaqah/vendor/laravel/framework/src/Illuminate/Database/Eloquent/Builder.php(793): Illuminate/Database/Eloquent/Builder->getModels(Array)
#8 C:/laragon/www/usama-fandaqah/vendor/laravel/framework/src/Illuminate/Database/Eloquent/Builder.php(1034): Illuminate/Database/Eloquent/Builder->get(Array)
#9 C:/laragon/www/usama-fandaqah/app/Http/Controllers/Api/GuestsCompaniesController.php(343): Illuminate/Database/Eloquent/Builder->paginate(20)
#10 C:/laragon/www/usama-fandaqah/vendor/laravel/framework/src/Illuminate/Routing/ControllerDispatcher.php(47): App/Http/Controllers/Api/GuestsCompaniesController->turnawayLogsIndex(Object(Illuminate/Http/Request))
#11 C:/laragon/www/usama-fandaqah/vendor/laravel/framework/src/Illuminate/Routing/Route.php(266): Illuminate/Routing/ControllerDispatcher->dispatch(Object(Illuminate/Routing/Route), Object(App/Http/Controllers/Api/GuestsCompaniesController), 'turnawayLogsInd...')
#12 C:/laragon/www/usama-fandaqah/vendor/laravel/framework/src/Illuminate/Routing/Route.php(212): Illuminate/Routing/Route->runController()
#13 C:/laragon/www/usama-fandaqah/vendor/laravel/framework/src/Illuminate/Routing/Router.php(808): Illuminate/Routing/Route->run()
#14 C:/laragon/www/usama-fandaqah/vendor/laravel/framework/src/Illuminate/Pipeline/Pipeline.php(170): Illuminate/Routing/Router->Illuminate/Routing/{closure}(Object(Illuminate/Http/Request))
#15 C:/laragon/www/usama-fandaqah/vendor/laravel/framework/src/Illuminate/Routing/Middleware/SubstituteBindings.php(51): Illuminate/Pipeline/Pipeline->Illuminate/Pipeline/{closure}(Object(Illuminate/Http/Request))
#16 C:/laragon/www/usama-fandaqah/vendor/laravel/framework/src/Illuminate/Pipeline/Pipeline.php(209): Illuminate/Routing/Middleware/SubstituteBindings->handle(Object(Illuminate/Http/Request), Object(Closure))
#17 C:/laragon/www/usama-fandaqah/vendor/laravel/framework/src/Illuminate/Auth/Middleware/Authenticate.php(64): Illuminate/Pipeline/Pipeline->Illuminate/Pipeline/{closure}(Object(Illuminate/Http/Request))
#18 C:/laragon/www/usama-fandaqah/vendor/laravel/framework/src/Illuminate/Pipeline/Pipeline.php(209): Illuminate/Auth/Middleware/Authenticate->handle(Object(Illuminate/Http/Request), Object(Closure), 'sanctum')
#19 C:/laragon/www/usama-fandaqah/vendor/laravel/framework/src/Illuminate/Pipeline/Pipeline.php(127): Illuminate/Pipeline/Pipeline->Illuminate/Pipeline/{closure}(Object(Illuminate/Http/Request))
#20 C:/laragon/www/usama-fandaqah/vendor/laravel/framework/src/Illuminate/Routing/Router.php(807): Illuminate/Pipeline/Pipeline->then(Object(Closure))
#21 C:/laragon/www/usama-fandaqah/vendor/laravel/framework/src/Illuminate/Routing/Router.php(786): Illuminate/Routing/Router->runRouteWithinStack(Object(Illuminate/Routing/Route), Object(Illuminate/Http/Request))
#22 C:/laragon/www/usama-fandaqah/vendor/laravel/framework/src/Illuminate/Routing/Router.php(750): Illuminate/Routing/Router->runRoute(Object(Illuminate/Http/Request), Object(Illuminate/Routing/Route))
#23 C:/laragon/www/usama-fandaqah/vendor/laravel/framework/src/Illuminate/Routing/Router.php(739): Illuminate/Routing/Router->dispatchToRoute(Object(Illuminate/Http/Request))
#24 C:/laragon/www/usama-fandaqah/vendor/laravel/framework/src/Illuminate/Foundation/Http/Kernel.php(201): Illuminate/Routing/Router->dispatch(Object(Illuminate/Http/Request))
#25 C:/laragon/www/usama-fandaqah/vendor/laravel/framework/src/Illuminate/Pipeline/Pipeline.php(170): Illuminate/Foundation/Http/Kernel->Illuminate/Foundation/Http/{closure}(Object(Illuminate/Http/Request))
#26 C:/laragon/www/usama-fandaqah/laravelnova/src/Http/Middleware/ServeNova.php(23): Illuminate/Pipeline/Pipeline->Illuminate/Pipeline/{closure}(Object(Illuminate/Http/Request))
#27 C:/laragon/www/usama-fandaqah/vendor/laravel/framework/src/Illuminate/Pipeline/Pipeline.php(209): Laravel/Nova/Http/Middleware/ServeNova->handle(Object(Illuminate/Http/Request), Object(Closure))
#28 C:/laragon/www/usama-fandaqah/vendor/laravel/framework/src/Illuminate/Foundation/Http/Middleware/TransformsRequest.php(21): Illuminate/Pipeline/Pipeline->Illuminate/Pipeline/{closure}(Object(Illuminate/Http/Request))
#29 C:/laragon/www/usama-fandaqah/vendor/laravel/framework/src/Illuminate/Foundation/Http/Middleware/ConvertEmptyStringsToNull.php(31): Illuminate/Foundation/Http/Middleware/TransformsRequest->handle(Object(Illuminate/Http/Request), Object(Closure))
#30 C:/laragon/www/usama-fandaqah/vendor/laravel/framework/src/Illuminate/Pipeline/Pipeline.php(209): Illuminate/Foundation/Http/Middleware/ConvertEmptyStringsToNull->handle(Object(Illuminate/Http/Request), Object(Closure))
#31 C:/laragon/www/usama-fandaqah/vendor/laravel/framework/src/Illuminate/Foundation/Http/Middleware/TransformsRequest.php(21): Illuminate/Pipeline/Pipeline->Illuminate/Pipeline/{closure}(Object(Illuminate/Http/Request))
#32 C:/laragon/www/usama-fandaqah/vendor/laravel/framework/src/Illuminate/Foundation/Http/Middleware/TrimStrings.php(51): Illuminate/Foundation/Http/Middleware/TransformsRequest->handle(Object(Illuminate/Http/Request), Object(Closure))
#33 C:/laragon/www/usama-fandaqah/vendor/laravel/framework/src/Illuminate/Pipeline/Pipeline.php(209): Illuminate/Foundation/Http/Middleware/TrimStrings->handle(Object(Illuminate/Http/Request), Object(Closure))
#34 C:/laragon/www/usama-fandaqah/vendor/laravel/framework/src/Illuminate/Http/Middleware/ValidatePostSize.php(27): Illuminate/Pipeline/Pipeline->Illuminate/Pipeline/{closure}(Object(Illuminate/Http/Request))
#35 C:/laragon/www/usama-fandaqah/vendor/laravel/framework/src/Illuminate/Pipeline/Pipeline.php(209): Illuminate/Http/Middleware/ValidatePostSize->handle(Object(Illuminate/Http/Request), Object(Closure))
#36 C:/laragon/www/usama-fandaqah/vendor/laravel/framework/src/Illuminate/Foundation/Http/Middleware/PreventRequestsDuringMaintenance.php(110): Illuminate/Pipeline/Pipeline->Illuminate/Pipeline/{closure}(Object(Illuminate/Http/Request))
#37 C:/laragon/www/usama-fandaqah/vendor/laravel/framework/src/Illuminate/Pipeline/Pipeline.php(209): Illuminate/Foundation/Http/Middleware/PreventRequestsDuringMaintenance->handle(Object(Illuminate/Http/Request), Object(Closure))
#38 C:/laragon/www/usama-fandaqah/vendor/laravel/framework/src/Illuminate/Http/Middleware/HandleCors.php(62): Illuminate/Pipeline/Pipeline->Illuminate/Pipeline/{closure}(Object(Illuminate/Http/Request))
#39 C:/laragon/www/usama-fandaqah/vendor/laravel/framework/src/Illuminate/Pipeline/Pipeline.php(209): Illuminate/Http/Middleware/HandleCors->handle(Object(Illuminate/Http/Request), Object(Closure))
#40 C:/laragon/www/usama-fandaqah/vendor/laravel/framework/src/Illuminate/Http/Middleware/TrustProxies.php(58): Illuminate/Pipeline/Pipeline->Illuminate/Pipeline/{closure}(Object(Illuminate/Http/Request))
#41 C:/laragon/www/usama-fandaqah/vendor/laravel/framework/src/Illuminate/Pipeline/Pipeline.php(209): Illuminate/Http/Middleware/TrustProxies->handle(Object(Illuminate/Http/Request), Object(Closure))
#42 C:/laragon/www/usama-fandaqah/vendor/laravel/framework/src/Illuminate/Foundation/Http/Middleware/InvokeDeferredCallbacks.php(22): Illuminate/Pipeline/Pipeline->Illuminate/Pipeline/{closure}(Object(Illuminate/Http/Request))
#43 C:/laragon/www/usama-fandaqah/vendor/laravel/framework/src/Illuminate/Pipeline/Pipeline.php(209): Illuminate/Foundation/Http/Middleware/InvokeDeferredCallbacks->handle(Object(Illuminate/Http/Request), Object(Closure))
#44 C:/laragon/www/usama-fandaqah/vendor/laravel/framework/src/Illuminate/Pipeline/Pipeline.php(127): Illuminate/Pipeline/Pipeline->Illuminate/Pipeline/{closure}(Object(Illuminate/Http/Request))
#45 C:/laragon/www/usama-fandaqah/vendor/laravel/framework/src/Illuminate/Foundation/Http/Kernel.php(176): Illuminate/Pipeline/Pipeline->then(Object(Closure))
#46 C:/laragon/www/usama-fandaqah/vendor/laravel/framework/src/Illuminate/Foundation/Http/Kernel.php(145): Illuminate/Foundation/Http/Kernel->sendRequestThroughRouter(Object(Illuminate/Http/Request))
#47 C:/laragon/www/usama-fandaqah/public/index.php(54): Illuminate/Foundation/Http/Kernel->handle(Object(Illuminate/Http/Request))
#48 {main}

[previous exception] [object] (PDOException(code: 42S22): SQLSTATE[42S22]: Column not found: 1054 Unknown column 'date' in 'order clause' at C:/laragon/www/usama-fandaqah/vendor/laravel/framework/src/Illuminate/Database/Connection.php:407)
[stacktrace]
#0 C:/laragon/www/usama-fandaqah/vendor/laravel/framework/src/Illuminate/Database/Connection.php(407): PDO->prepare('select * from `...')
#1 C:/laragon/www/usama-fandaqah/vendor/laravel/framework/src/Illuminate/Database/Connection.php(812): Illuminate/Database/Connection->Illuminate/Database/{closure}('select * from `...', Array)
#2 C:/laragon/www/usama-fandaqah/vendor/laravel/framework/src/Illuminate/Database/Connection.php(779): Illuminate/Database/Connection->runQueryCallback('select * from `...', Array, Object(Closure))
#3 C:/laragon/www/usama-fandaqah/vendor/laravel/framework/src/Illuminate/Database/Connection.php(398): Illuminate/Database/Connection->run('select * from `...', Array, Object(Closure))
#4 C:/laragon/www/usama-fandaqah/vendor/laravel/framework/src/Illuminate/Database/Query/Builder.php(3106): Illuminate/Database/Connection->select('select * from `...', Array, true)
#5 C:/laragon/www/usama-fandaqah/vendor/laravel/framework/src/Illuminate/Database/Query/Builder.php(3091): Illuminate/Database/Query/Builder->runSelect()
#6 C:/laragon/www/usama-fandaqah/vendor/laravel/framework/src/Illuminate/Database/Query/Builder.php(3676): Illuminate/Database/Query/Builder->Illuminate/Database/Query/{closure}()
#7 C:/laragon/www/usama-fandaqah/vendor/laravel/framework/src/Illuminate/Database/Query/Builder.php(3090): Illuminate/Database/Query/Builder->onceWithColumns(Array, Object(Closure))
#8 C:/laragon/www/usama-fandaqah/vendor/laravel/framework/src/Illuminate/Database/Eloquent/Builder.php(811): Illuminate/Database/Query/Builder->get(Array)
#9 C:/laragon/www/usama-fandaqah/vendor/laravel/framework/src/Illuminate/Database/Eloquent/Builder.php(793): Illuminate/Database/Eloquent/Builder->getModels(Array)
#10 C:/laragon/www/usama-fandaqah/vendor/laravel/framework/src/Illuminate/Database/Eloquent/Builder.php(1034): Illuminate/Database/Eloquent/Builder->get(Array)
#11 C:/laragon/www/usama-fandaqah/app/Http/Controllers/Api/GuestsCompaniesController.php(343): Illuminate/Database/Eloquent/Builder->paginate(20)
#12 C:/laragon/www/usama-fandaqah/vendor/laravel/framework/src/Illuminate/Routing/ControllerDispatcher.php(47): App/Http/Controllers/Api/GuestsCompaniesController->turnawayLogsIndex(Object(Illuminate/Http/Request))
#13 C:/laragon/www/usama-fandaqah/vendor/laravel/framework/src/Illuminate/Routing/Route.php(266): Illuminate/Routing/ControllerDispatcher->dispatch(Object(Illuminate/Routing/Route), Object(App/Http/Controllers/Api/GuestsCompaniesController), 'turnawayLogsInd...')
#14 C:/laragon/www/usama-fandaqah/vendor/laravel/framework/src/Illuminate/Routing/Route.php(212): Illuminate/Routing/Route->runController()
#15 C:/laragon/www/usama-fandaqah/vendor/laravel/framework/src/Illuminate/Routing/Router.php(808): Illuminate/Routing/Route->run()
#16 C:/laragon/www/usama-fandaqah/vendor/laravel/framework/src/Illuminate/Pipeline/Pipeline.php(170): Illuminate/Routing/Router->Illuminate/Routing/{closure}(Object(Illuminate/Http/Request))
#17 C:/laragon/www/usama-fandaqah/vendor/laravel/framework/src/Illuminate/Routing/Middleware/SubstituteBindings.php(51): Illuminate/Pipeline/Pipeline->Illuminate/Pipeline/{closure}(Object(Illuminate/Http/Request))
#18 C:/laragon/www/usama-fandaqah/vendor/laravel/framework/src/Illuminate/Pipeline/Pipeline.php(209): Illuminate/Routing/Middleware/SubstituteBindings->handle(Object(Illuminate/Http/Request), Object(Closure))
#19 C:/laragon/www/usama-fandaqah/vendor/laravel/framework/src/Illuminate/Auth/Middleware/Authenticate.php(64): Illuminate/Pipeline/Pipeline->Illuminate/Pipeline/{closure}(Object(Illuminate/Http/Request))
#20 C:/laragon/www/usama-fandaqah/vendor/laravel/framework/src/Illuminate/Pipeline/Pipeline.php(209): Illuminate/Auth/Middleware/Authenticate->handle(Object(Illuminate/Http/Request), Object(Closure), 'sanctum')
#21 C:/laragon/www/usama-fandaqah/vendor/laravel/framework/src/Illuminate/Pipeline/Pipeline.php(127): Illuminate/Pipeline/Pipeline->Illuminate/Pipeline/{closure}(Object(Illuminate/Http/Request))
#22 C:/laragon/www/usama-fandaqah/vendor/laravel/framework/src/Illuminate/Routing/Router.php(807): Illuminate/Pipeline/Pipeline->then(Object(Closure))
#23 C:/laragon/www/usama-fandaqah/vendor/laravel/framework/src/Illuminate/Routing/Router.php(786): Illuminate/Routing/Router->runRouteWithinStack(Object(Illuminate/Routing/Route), Object(Illuminate/Http/Request))
#24 C:/laragon/www/usama-fandaqah/vendor/laravel/framework/src/Illuminate/Routing/Router.php(750): Illuminate/Routing/Router->runRoute(Object(Illuminate/Http/Request), Object(Illuminate/Routing/Route))
#25 C:/laragon/www/usama-fandaqah/vendor/laravel/framework/src/Illuminate/Routing/Router.php(739): Illuminate/Routing/Router->dispatchToRoute(Object(Illuminate/Http/Request))
#26 C:/laragon/www/usama-fandaqah/vendor/laravel/framework/src/Illuminate/Foundation/Http/Kernel.php(201): Illuminate/Routing/Router->dispatch(Object(Illuminate/Http/Request))
#27 C:/laragon/www/usama-fandaqah/vendor/laravel/framework/src/Illuminate/Pipeline/Pipeline.php(170): Illuminate/Foundation/Http/Kernel->Illuminate/Foundation/Http/{closure}(Object(Illuminate/Http/Request))
#28 C:/laragon/www/usama-fandaqah/laravelnova/src/Http/Middleware/ServeNova.php(23): Illuminate/Pipeline/Pipeline->Illuminate/Pipeline/{closure}(Object(Illuminate/Http/Request))
#29 C:/laragon/www/usama-fandaqah/vendor/laravel/framework/src/Illuminate/Pipeline/Pipeline.php(209): Laravel/Nova/Http/Middleware/ServeNova->handle(Object(Illuminate/Http/Request), Object(Closure))
#30 C:/laragon/www/usama-fandaqah/vendor/laravel/framework/src/Illuminate/Foundation/Http/Middleware/TransformsRequest.php(21): Illuminate/Pipeline/Pipeline->Illuminate/Pipeline/{closure}(Object(Illuminate/Http/Request))
#31 C:/laragon/www/usama-fandaqah/vendor/laravel/framework/src/Illuminate/Foundation/Http/Middleware/ConvertEmptyStringsToNull.php(31): Illuminate/Foundation/Http/Middleware/TransformsRequest->handle(Object(Illuminate/Http/Request), Object(Closure))
#32 C:/laragon/www/usama-fandaqah/vendor/laravel/framework/src/Illuminate/Pipeline/Pipeline.php(209): Illuminate/Foundation/Http/Middleware/ConvertEmptyStringsToNull->handle(Object(Illuminate/Http/Request), Object(Closure))
#33 C:/laragon/www/usama-fandaqah/vendor/laravel/framework/src/Illuminate/Foundation/Http/Middleware/TransformsRequest.php(21): Illuminate/Pipeline/Pipeline->Illuminate/Pipeline/{closure}(Object(Illuminate/Http/Request))
#34 C:/laragon/www/usama-fandaqah/vendor/laravel/framework/src/Illuminate/Foundation/Http/Middleware/TrimStrings.php(51): Illuminate/Foundation/Http/Middleware/TransformsRequest->handle(Object(Illuminate/Http/Request), Object(Closure))
#35 C:/laragon/www/usama-fandaqah/vendor/laravel/framework/src/Illuminate/Pipeline/Pipeline.php(209): Illuminate/Foundation/Http/Middleware/TrimStrings->handle(Object(Illuminate/Http/Request), Object(Closure))
#36 C:/laragon/www/usama-fandaqah/vendor/laravel/framework/src/Illuminate/Http/Middleware/ValidatePostSize.php(27): Illuminate/Pipeline/Pipeline->Illuminate/Pipeline/{closure}(Object(Illuminate/Http/Request))
#37 C:/laragon/www/usama-fandaqah/vendor/laravel/framework/src/Illuminate/Pipeline/Pipeline.php(209): Illuminate/Http/Middleware/ValidatePostSize->handle(Object(Illuminate/Http/Request), Object(Closure))
#38 C:/laragon/www/usama-fandaqah/vendor/laravel/framework/src/Illuminate/Foundation/Http/Middleware/PreventRequestsDuringMaintenance.php(110): Illuminate/Pipeline/Pipeline->Illuminate/Pipeline/{closure}(Object(Illuminate/Http/Request))
#39 C:/laragon/www/usama-fandaqah/vendor/laravel/framework/src/Illuminate/Pipeline/Pipeline.php(209): Illuminate/Foundation/Http/Middleware/PreventRequestsDuringMaintenance->handle(Object(Illuminate/Http/Request), Object(Closure))
#40 C:/laragon/www/usama-fandaqah/vendor/laravel/framework/src/Illuminate/Http/Middleware/HandleCors.php(62): Illuminate/Pipeline/Pipeline->Illuminate/Pipeline/{closure}(Object(Illuminate/Http/Request))
#41 C:/laragon/www/usama-fandaqah/vendor/laravel/framework/src/Illuminate/Pipeline/Pipeline.php(209): Illuminate/Http/Middleware/HandleCors->handle(Object(Illuminate/Http/Request), Object(Closure))
#42 C:/laragon/www/usama-fandaqah/vendor/laravel/framework/src/Illuminate/Http/Middleware/TrustProxies.php(58): Illuminate/Pipeline/Pipeline->Illuminate/Pipeline/{closure}(Object(Illuminate/Http/Request))
#43 C:/laragon/www/usama-fandaqah/vendor/laravel/framework/src/Illuminate/Pipeline/Pipeline.php(209): Illuminate/Http/Middleware/TrustProxies->handle(Object(Illuminate/Http/Request), Object(Closure))
#44 C:/laragon/www/usama-fandaqah/vendor/laravel/framework/src/Illuminate/Foundation/Http/Middleware/InvokeDeferredCallbacks.php(22): Illuminate/Pipeline/Pipeline->Illuminate/Pipeline/{closure}(Object(Illuminate/Http/Request))
#45 C:/laragon/www/usama-fandaqah/vendor/laravel/framework/src/Illuminate/Pipeline/Pipeline.php(209): Illuminate/Foundation/Http/Middleware/InvokeDeferredCallbacks->handle(Object(Illuminate/Http/Request), Object(Closure))
#46 C:/laragon/www/usama-fandaqah/vendor/laravel/framework/src/Illuminate/Pipeline/Pipeline.php(127): Illuminate/Pipeline/Pipeline->Illuminate/Pipeline/{closure}(Object(Illuminate/Http/Request))
#47 C:/laragon/www/usama-fandaqah/vendor/laravel/framework/src/Illuminate/Foundation/Http/Kernel.php(176): Illuminate/Pipeline/Pipeline->then(Object(Closure))
#48 C:/laragon/www/usama-fandaqah/vendor/laravel/framework/src/Illuminate/Foundation/Http/Kernel.php(145): Illuminate/Foundation/Http/Kernel->sendRequestThroughRouter(Object(Illuminate/Http/Request))
#49 C:/laragon/www/usama-fandaqah/public/index.php(54): Illuminate/Foundation/Http/Kernel->handle(Object(Illuminate/Http/Request))
#50 {main}
"} 
[2026-05-20 10:13:18] local.ERROR: SQLSTATE[42S22]: Column not found: 1054 Unknown column 'date' in 'order clause' (Connection: mysql, SQL: select * from `turnaway_logs` where `team_id` = 1 and `team_id` = 1 order by `date` desc limit 20 offset 0) {"userId":1,"exception":"[object] (Illuminate\\Database\\QueryException(code: 42S22): SQLSTATE[42S22]: Column not found: 1054 Unknown column 'date' in 'order clause' (Connection: mysql, SQL: select * from `turnaway_logs` where `team_id` = 1 and `team_id` = 1 order by `date` desc limit 20 offset 0) at C:/laragon/www/usama-fandaqah/vendor/laravel/framework/src/Illuminate/Database/Connection.php:825)
[stacktrace]
#0 C:/laragon/www/usama-fandaqah/vendor/laravel/framework/src/Illuminate/Database/Connection.php(779): Illuminate/Database/Connection->runQueryCallback('select * from `...', Array, Object(Closure))
#1 C:/laragon/www/usama-fandaqah/vendor/laravel/framework/src/Illuminate/Database/Connection.php(398): Illuminate/Database/Connection->run('select * from `...', Array, Object(Closure))
#2 C:/laragon/www/usama-fandaqah/vendor/laravel/framework/src/Illuminate/Database/Query/Builder.php(3106): Illuminate/Database/Connection->select('select * from `...', Array, true)
#3 C:/laragon/www/usama-fandaqah/vendor/laravel/framework/src/Illuminate/Database/Query/Builder.php(3091): Illuminate/Database/Query/Builder->runSelect()
#4 C:/laragon/www/usama-fandaqah/vendor/laravel/framework/src/Illuminate/Database/Query/Builder.php(3676): Illuminate/Database/Query/Builder->Illuminate/Database/Query/{closure}()
#5 C:/laragon/www/usama-fandaqah/vendor/laravel/framework/src/Illuminate/Database/Query/Builder.php(3090): Illuminate/Database/Query/Builder->onceWithColumns(Array, Object(Closure))
#6 C:/laragon/www/usama-fandaqah/vendor/laravel/framework/src/Illuminate/Database/Eloquent/Builder.php(811): Illuminate/Database/Query/Builder->get(Array)
#7 C:/laragon/www/usama-fandaqah/vendor/laravel/framework/src/Illuminate/Database/Eloquent/Builder.php(793): Illuminate/Database/Eloquent/Builder->getModels(Array)
#8 C:/laragon/www/usama-fandaqah/vendor/laravel/framework/src/Illuminate/Database/Eloquent/Builder.php(1034): Illuminate/Database/Eloquent/Builder->get(Array)
#9 C:/laragon/www/usama-fandaqah/app/Http/Controllers/Api/GuestsCompaniesController.php(343): Illuminate/Database/Eloquent/Builder->paginate(20)
#10 C:/laragon/www/usama-fandaqah/vendor/laravel/framework/src/Illuminate/Routing/ControllerDispatcher.php(47): App/Http/Controllers/Api/GuestsCompaniesController->turnawayLogsIndex(Object(Illuminate/Http/Request))
#11 C:/laragon/www/usama-fandaqah/vendor/laravel/framework/src/Illuminate/Routing/Route.php(266): Illuminate/Routing/ControllerDispatcher->dispatch(Object(Illuminate/Routing/Route), Object(App/Http/Controllers/Api/GuestsCompaniesController), 'turnawayLogsInd...')
#12 C:/laragon/www/usama-fandaqah/vendor/laravel/framework/src/Illuminate/Routing/Route.php(212): Illuminate/Routing/Route->runController()
#13 C:/laragon/www/usama-fandaqah/vendor/laravel/framework/src/Illuminate/Routing/Router.php(808): Illuminate/Routing/Route->run()
#14 C:/laragon/www/usama-fandaqah/vendor/laravel/framework/src/Illuminate/Pipeline/Pipeline.php(170): Illuminate/Routing/Router->Illuminate/Routing/{closure}(Object(Illuminate/Http/Request))
#15 C:/laragon/www/usama-fandaqah/vendor/laravel/framework/src/Illuminate/Routing/Middleware/SubstituteBindings.php(51): Illuminate/Pipeline/Pipeline->Illuminate/Pipeline/{closure}(Object(Illuminate/Http/Request))
#16 C:/laragon/www/usama-fandaqah/vendor/laravel/framework/src/Illuminate/Pipeline/Pipeline.php(209): Illuminate/Routing/Middleware/SubstituteBindings->handle(Object(Illuminate/Http/Request), Object(Closure))
#17 C:/laragon/www/usama-fandaqah/vendor/laravel/framework/src/Illuminate/Auth/Middleware/Authenticate.php(64): Illuminate/Pipeline/Pipeline->Illuminate/Pipeline/{closure}(Object(Illuminate/Http/Request))
#18 C:/laragon/www/usama-fandaqah/vendor/laravel/framework/src/Illuminate/Pipeline/Pipeline.php(209): Illuminate/Auth/Middleware/Authenticate->handle(Object(Illuminate/Http/Request), Object(Closure), 'sanctum')
#19 C:/laragon/www/usama-fandaqah/vendor/laravel/framework/src/Illuminate/Pipeline/Pipeline.php(127): Illuminate/Pipeline/Pipeline->Illuminate/Pipeline/{closure}(Object(Illuminate/Http/Request))
#20 C:/laragon/www/usama-fandaqah/vendor/laravel/framework/src/Illuminate/Routing/Router.php(807): Illuminate/Pipeline/Pipeline->then(Object(Closure))
#21 C:/laragon/www/usama-fandaqah/vendor/laravel/framework/src/Illuminate/Routing/Router.php(786): Illuminate/Routing/Router->runRouteWithinStack(Object(Illuminate/Routing/Route), Object(Illuminate/Http/Request))
#22 C:/laragon/www/usama-fandaqah/vendor/laravel/framework/src/Illuminate/Routing/Router.php(750): Illuminate/Routing/Router->runRoute(Object(Illuminate/Http/Request), Object(Illuminate/Routing/Route))
#23 C:/laragon/www/usama-fandaqah/vendor/laravel/framework/src/Illuminate/Routing/Router.php(739): Illuminate/Routing/Router->dispatchToRoute(Object(Illuminate/Http/Request))
#24 C:/laragon/www/usama-fandaqah/vendor/laravel/framework/src/Illuminate/Foundation/Http/Kernel.php(201): Illuminate/Routing/Router->dispatch(Object(Illuminate/Http/Request))
#25 C:/laragon/www/usama-fandaqah/vendor/laravel/framework/src/Illuminate/Pipeline/Pipeline.php(170): Illuminate/Foundation/Http/Kernel->Illuminate/Foundation/Http/{closure}(Object(Illuminate/Http/Request))
#26 C:/laragon/www/usama-fandaqah/laravelnova/src/Http/Middleware/ServeNova.php(23): Illuminate/Pipeline/Pipeline->Illuminate/Pipeline/{closure}(Object(Illuminate/Http/Request))
#27 C:/laragon/www/usama-fandaqah/vendor/laravel/framework/src/Illuminate/Pipeline/Pipeline.php(209): Laravel/Nova/Http/Middleware/ServeNova->handle(Object(Illuminate/Http/Request), Object(Closure))
#28 C:/laragon/www/usama-fandaqah/vendor/laravel/framework/src/Illuminate/Foundation/Http/Middleware/TransformsRequest.php(21): Illuminate/Pipeline/Pipeline->Illuminate/Pipeline/{closure}(Object(Illuminate/Http/Request))
#29 C:/laragon/www/usama-fandaqah/vendor/laravel/framework/src/Illuminate/Foundation/Http/Middleware/ConvertEmptyStringsToNull.php(31): Illuminate/Foundation/Http/Middleware/TransformsRequest->handle(Object(Illuminate/Http/Request), Object(Closure))
#30 C:/laragon/www/usama-fandaqah/vendor/laravel/framework/src/Illuminate/Pipeline/Pipeline.php(209): Illuminate/Foundation/Http/Middleware/ConvertEmptyStringsToNull->handle(Object(Illuminate/Http/Request), Object(Closure))
#31 C:/laragon/www/usama-fandaqah/vendor/laravel/framework/src/Illuminate/Foundation/Http/Middleware/TransformsRequest.php(21): Illuminate/Pipeline/Pipeline->Illuminate/Pipeline/{closure}(Object(Illuminate/Http/Request))
#32 C:/laragon/www/usama-fandaqah/vendor/laravel/framework/src/Illuminate/Foundation/Http/Middleware/TrimStrings.php(51): Illuminate/Foundation/Http/Middleware/TransformsRequest->handle(Object(Illuminate/Http/Request), Object(Closure))
#33 C:/laragon/www/usama-fandaqah/vendor/laravel/framework/src/Illuminate/Pipeline/Pipeline.php(209): Illuminate/Foundation/Http/Middleware/TrimStrings->handle(Object(Illuminate/Http/Request), Object(Closure))
#34 C:/laragon/www/usama-fandaqah/vendor/laravel/framework/src/Illuminate/Http/Middleware/ValidatePostSize.php(27): Illuminate/Pipeline/Pipeline->Illuminate/Pipeline/{closure}(Object(Illuminate/Http/Request))
#35 C:/laragon/www/usama-fandaqah/vendor/laravel/framework/src/Illuminate/Pipeline/Pipeline.php(209): Illuminate/Http/Middleware/ValidatePostSize->handle(Object(Illuminate/Http/Request), Object(Closure))
#36 C:/laragon/www/usama-fandaqah/vendor/laravel/framework/src/Illuminate/Foundation/Http/Middleware/PreventRequestsDuringMaintenance.php(110): Illuminate/Pipeline/Pipeline->Illuminate/Pipeline/{closure}(Object(Illuminate/Http/Request))
#37 C:/laragon/www/usama-fandaqah/vendor/laravel/framework/src/Illuminate/Pipeline/Pipeline.php(209): Illuminate/Foundation/Http/Middleware/PreventRequestsDuringMaintenance->handle(Object(Illuminate/Http/Request), Object(Closure))
#38 C:/laragon/www/usama-fandaqah/vendor/laravel/framework/src/Illuminate/Http/Middleware/HandleCors.php(62): Illuminate/Pipeline/Pipeline->Illuminate/Pipeline/{closure}(Object(Illuminate/Http/Request))
#39 C:/laragon/www/usama-fandaqah/vendor/laravel/framework/src/Illuminate/Pipeline/Pipeline.php(209): Illuminate/Http/Middleware/HandleCors->handle(Object(Illuminate/Http/Request), Object(Closure))
#40 C:/laragon/www/usama-fandaqah/vendor/laravel/framework/src/Illuminate/Http/Middleware/TrustProxies.php(58): Illuminate/Pipeline/Pipeline->Illuminate/Pipeline/{closure}(Object(Illuminate/Http/Request))
#41 C:/laragon/www/usama-fandaqah/vendor/laravel/framework/src/Illuminate/Pipeline/Pipeline.php(209): Illuminate/Http/Middleware/TrustProxies->handle(Object(Illuminate/Http/Request), Object(Closure))
#42 C:/laragon/www/usama-fandaqah/vendor/laravel/framework/src/Illuminate/Foundation/Http/Middleware/InvokeDeferredCallbacks.php(22): Illuminate/Pipeline/Pipeline->Illuminate/Pipeline/{closure}(Object(Illuminate/Http/Request))
#43 C:/laragon/www/usama-fandaqah/vendor/laravel/framework/src/Illuminate/Pipeline/Pipeline.php(209): Illuminate/Foundation/Http/Middleware/InvokeDeferredCallbacks->handle(Object(Illuminate/Http/Request), Object(Closure))
#44 C:/laragon/www/usama-fandaqah/vendor/laravel/framework/src/Illuminate/Pipeline/Pipeline.php(127): Illuminate/Pipeline/Pipeline->Illuminate/Pipeline/{closure}(Object(Illuminate/Http/Request))
#45 C:/laragon/www/usama-fandaqah/vendor/laravel/framework/src/Illuminate/Foundation/Http/Kernel.php(176): Illuminate/Pipeline/Pipeline->then(Object(Closure))
#46 C:/laragon/www/usama-fandaqah/vendor/laravel/framework/src/Illuminate/Foundation/Http/Kernel.php(145): Illuminate/Foundation/Http/Kernel->sendRequestThroughRouter(Object(Illuminate/Http/Request))
#47 C:/laragon/www/usama-fandaqah/public/index.php(54): Illuminate/Foundation/Http/Kernel->handle(Object(Illuminate/Http/Request))
#48 {main}

[previous exception] [object] (PDOException(code: 42S22): SQLSTATE[42S22]: Column not found: 1054 Unknown column 'date' in 'order clause' at C:/laragon/www/usama-fandaqah/vendor/laravel/framework/src/Illuminate/Database/Connection.php:407)
[stacktrace]
#0 C:/laragon/www/usama-fandaqah/vendor/laravel/framework/src/Illuminate/Database/Connection.php(407): PDO->prepare('select * from `...')
#1 C:/laragon/www/usama-fandaqah/vendor/laravel/framework/src/Illuminate/Database/Connection.php(812): Illuminate/Database/Connection->Illuminate/Database/{closure}('select * from `...', Array)
#2 C:/laragon/www/usama-fandaqah/vendor/laravel/framework/src/Illuminate/Database/Connection.php(779): Illuminate/Database/Connection->runQueryCallback('select * from `...', Array, Object(Closure))
#3 C:/laragon/www/usama-fandaqah/vendor/laravel/framework/src/Illuminate/Database/Connection.php(398): Illuminate/Database/Connection->run('select * from `...', Array, Object(Closure))
#4 C:/laragon/www/usama-fandaqah/vendor/laravel/framework/src/Illuminate/Database/Query/Builder.php(3106): Illuminate/Database/Connection->select('select * from `...', Array, true)
#5 C:/laragon/www/usama-fandaqah/vendor/laravel/framework/src/Illuminate/Database/Query/Builder.php(3091): Illuminate/Database/Query/Builder->runSelect()
#6 C:/laragon/www/usama-fandaqah/vendor/laravel/framework/src/Illuminate/Database/Query/Builder.php(3676): Illuminate/Database/Query/Builder->Illuminate/Database/Query/{closure}()
#7 C:/laragon/www/usama-fandaqah/vendor/laravel/framework/src/Illuminate/Database/Query/Builder.php(3090): Illuminate/Database/Query/Builder->onceWithColumns(Array, Object(Closure))
#8 C:/laragon/www/usama-fandaqah/vendor/laravel/framework/src/Illuminate/Database/Eloquent/Builder.php(811): Illuminate/Database/Query/Builder->get(Array)
#9 C:/laragon/www/usama-fandaqah/vendor/laravel/framework/src/Illuminate/Database/Eloquent/Builder.php(793): Illuminate/Database/Eloquent/Builder->getModels(Array)
#10 C:/laragon/www/usama-fandaqah/vendor/laravel/framework/src/Illuminate/Database/Eloquent/Builder.php(1034): Illuminate/Database/Eloquent/Builder->get(Array)
#11 C:/laragon/www/usama-fandaqah/app/Http/Controllers/Api/GuestsCompaniesController.php(343): Illuminate/Database/Eloquent/Builder->paginate(20)
#12 C:/laragon/www/usama-fandaqah/vendor/laravel/framework/src/Illuminate/Routing/ControllerDispatcher.php(47): App/Http/Controllers/Api/GuestsCompaniesController->turnawayLogsIndex(Object(Illuminate/Http/Request))
#13 C:/laragon/www/usama-fandaqah/vendor/laravel/framework/src/Illuminate/Routing/Route.php(266): Illuminate/Routing/ControllerDispatcher->dispatch(Object(Illuminate/Routing/Route), Object(App/Http/Controllers/Api/GuestsCompaniesController), 'turnawayLogsInd...')
#14 C:/laragon/www/usama-fandaqah/vendor/laravel/framework/src/Illuminate/Routing/Route.php(212): Illuminate/Routing/Route->runController()
#15 C:/laragon/www/usama-fandaqah/vendor/laravel/framework/src/Illuminate/Routing/Router.php(808): Illuminate/Routing/Route->run()
#16 C:/laragon/www/usama-fandaqah/vendor/laravel/framework/src/Illuminate/Pipeline/Pipeline.php(170): Illuminate/Routing/Router->Illuminate/Routing/{closure}(Object(Illuminate/Http/Request))
#17 C:/laragon/www/usama-fandaqah/vendor/laravel/framework/src/Illuminate/Routing/Middleware/SubstituteBindings.php(51): Illuminate/Pipeline/Pipeline->Illuminate/Pipeline/{closure}(Object(Illuminate/Http/Request))
#18 C:/laragon/www/usama-fandaqah/vendor/laravel/framework/src/Illuminate/Pipeline/Pipeline.php(209): Illuminate/Routing/Middleware/SubstituteBindings->handle(Object(Illuminate/Http/Request), Object(Closure))
#19 C:/laragon/www/usama-fandaqah/vendor/laravel/framework/src/Illuminate/Auth/Middleware/Authenticate.php(64): Illuminate/Pipeline/Pipeline->Illuminate/Pipeline/{closure}(Object(Illuminate/Http/Request))
#20 C:/laragon/www/usama-fandaqah/vendor/laravel/framework/src/Illuminate/Pipeline/Pipeline.php(209): Illuminate/Auth/Middleware/Authenticate->handle(Object(Illuminate/Http/Request), Object(Closure), 'sanctum')
#21 C:/laragon/www/usama-fandaqah/vendor/laravel/framework/src/Illuminate/Pipeline/Pipeline.php(127): Illuminate/Pipeline/Pipeline->Illuminate/Pipeline/{closure}(Object(Illuminate/Http/Request))
#22 C:/laragon/www/usama-fandaqah/vendor/laravel/framework/src/Illuminate/Routing/Router.php(807): Illuminate/Pipeline/Pipeline->then(Object(Closure))
#23 C:/laragon/www/usama-fandaqah/vendor/laravel/framework/src/Illuminate/Routing/Router.php(786): Illuminate/Routing/Router->runRouteWithinStack(Object(Illuminate/Routing/Route), Object(Illuminate/Http/Request))
#24 C:/laragon/www/usama-fandaqah/vendor/laravel/framework/src/Illuminate/Routing/Router.php(750): Illuminate/Routing/Router->runRoute(Object(Illuminate/Http/Request), Object(Illuminate/Routing/Route))
#25 C:/laragon/www/usama-fandaqah/vendor/laravel/framework/src/Illuminate/Routing/Router.php(739): Illuminate/Routing/Router->dispatchToRoute(Object(Illuminate/Http/Request))
#26 C:/laragon/www/usama-fandaqah/vendor/laravel/framework/src/Illuminate/Foundation/Http/Kernel.php(201): Illuminate/Routing/Router->dispatch(Object(Illuminate/Http/Request))
#27 C:/laragon/www/usama-fandaqah/vendor/laravel/framework/src/Illuminate/Pipeline/Pipeline.php(170): Illuminate/Foundation/Http/Kernel->Illuminate/Foundation/Http/{closure}(Object(Illuminate/Http/Request))
#28 C:/laragon/www/usama-fandaqah/laravelnova/src/Http/Middleware/ServeNova.php(23): Illuminate/Pipeline/Pipeline->Illuminate/Pipeline/{closure}(Object(Illuminate/Http/Request))
#29 C:/laragon/www/usama-fandaqah/vendor/laravel/framework/src/Illuminate/Pipeline/Pipeline.php(209): Laravel/Nova/Http/Middleware/ServeNova->handle(Object(Illuminate/Http/Request), Object(Closure))
#30 C:/laragon/www/usama-fandaqah/vendor/laravel/framework/src/Illuminate/Foundation/Http/Middleware/TransformsRequest.php(21): Illuminate/Pipeline/Pipeline->Illuminate/Pipeline/{closure}(Object(Illuminate/Http/Request))
#31 C:/laragon/www/usama-fandaqah/vendor/laravel/framework/src/Illuminate/Foundation/Http/Middleware/ConvertEmptyStringsToNull.php(31): Illuminate/Foundation/Http/Middleware/TransformsRequest->handle(Object(Illuminate/Http/Request), Object(Closure))
#32 C:/laragon/www/usama-fandaqah/vendor/laravel/framework/src/Illuminate/Pipeline/Pipeline.php(209): Illuminate/Foundation/Http/Middleware/ConvertEmptyStringsToNull->handle(Object(Illuminate/Http/Request), Object(Closure))
#33 C:/laragon/www/usama-fandaqah/vendor/laravel/framework/src/Illuminate/Foundation/Http/Middleware/TransformsRequest.php(21): Illuminate/Pipeline/Pipeline->Illuminate/Pipeline/{closure}(Object(Illuminate/Http/Request))
#34 C:/laragon/www/usama-fandaqah/vendor/laravel/framework/src/Illuminate/Foundation/Http/Middleware/TrimStrings.php(51): Illuminate/Foundation/Http/Middleware/TransformsRequest->handle(Object(Illuminate/Http/Request), Object(Closure))
#35 C:/laragon/www/usama-fandaqah/vendor/laravel/framework/src/Illuminate/Pipeline/Pipeline.php(209): Illuminate/Foundation/Http/Middleware/TrimStrings->handle(Object(Illuminate/Http/Request), Object(Closure))
#36 C:/laragon/www/usama-fandaqah/vendor/laravel/framework/src/Illuminate/Http/Middleware/ValidatePostSize.php(27): Illuminate/Pipeline/Pipeline->Illuminate/Pipeline/{closure}(Object(Illuminate/Http/Request))
#37 C:/laragon/www/usama-fandaqah/vendor/laravel/framework/src/Illuminate/Pipeline/Pipeline.php(209): Illuminate/Http/Middleware/ValidatePostSize->handle(Object(Illuminate/Http/Request), Object(Closure))
#38 C:/laragon/www/usama-fandaqah/vendor/laravel/framework/src/Illuminate/Foundation/Http/Middleware/PreventRequestsDuringMaintenance.php(110): Illuminate/Pipeline/Pipeline->Illuminate/Pipeline/{closure}(Object(Illuminate/Http/Request))
#39 C:/laragon/www/usama-fandaqah/vendor/laravel/framework/src/Illuminate/Pipeline/Pipeline.php(209): Illuminate/Foundation/Http/Middleware/PreventRequestsDuringMaintenance->handle(Object(Illuminate/Http/Request), Object(Closure))
#40 C:/laragon/www/usama-fandaqah/vendor/laravel/framework/src/Illuminate/Http/Middleware/HandleCors.php(62): Illuminate/Pipeline/Pipeline->Illuminate/Pipeline/{closure}(Object(Illuminate/Http/Request))
#41 C:/laragon/www/usama-fandaqah/vendor/laravel/framework/src/Illuminate/Pipeline/Pipeline.php(209): Illuminate/Http/Middleware/HandleCors->handle(Object(Illuminate/Http/Request), Object(Closure))
#42 C:/laragon/www/usama-fandaqah/vendor/laravel/framework/src/Illuminate/Http/Middleware/TrustProxies.php(58): Illuminate/Pipeline/Pipeline->Illuminate/Pipeline/{closure}(Object(Illuminate/Http/Request))
#43 C:/laragon/www/usama-fandaqah/vendor/laravel/framework/src/Illuminate/Pipeline/Pipeline.php(209): Illuminate/Http/Middleware/TrustProxies->handle(Object(Illuminate/Http/Request), Object(Closure))
#44 C:/laragon/www/usama-fandaqah/vendor/laravel/framework/src/Illuminate/Foundation/Http/Middleware/InvokeDeferredCallbacks.php(22): Illuminate/Pipeline/Pipeline->Illuminate/Pipeline/{closure}(Object(Illuminate/Http/Request))
#45 C:/laragon/www/usama-fandaqah/vendor/laravel/framework/src/Illuminate/Pipeline/Pipeline.php(209): Illuminate/Foundation/Http/Middleware/InvokeDeferredCallbacks->handle(Object(Illuminate/Http/Request), Object(Closure))
#46 C:/laragon/www/usama-fandaqah/vendor/laravel/framework/src/Illuminate/Pipeline/Pipeline.php(127): Illuminate/Pipeline/Pipeline->Illuminate/Pipeline/{closure}(Object(Illuminate/Http/Request))
#47 C:/laragon/www/usama-fandaqah/vendor/laravel/framework/src/Illuminate/Foundation/Http/Kernel.php(176): Illuminate/Pipeline/Pipeline->then(Object(Closure))
#48 C:/laragon/www/usama-fandaqah/vendor/laravel/framework/src/Illuminate/Foundation/Http/Kernel.php(145): Illuminate/Foundation/Http/Kernel->sendRequestThroughRouter(Object(Illuminate/Http/Request))
#49 C:/laragon/www/usama-fandaqah/public/index.php(54): Illuminate/Foundation/Http/Kernel->handle(Object(Illuminate/Http/Request))
#50 {main}
"} 
[2026-05-20 10:13:31] local.ERROR: SQLSTATE[42S22]: Column not found: 1054 Unknown column 'date' in 'order clause' (Connection: mysql, SQL: select * from `turnaway_logs` where `team_id` = 1 and `team_id` = 1 order by `date` desc limit 20 offset 0) {"userId":1,"exception":"[object] (Illuminate\\Database\\QueryException(code: 42S22): SQLSTATE[42S22]: Column not found: 1054 Unknown column 'date' in 'order clause' (Connection: mysql, SQL: select * from `turnaway_logs` where `team_id` = 1 and `team_id` = 1 order by `date` desc limit 20 offset 0) at C:/laragon/www/usama-fandaqah/vendor/laravel/framework/src/Illuminate/Database/Connection.php:825)
[stacktrace]
#0 C:/laragon/www/usama-fandaqah/vendor/laravel/framework/src/Illuminate/Database/Connection.php(779): Illuminate/Database/Connection->runQueryCallback('select * from `...', Array, Object(Closure))
#1 C:/laragon/www/usama-fandaqah/vendor/laravel/framework/src/Illuminate/Database/Connection.php(398): Illuminate/Database/Connection->run('select * from `...', Array, Object(Closure))
#2 C:/laragon/www/usama-fandaqah/vendor/laravel/framework/src/Illuminate/Database/Query/Builder.php(3106): Illuminate/Database/Connection->select('select * from `...', Array, true)
#3 C:/laragon/www/usama-fandaqah/vendor/laravel/framework/src/Illuminate/Database/Query/Builder.php(3091): Illuminate/Database/Query/Builder->runSelect()
#4 C:/laragon/www/usama-fandaqah/vendor/laravel/framework/src/Illuminate/Database/Query/Builder.php(3676): Illuminate/Database/Query/Builder->Illuminate/Database/Query/{closure}()
#5 C:/laragon/www/usama-fandaqah/vendor/laravel/framework/src/Illuminate/Database/Query/Builder.php(3090): Illuminate/Database/Query/Builder->onceWithColumns(Array, Object(Closure))
#6 C:/laragon/www/usama-fandaqah/vendor/laravel/framework/src/Illuminate/Database/Eloquent/Builder.php(811): Illuminate/Database/Query/Builder->get(Array)
#7 C:/laragon/www/usama-fandaqah/vendor/laravel/framework/src/Illuminate/Database/Eloquent/Builder.php(793): Illuminate/Database/Eloquent/Builder->getModels(Array)
#8 C:/laragon/www/usama-fandaqah/vendor/laravel/framework/src/Illuminate/Database/Eloquent/Builder.php(1034): Illuminate/Database/Eloquent/Builder->get(Array)
#9 C:/laragon/www/usama-fandaqah/app/Http/Controllers/Api/GuestsCompaniesController.php(343): Illuminate/Database/Eloquent/Builder->paginate(20)
#10 C:/laragon/www/usama-fandaqah/vendor/laravel/framework/src/Illuminate/Routing/ControllerDispatcher.php(47): App/Http/Controllers/Api/GuestsCompaniesController->turnawayLogsIndex(Object(Illuminate/Http/Request))
#11 C:/laragon/www/usama-fandaqah/vendor/laravel/framework/src/Illuminate/Routing/Route.php(266): Illuminate/Routing/ControllerDispatcher->dispatch(Object(Illuminate/Routing/Route), Object(App/Http/Controllers/Api/GuestsCompaniesController), 'turnawayLogsInd...')
#12 C:/laragon/www/usama-fandaqah/vendor/laravel/framework/src/Illuminate/Routing/Route.php(212): Illuminate/Routing/Route->runController()
#13 C:/laragon/www/usama-fandaqah/vendor/laravel/framework/src/Illuminate/Routing/Router.php(808): Illuminate/Routing/Route->run()
#14 C:/laragon/www/usama-fandaqah/vendor/laravel/framework/src/Illuminate/Pipeline/Pipeline.php(170): Illuminate/Routing/Router->Illuminate/Routing/{closure}(Object(Illuminate/Http/Request))
#15 C:/laragon/www/usama-fandaqah/vendor/laravel/framework/src/Illuminate/Routing/Middleware/SubstituteBindings.php(51): Illuminate/Pipeline/Pipeline->Illuminate/Pipeline/{closure}(Object(Illuminate/Http/Request))
#16 C:/laragon/www/usama-fandaqah/vendor/laravel/framework/src/Illuminate/Pipeline/Pipeline.php(209): Illuminate/Routing/Middleware/SubstituteBindings->handle(Object(Illuminate/Http/Request), Object(Closure))
#17 C:/laragon/www/usama-fandaqah/vendor/laravel/framework/src/Illuminate/Auth/Middleware/Authenticate.php(64): Illuminate/Pipeline/Pipeline->Illuminate/Pipeline/{closure}(Object(Illuminate/Http/Request))
#18 C:/laragon/www/usama-fandaqah/vendor/laravel/framework/src/Illuminate/Pipeline/Pipeline.php(209): Illuminate/Auth/Middleware/Authenticate->handle(Object(Illuminate/Http/Request), Object(Closure), 'sanctum')
#19 C:/laragon/www/usama-fandaqah/vendor/laravel/framework/src/Illuminate/Pipeline/Pipeline.php(127): Illuminate/Pipeline/Pipeline->Illuminate/Pipeline/{closure}(Object(Illuminate/Http/Request))
#20 C:/laragon/www/usama-fandaqah/vendor/laravel/framework/src/Illuminate/Routing/Router.php(807): Illuminate/Pipeline/Pipeline->then(Object(Closure))
#21 C:/laragon/www/usama-fandaqah/vendor/laravel/framework/src/Illuminate/Routing/Router.php(786): Illuminate/Routing/Router->runRouteWithinStack(Object(Illuminate/Routing/Route), Object(Illuminate/Http/Request))
#22 C:/laragon/www/usama-fandaqah/vendor/laravel/framework/src/Illuminate/Routing/Router.php(750): Illuminate/Routing/Router->runRoute(Object(Illuminate/Http/Request), Object(Illuminate/Routing/Route))
#23 C:/laragon/www/usama-fandaqah/vendor/laravel/framework/src/Illuminate/Routing/Router.php(739): Illuminate/Routing/Router->dispatchToRoute(Object(Illuminate/Http/Request))
#24 C:/laragon/www/usama-fandaqah/vendor/laravel/framework/src/Illuminate/Foundation/Http/Kernel.php(201): Illuminate/Routing/Router->dispatch(Object(Illuminate/Http/Request))
#25 C:/laragon/www/usama-fandaqah/vendor/laravel/framework/src/Illuminate/Pipeline/Pipeline.php(170): Illuminate/Foundation/Http/Kernel->Illuminate/Foundation/Http/{closure}(Object(Illuminate/Http/Request))
#26 C:/laragon/www/usama-fandaqah/laravelnova/src/Http/Middleware/ServeNova.php(23): Illuminate/Pipeline/Pipeline->Illuminate/Pipeline/{closure}(Object(Illuminate/Http/Request))
#27 C:/laragon/www/usama-fandaqah/vendor/laravel/framework/src/Illuminate/Pipeline/Pipeline.php(209): Laravel/Nova/Http/Middleware/ServeNova->handle(Object(Illuminate/Http/Request), Object(Closure))
#28 C:/laragon/www/usama-fandaqah/vendor/laravel/framework/src/Illuminate/Foundation/Http/Middleware/TransformsRequest.php(21): Illuminate/Pipeline/Pipeline->Illuminate/Pipeline/{closure}(Object(Illuminate/Http/Request))
#29 C:/laragon/www/usama-fandaqah/vendor/laravel/framework/src/Illuminate/Foundation/Http/Middleware/ConvertEmptyStringsToNull.php(31): Illuminate/Foundation/Http/Middleware/TransformsRequest->handle(Object(Illuminate/Http/Request), Object(Closure))
#30 C:/laragon/www/usama-fandaqah/vendor/laravel/framework/src/Illuminate/Pipeline/Pipeline.php(209): Illuminate/Foundation/Http/Middleware/ConvertEmptyStringsToNull->handle(Object(Illuminate/Http/Request), Object(Closure))
#31 C:/laragon/www/usama-fandaqah/vendor/laravel/framework/src/Illuminate/Foundation/Http/Middleware/TransformsRequest.php(21): Illuminate/Pipeline/Pipeline->Illuminate/Pipeline/{closure}(Object(Illuminate/Http/Request))
#32 C:/laragon/www/usama-fandaqah/vendor/laravel/framework/src/Illuminate/Foundation/Http/Middleware/TrimStrings.php(51): Illuminate/Foundation/Http/Middleware/TransformsRequest->handle(Object(Illuminate/Http/Request), Object(Closure))
#33 C:/laragon/www/usama-fandaqah/vendor/laravel/framework/src/Illuminate/Pipeline/Pipeline.php(209): Illuminate/Foundation/Http/Middleware/TrimStrings->handle(Object(Illuminate/Http/Request), Object(Closure))
#34 C:/laragon/www/usama-fandaqah/vendor/laravel/framework/src/Illuminate/Http/Middleware/ValidatePostSize.php(27): Illuminate/Pipeline/Pipeline->Illuminate/Pipeline/{closure}(Object(Illuminate/Http/Request))
#35 C:/laragon/www/usama-fandaqah/vendor/laravel/framework/src/Illuminate/Pipeline/Pipeline.php(209): Illuminate/Http/Middleware/ValidatePostSize->handle(Object(Illuminate/Http/Request), Object(Closure))
#36 C:/laragon/www/usama-fandaqah/vendor/laravel/framework/src/Illuminate/Foundation/Http/Middleware/PreventRequestsDuringMaintenance.php(110): Illuminate/Pipeline/Pipeline->Illuminate/Pipeline/{closure}(Object(Illuminate/Http/Request))
#37 C:/laragon/www/usama-fandaqah/vendor/laravel/framework/src/Illuminate/Pipeline/Pipeline.php(209): Illuminate/Foundation/Http/Middleware/PreventRequestsDuringMaintenance->handle(Object(Illuminate/Http/Request), Object(Closure))
#38 C:/laragon/www/usama-fandaqah/vendor/laravel/framework/src/Illuminate/Http/Middleware/HandleCors.php(62): Illuminate/Pipeline/Pipeline->Illuminate/Pipeline/{closure}(Object(Illuminate/Http/Request))
#39 C:/laragon/www/usama-fandaqah/vendor/laravel/framework/src/Illuminate/Pipeline/Pipeline.php(209): Illuminate/Http/Middleware/HandleCors->handle(Object(Illuminate/Http/Request), Object(Closure))
#40 C:/laragon/www/usama-fandaqah/vendor/laravel/framework/src/Illuminate/Http/Middleware/TrustProxies.php(58): Illuminate/Pipeline/Pipeline->Illuminate/Pipeline/{closure}(Object(Illuminate/Http/Request))
#41 C:/laragon/www/usama-fandaqah/vendor/laravel/framework/src/Illuminate/Pipeline/Pipeline.php(209): Illuminate/Http/Middleware/TrustProxies->handle(Object(Illuminate/Http/Request), Object(Closure))
#42 C:/laragon/www/usama-fandaqah/vendor/laravel/framework/src/Illuminate/Foundation/Http/Middleware/InvokeDeferredCallbacks.php(22): Illuminate/Pipeline/Pipeline->Illuminate/Pipeline/{closure}(Object(Illuminate/Http/Request))
#43 C:/laragon/www/usama-fandaqah/vendor/laravel/framework/src/Illuminate/Pipeline/Pipeline.php(209): Illuminate/Foundation/Http/Middleware/InvokeDeferredCallbacks->handle(Object(Illuminate/Http/Request), Object(Closure))
#44 C:/laragon/www/usama-fandaqah/vendor/laravel/framework/src/Illuminate/Pipeline/Pipeline.php(127): Illuminate/Pipeline/Pipeline->Illuminate/Pipeline/{closure}(Object(Illuminate/Http/Request))
#45 C:/laragon/www/usama-fandaqah/vendor/laravel/framework/src/Illuminate/Foundation/Http/Kernel.php(176): Illuminate/Pipeline/Pipeline->then(Object(Closure))
#46 C:/laragon/www/usama-fandaqah/vendor/laravel/framework/src/Illuminate/Foundation/Http/Kernel.php(145): Illuminate/Foundation/Http/Kernel->sendRequestThroughRouter(Object(Illuminate/Http/Request))
#47 C:/laragon/www/usama-fandaqah/public/index.php(54): Illuminate/Foundation/Http/Kernel->handle(Object(Illuminate/Http/Request))
#48 {main}

[previous exception] [object] (PDOException(code: 42S22): SQLSTATE[42S22]: Column not found: 1054 Unknown column 'date' in 'order clause' at C:/laragon/www/usama-fandaqah/vendor/laravel/framework/src/Illuminate/Database/Connection.php:407)
[stacktrace]
#0 C:/laragon/www/usama-fandaqah/vendor/laravel/framework/src/Illuminate/Database/Connection.php(407): PDO->prepare('select * from `...')
#1 C:/laragon/www/usama-fandaqah/vendor/laravel/framework/src/Illuminate/Database/Connection.php(812): Illuminate/Database/Connection->Illuminate/Database/{closure}('select * from `...', Array)
#2 C:/laragon/www/usama-fandaqah/vendor/laravel/framework/src/Illuminate/Database/Connection.php(779): Illuminate/Database/Connection->runQueryCallback('select * from `...', Array, Object(Closure))
#3 C:/laragon/www/usama-fandaqah/vendor/laravel/framework/src/Illuminate/Database/Connection.php(398): Illuminate/Database/Connection->run('select * from `...', Array, Object(Closure))
#4 C:/laragon/www/usama-fandaqah/vendor/laravel/framework/src/Illuminate/Database/Query/Builder.php(3106): Illuminate/Database/Connection->select('select * from `...', Array, true)
#5 C:/laragon/www/usama-fandaqah/vendor/laravel/framework/src/Illuminate/Database/Query/Builder.php(3091): Illuminate/Database/Query/Builder->runSelect()
#6 C:/laragon/www/usama-fandaqah/vendor/laravel/framework/src/Illuminate/Database/Query/Builder.php(3676): Illuminate/Database/Query/Builder->Illuminate/Database/Query/{closure}()
#7 C:/laragon/www/usama-fandaqah/vendor/laravel/framework/src/Illuminate/Database/Query/Builder.php(3090): Illuminate/Database/Query/Builder->onceWithColumns(Array, Object(Closure))
#8 C:/laragon/www/usama-fandaqah/vendor/laravel/framework/src/Illuminate/Database/Eloquent/Builder.php(811): Illuminate/Database/Query/Builder->get(Array)
#9 C:/laragon/www/usama-fandaqah/vendor/laravel/framework/src/Illuminate/Database/Eloquent/Builder.php(793): Illuminate/Database/Eloquent/Builder->getModels(Array)
#10 C:/laragon/www/usama-fandaqah/vendor/laravel/framework/src/Illuminate/Database/Eloquent/Builder.php(1034): Illuminate/Database/Eloquent/Builder->get(Array)
#11 C:/laragon/www/usama-fandaqah/app/Http/Controllers/Api/GuestsCompaniesController.php(343): Illuminate/Database/Eloquent/Builder->paginate(20)
#12 C:/laragon/www/usama-fandaqah/vendor/laravel/framework/src/Illuminate/Routing/ControllerDispatcher.php(47): App/Http/Controllers/Api/GuestsCompaniesController->turnawayLogsIndex(Object(Illuminate/Http/Request))
#13 C:/laragon/www/usama-fandaqah/vendor/laravel/framework/src/Illuminate/Routing/Route.php(266): Illuminate/Routing/ControllerDispatcher->dispatch(Object(Illuminate/Routing/Route), Object(App/Http/Controllers/Api/GuestsCompaniesController), 'turnawayLogsInd...')
#14 C:/laragon/www/usama-fandaqah/vendor/laravel/framework/src/Illuminate/Routing/Route.php(212): Illuminate/Routing/Route->runController()
#15 C:/laragon/www/usama-fandaqah/vendor/laravel/framework/src/Illuminate/Routing/Router.php(808): Illuminate/Routing/Route->run()
#16 C:/laragon/www/usama-fandaqah/vendor/laravel/framework/src/Illuminate/Pipeline/Pipeline.php(170): Illuminate/Routing/Router->Illuminate/Routing/{closure}(Object(Illuminate/Http/Request))
#17 C:/laragon/www/usama-fandaqah/vendor/laravel/framework/src/Illuminate/Routing/Middleware/SubstituteBindings.php(51): Illuminate/Pipeline/Pipeline->Illuminate/Pipeline/{closure}(Object(Illuminate/Http/Request))
#18 C:/laragon/www/usama-fandaqah/vendor/laravel/framework/src/Illuminate/Pipeline/Pipeline.php(209): Illuminate/Routing/Middleware/SubstituteBindings->handle(Object(Illuminate/Http/Request), Object(Closure))
#19 C:/laragon/www/usama-fandaqah/vendor/laravel/framework/src/Illuminate/Auth/Middleware/Authenticate.php(64): Illuminate/Pipeline/Pipeline->Illuminate/Pipeline/{closure}(Object(Illuminate/Http/Request))
#20 C:/laragon/www/usama-fandaqah/vendor/laravel/framework/src/Illuminate/Pipeline/Pipeline.php(209): Illuminate/Auth/Middleware/Authenticate->handle(Object(Illuminate/Http/Request), Object(Closure), 'sanctum')
#21 C:/laragon/www/usama-fandaqah/vendor/laravel/framework/src/Illuminate/Pipeline/Pipeline.php(127): Illuminate/Pipeline/Pipeline->Illuminate/Pipeline/{closure}(Object(Illuminate/Http/Request))
#22 C:/laragon/www/usama-fandaqah/vendor/laravel/framework/src/Illuminate/Routing/Router.php(807): Illuminate/Pipeline/Pipeline->then(Object(Closure))
#23 C:/laragon/www/usama-fandaqah/vendor/laravel/framework/src/Illuminate/Routing/Router.php(786): Illuminate/Routing/Router->runRouteWithinStack(Object(Illuminate/Routing/Route), Object(Illuminate/Http/Request))
#24 C:/laragon/www/usama-fandaqah/vendor/laravel/framework/src/Illuminate/Routing/Router.php(750): Illuminate/Routing/Router->runRoute(Object(Illuminate/Http/Request), Object(Illuminate/Routing/Route))
#25 C:/laragon/www/usama-fandaqah/vendor/laravel/framework/src/Illuminate/Routing/Router.php(739): Illuminate/Routing/Router->dispatchToRoute(Object(Illuminate/Http/Request))
#26 C:/laragon/www/usama-fandaqah/vendor/laravel/framework/src/Illuminate/Foundation/Http/Kernel.php(201): Illuminate/Routing/Router->dispatch(Object(Illuminate/Http/Request))
#27 C:/laragon/www/usama-fandaqah/vendor/laravel/framework/src/Illuminate/Pipeline/Pipeline.php(170): Illuminate/Foundation/Http/Kernel->Illuminate/Foundation/Http/{closure}(Object(Illuminate/Http/Request))
#28 C:/laragon/www/usama-fandaqah/laravelnova/src/Http/Middleware/ServeNova.php(23): Illuminate/Pipeline/Pipeline->Illuminate/Pipeline/{closure}(Object(Illuminate/Http/Request))
#29 C:/laragon/www/usama-fandaqah/vendor/laravel/framework/src/Illuminate/Pipeline/Pipeline.php(209): Laravel/Nova/Http/Middleware/ServeNova->handle(Object(Illuminate/Http/Request), Object(Closure))
#30 C:/laragon/www/usama-fandaqah/vendor/laravel/framework/src/Illuminate/Foundation/Http/Middleware/TransformsRequest.php(21): Illuminate/Pipeline/Pipeline->Illuminate/Pipeline/{closure}(Object(Illuminate/Http/Request))
#31 C:/laragon/www/usama-fandaqah/vendor/laravel/framework/src/Illuminate/Foundation/Http/Middleware/ConvertEmptyStringsToNull.php(31): Illuminate/Foundation/Http/Middleware/TransformsRequest->handle(Object(Illuminate/Http/Request), Object(Closure))
#32 C:/laragon/www/usama-fandaqah/vendor/laravel/framework/src/Illuminate/Pipeline/Pipeline.php(209): Illuminate/Foundation/Http/Middleware/ConvertEmptyStringsToNull->handle(Object(Illuminate/Http/Request), Object(Closure))
#33 C:/laragon/www/usama-fandaqah/vendor/laravel/framework/src/Illuminate/Foundation/Http/Middleware/TransformsRequest.php(21): Illuminate/Pipeline/Pipeline->Illuminate/Pipeline/{closure}(Object(Illuminate/Http/Request))
#34 C:/laragon/www/usama-fandaqah/vendor/laravel/framework/src/Illuminate/Foundation/Http/Middleware/TrimStrings.php(51): Illuminate/Foundation/Http/Middleware/TransformsRequest->handle(Object(Illuminate/Http/Request), Object(Closure))
#35 C:/laragon/www/usama-fandaqah/vendor/laravel/framework/src/Illuminate/Pipeline/Pipeline.php(209): Illuminate/Foundation/Http/Middleware/TrimStrings->handle(Object(Illuminate/Http/Request), Object(Closure))
#36 C:/laragon/www/usama-fandaqah/vendor/laravel/framework/src/Illuminate/Http/Middleware/ValidatePostSize.php(27): Illuminate/Pipeline/Pipeline->Illuminate/Pipeline/{closure}(Object(Illuminate/Http/Request))
#37 C:/laragon/www/usama-fandaqah/vendor/laravel/framework/src/Illuminate/Pipeline/Pipeline.php(209): Illuminate/Http/Middleware/ValidatePostSize->handle(Object(Illuminate/Http/Request), Object(Closure))
#38 C:/laragon/www/usama-fandaqah/vendor/laravel/framework/src/Illuminate/Foundation/Http/Middleware/PreventRequestsDuringMaintenance.php(110): Illuminate/Pipeline/Pipeline->Illuminate/Pipeline/{closure}(Object(Illuminate/Http/Request))
#39 C:/laragon/www/usama-fandaqah/vendor/laravel/framework/src/Illuminate/Pipeline/Pipeline.php(209): Illuminate/Foundation/Http/Middleware/PreventRequestsDuringMaintenance->handle(Object(Illuminate/Http/Request), Object(Closure))
#40 C:/laragon/www/usama-fandaqah/vendor/laravel/framework/src/Illuminate/Http/Middleware/HandleCors.php(62): Illuminate/Pipeline/Pipeline->Illuminate/Pipeline/{closure}(Object(Illuminate/Http/Request))
#41 C:/laragon/www/usama-fandaqah/vendor/laravel/framework/src/Illuminate/Pipeline/Pipeline.php(209): Illuminate/Http/Middleware/HandleCors->handle(Object(Illuminate/Http/Request), Object(Closure))
#42 C:/laragon/www/usama-fandaqah/vendor/laravel/framework/src/Illuminate/Http/Middleware/TrustProxies.php(58): Illuminate/Pipeline/Pipeline->Illuminate/Pipeline/{closure}(Object(Illuminate/Http/Request))
#43 C:/laragon/www/usama-fandaqah/vendor/laravel/framework/src/Illuminate/Pipeline/Pipeline.php(209): Illuminate/Http/Middleware/TrustProxies->handle(Object(Illuminate/Http/Request), Object(Closure))
#44 C:/laragon/www/usama-fandaqah/vendor/laravel/framework/src/Illuminate/Foundation/Http/Middleware/InvokeDeferredCallbacks.php(22): Illuminate/Pipeline/Pipeline->Illuminate/Pipeline/{closure}(Object(Illuminate/Http/Request))
#45 C:/laragon/www/usama-fandaqah/vendor/laravel/framework/src/Illuminate/Pipeline/Pipeline.php(209): Illuminate/Foundation/Http/Middleware/InvokeDeferredCallbacks->handle(Object(Illuminate/Http/Request), Object(Closure))
#46 C:/laragon/www/usama-fandaqah/vendor/laravel/framework/src/Illuminate/Pipeline/Pipeline.php(127): Illuminate/Pipeline/Pipeline->Illuminate/Pipeline/{closure}(Object(Illuminate/Http/Request))
#47 C:/laragon/www/usama-fandaqah/vendor/laravel/framework/src/Illuminate/Foundation/Http/Kernel.php(176): Illuminate/Pipeline/Pipeline->then(Object(Closure))
#48 C:/laragon/www/usama-fandaqah/vendor/laravel/framework/src/Illuminate/Foundation/Http/Kernel.php(145): Illuminate/Foundation/Http/Kernel->sendRequestThroughRouter(Object(Illuminate/Http/Request))
#49 C:/laragon/www/usama-fandaqah/public/index.php(54): Illuminate/Foundation/Http/Kernel->handle(Object(Illuminate/Http/Request))
#50 {main}
"} 
[2026-05-20 10:19:35] local.ERROR: Target class [team.scope] does not exist. {"exception":"[object] (Illuminate\\Contracts\\Container\\BindingResolutionException(code: 0): Target class [team.scope] does not exist. at C:/laragon/www/usama-fandaqah/vendor/laravel/framework/src/Illuminate/Container/Container.php:961)
[stacktrace]
#0 C:/laragon/www/usama-fandaqah/vendor/laravel/framework/src/Illuminate/Container/Container.php(832): Illuminate/Container/Container->build('team.scope')
#1 C:/laragon/www/usama-fandaqah/vendor/laravel/framework/src/Illuminate/Foundation/Application.php(1078): Illuminate/Container/Container->resolve('team.scope', Array, true)
#2 C:/laragon/www/usama-fandaqah/vendor/laravel/framework/src/Illuminate/Container/Container.php(763): Illuminate/Foundation/Application->resolve('team.scope', Array)
#3 C:/laragon/www/usama-fandaqah/vendor/laravel/framework/src/Illuminate/Foundation/Application.php(1058): Illuminate/Container/Container->make('team.scope', Array)
#4 C:/laragon/www/usama-fandaqah/vendor/laravel/framework/src/Illuminate/Foundation/Http/Kernel.php(258): Illuminate/Foundation/Application->make('team.scope')
#5 C:/laragon/www/usama-fandaqah/vendor/laravel/framework/src/Illuminate/Foundation/Http/Kernel.php(216): Illuminate/Foundation/Http/Kernel->terminateMiddleware(Object(Illuminate/Http/Request), Object(Illuminate/Http/RedirectResponse))
#6 C:/laragon/www/usama-fandaqah/public/index.php(60): Illuminate/Foundation/Http/Kernel->terminate(Object(Illuminate/Http/Request), Object(Illuminate/Http/RedirectResponse))
#7 {main}

[previous exception] [object] (ReflectionException(code: -1): Class \"team.scope\" does not exist at C:/laragon/www/usama-fandaqah/vendor/laravel/framework/src/Illuminate/Container/Container.php:959)
[stacktrace]
#0 C:/laragon/www/usama-fandaqah/vendor/laravel/framework/src/Illuminate/Container/Container.php(959): ReflectionClass->__construct('team.scope')
#1 C:/laragon/www/usama-fandaqah/vendor/laravel/framework/src/Illuminate/Container/Container.php(832): Illuminate/Container/Container->build('team.scope')
#2 C:/laragon/www/usama-fandaqah/vendor/laravel/framework/src/Illuminate/Foundation/Application.php(1078): Illuminate/Container/Container->resolve('team.scope', Array, true)
#3 C:/laragon/www/usama-fandaqah/vendor/laravel/framework/src/Illuminate/Container/Container.php(763): Illuminate/Foundation/Application->resolve('team.scope', Array)
#4 C:/laragon/www/usama-fandaqah/vendor/laravel/framework/src/Illuminate/Foundation/Application.php(1058): Illuminate/Container/Container->make('team.scope', Array)
#5 C:/laragon/www/usama-fandaqah/vendor/laravel/framework/src/Illuminate/Foundation/Http/Kernel.php(258): Illuminate/Foundation/Application->make('team.scope')
#6 C:/laragon/www/usama-fandaqah/vendor/laravel/framework/src/Illuminate/Foundation/Http/Kernel.php(216): Illuminate/Foundation/Http/Kernel->terminateMiddleware(Object(Illuminate/Http/Request), Object(Illuminate/Http/RedirectResponse))
#7 C:/laragon/www/usama-fandaqah/public/index.php(60): Illuminate/Foundation/Http/Kernel->terminate(Object(Illuminate/Http/Request), Object(Illuminate/Http/RedirectResponse))
#8 {main}
"} 
[2026-05-20 10:20:13] local.ERROR: Target class [team.scope] does not exist. {"exception":"[object] (Illuminate\\Contracts\\Container\\BindingResolutionException(code: 0): Target class [team.scope] does not exist. at C:/laragon/www/usama-fandaqah/vendor/laravel/framework/src/Illuminate/Container/Container.php:961)
[stacktrace]
#0 C:/laragon/www/usama-fandaqah/vendor/laravel/framework/src/Illuminate/Container/Container.php(832): Illuminate/Container/Container->build('team.scope')
#1 C:/laragon/www/usama-fandaqah/vendor/laravel/framework/src/Illuminate/Foundation/Application.php(1078): Illuminate/Container/Container->resolve('team.scope', Array, true)
#2 C:/laragon/www/usama-fandaqah/vendor/laravel/framework/src/Illuminate/Container/Container.php(763): Illuminate/Foundation/Application->resolve('team.scope', Array)
#3 C:/laragon/www/usama-fandaqah/vendor/laravel/framework/src/Illuminate/Foundation/Application.php(1058): Illuminate/Container/Container->make('team.scope', Array)
#4 C:/laragon/www/usama-fandaqah/vendor/laravel/framework/src/Illuminate/Foundation/Http/Kernel.php(258): Illuminate/Foundation/Application->make('team.scope')
#5 C:/laragon/www/usama-fandaqah/vendor/laravel/framework/src/Illuminate/Foundation/Http/Kernel.php(216): Illuminate/Foundation/Http/Kernel->terminateMiddleware(Object(Illuminate/Http/Request), Object(Illuminate/Http/RedirectResponse))
#6 C:/laragon/www/usama-fandaqah/public/index.php(60): Illuminate/Foundation/Http/Kernel->terminate(Object(Illuminate/Http/Request), Object(Illuminate/Http/RedirectResponse))
#7 {main}

[previous exception] [object] (ReflectionException(code: -1): Class \"team.scope\" does not exist at C:/laragon/www/usama-fandaqah/vendor/laravel/framework/src/Illuminate/Container/Container.php:959)
[stacktrace]
#0 C:/laragon/www/usama-fandaqah/vendor/laravel/framework/src/Illuminate/Container/Container.php(959): ReflectionClass->__construct('team.scope')
#1 C:/laragon/www/usama-fandaqah/vendor/laravel/framework/src/Illuminate/Container/Container.php(832): Illuminate/Container/Container->build('team.scope')
#2 C:/laragon/www/usama-fandaqah/vendor/laravel/framework/src/Illuminate/Foundation/Application.php(1078): Illuminate/Container/Container->resolve('team.scope', Array, true)
#3 C:/laragon/www/usama-fandaqah/vendor/laravel/framework/src/Illuminate/Container/Container.php(763): Illuminate/Foundation/Application->resolve('team.scope', Array)
#4 C:/laragon/www/usama-fandaqah/vendor/laravel/framework/src/Illuminate/Foundation/Application.php(1058): Illuminate/Container/Container->make('team.scope', Array)
#5 C:/laragon/www/usama-fandaqah/vendor/laravel/framework/src/Illuminate/Foundation/Http/Kernel.php(258): Illuminate/Foundation/Application->make('team.scope')
#6 C:/laragon/www/usama-fandaqah/vendor/laravel/framework/src/Illuminate/Foundation/Http/Kernel.php(216): Illuminate/Foundation/Http/Kernel->terminateMiddleware(Object(Illuminate/Http/Request), Object(Illuminate/Http/RedirectResponse))
#7 C:/laragon/www/usama-fandaqah/public/index.php(60): Illuminate/Foundation/Http/Kernel->terminate(Object(Illuminate/Http/Request), Object(Illuminate/Http/RedirectResponse))
#8 {main}
"} 
[2026-05-20 10:20:22] local.ERROR: SQLSTATE[42S22]: Column not found: 1054 Unknown column 'date' in 'order clause' (Connection: mysql, SQL: select * from `turnaway_logs` where `team_id` = 1 and `team_id` = 1 order by `date` desc limit 20 offset 0) {"userId":1,"exception":"[object] (Illuminate\\Database\\QueryException(code: 42S22): SQLSTATE[42S22]: Column not found: 1054 Unknown column 'date' in 'order clause' (Connection: mysql, SQL: select * from `turnaway_logs` where `team_id` = 1 and `team_id` = 1 order by `date` desc limit 20 offset 0) at C:/laragon/www/usama-fandaqah/vendor/laravel/framework/src/Illuminate/Database/Connection.php:825)
[stacktrace]
#0 C:/laragon/www/usama-fandaqah/vendor/laravel/framework/src/Illuminate/Database/Connection.php(779): Illuminate/Database/Connection->runQueryCallback('select * from `...', Array, Object(Closure))
#1 C:/laragon/www/usama-fandaqah/vendor/laravel/framework/src/Illuminate/Database/Connection.php(398): Illuminate/Database/Connection->run('select * from `...', Array, Object(Closure))
#2 C:/laragon/www/usama-fandaqah/vendor/laravel/framework/src/Illuminate/Database/Query/Builder.php(3106): Illuminate/Database/Connection->select('select * from `...', Array, true)
#3 C:/laragon/www/usama-fandaqah/vendor/laravel/framework/src/Illuminate/Database/Query/Builder.php(3091): Illuminate/Database/Query/Builder->runSelect()
#4 C:/laragon/www/usama-fandaqah/vendor/laravel/framework/src/Illuminate/Database/Query/Builder.php(3676): Illuminate/Database/Query/Builder->Illuminate/Database/Query/{closure}()
#5 C:/laragon/www/usama-fandaqah/vendor/laravel/framework/src/Illuminate/Database/Query/Builder.php(3090): Illuminate/Database/Query/Builder->onceWithColumns(Array, Object(Closure))
#6 C:/laragon/www/usama-fandaqah/vendor/laravel/framework/src/Illuminate/Database/Eloquent/Builder.php(811): Illuminate/Database/Query/Builder->get(Array)
#7 C:/laragon/www/usama-fandaqah/vendor/laravel/framework/src/Illuminate/Database/Eloquent/Builder.php(793): Illuminate/Database/Eloquent/Builder->getModels(Array)
#8 C:/laragon/www/usama-fandaqah/vendor/laravel/framework/src/Illuminate/Database/Eloquent/Builder.php(1034): Illuminate/Database/Eloquent/Builder->get(Array)
#9 C:/laragon/www/usama-fandaqah/app/Http/Controllers/Api/GuestsCompaniesController.php(343): Illuminate/Database/Eloquent/Builder->paginate(20)
#10 C:/laragon/www/usama-fandaqah/vendor/laravel/framework/src/Illuminate/Routing/ControllerDispatcher.php(47): App/Http/Controllers/Api/GuestsCompaniesController->turnawayLogsIndex(Object(Illuminate/Http/Request))
#11 C:/laragon/www/usama-fandaqah/vendor/laravel/framework/src/Illuminate/Routing/Route.php(266): Illuminate/Routing/ControllerDispatcher->dispatch(Object(Illuminate/Routing/Route), Object(App/Http/Controllers/Api/GuestsCompaniesController), 'turnawayLogsInd...')
#12 C:/laragon/www/usama-fandaqah/vendor/laravel/framework/src/Illuminate/Routing/Route.php(212): Illuminate/Routing/Route->runController()
#13 C:/laragon/www/usama-fandaqah/vendor/laravel/framework/src/Illuminate/Routing/Router.php(808): Illuminate/Routing/Route->run()
#14 C:/laragon/www/usama-fandaqah/vendor/laravel/framework/src/Illuminate/Pipeline/Pipeline.php(170): Illuminate/Routing/Router->Illuminate/Routing/{closure}(Object(Illuminate/Http/Request))
#15 C:/laragon/www/usama-fandaqah/vendor/laravel/framework/src/Illuminate/Routing/Middleware/SubstituteBindings.php(51): Illuminate/Pipeline/Pipeline->Illuminate/Pipeline/{closure}(Object(Illuminate/Http/Request))
#16 C:/laragon/www/usama-fandaqah/vendor/laravel/framework/src/Illuminate/Pipeline/Pipeline.php(209): Illuminate/Routing/Middleware/SubstituteBindings->handle(Object(Illuminate/Http/Request), Object(Closure))
#17 C:/laragon/www/usama-fandaqah/vendor/laravel/framework/src/Illuminate/Auth/Middleware/Authenticate.php(64): Illuminate/Pipeline/Pipeline->Illuminate/Pipeline/{closure}(Object(Illuminate/Http/Request))
#18 C:/laragon/www/usama-fandaqah/vendor/laravel/framework/src/Illuminate/Pipeline/Pipeline.php(209): Illuminate/Auth/Middleware/Authenticate->handle(Object(Illuminate/Http/Request), Object(Closure), 'sanctum')
#19 C:/laragon/www/usama-fandaqah/vendor/laravel/framework/src/Illuminate/Pipeline/Pipeline.php(127): Illuminate/Pipeline/Pipeline->Illuminate/Pipeline/{closure}(Object(Illuminate/Http/Request))
#20 C:/laragon/www/usama-fandaqah/vendor/laravel/framework/src/Illuminate/Routing/Router.php(807): Illuminate/Pipeline/Pipeline->then(Object(Closure))
#21 C:/laragon/www/usama-fandaqah/vendor/laravel/framework/src/Illuminate/Routing/Router.php(786): Illuminate/Routing/Router->runRouteWithinStack(Object(Illuminate/Routing/Route), Object(Illuminate/Http/Request))
#22 C:/laragon/www/usama-fandaqah/vendor/laravel/framework/src/Illuminate/Routing/Router.php(750): Illuminate/Routing/Router->runRoute(Object(Illuminate/Http/Request), Object(Illuminate/Routing/Route))
#23 C:/laragon/www/usama-fandaqah/vendor/laravel/framework/src/Illuminate/Routing/Router.php(739): Illuminate/Routing/Router->dispatchToRoute(Object(Illuminate/Http/Request))
#24 C:/laragon/www/usama-fandaqah/vendor/laravel/framework/src/Illuminate/Foundation/Http/Kernel.php(201): Illuminate/Routing/Router->dispatch(Object(Illuminate/Http/Request))
#25 C:/laragon/www/usama-fandaqah/vendor/laravel/framework/src/Illuminate/Pipeline/Pipeline.php(170): Illuminate/Foundation/Http/Kernel->Illuminate/Foundation/Http/{closure}(Object(Illuminate/Http/Request))
#26 C:/laragon/www/usama-fandaqah/laravelnova/src/Http/Middleware/ServeNova.php(23): Illuminate/Pipeline/Pipeline->Illuminate/Pipeline/{closure}(Object(Illuminate/Http/Request))
#27 C:/laragon/www/usama-fandaqah/vendor/laravel/framework/src/Illuminate/Pipeline/Pipeline.php(209): Laravel/Nova/Http/Middleware/ServeNova->handle(Object(Illuminate/Http/Request), Object(Closure))
#28 C:/laragon/www/usama-fandaqah/vendor/laravel/framework/src/Illuminate/Foundation/Http/Middleware/TransformsRequest.php(21): Illuminate/Pipeline/Pipeline->Illuminate/Pipeline/{closure}(Object(Illuminate/Http/Request))
#29 C:/laragon/www/usama-fandaqah/vendor/laravel/framework/src/Illuminate/Foundation/Http/Middleware/ConvertEmptyStringsToNull.php(31): Illuminate/Foundation/Http/Middleware/TransformsRequest->handle(Object(Illuminate/Http/Request), Object(Closure))
#30 C:/laragon/www/usama-fandaqah/vendor/laravel/framework/src/Illuminate/Pipeline/Pipeline.php(209): Illuminate/Foundation/Http/Middleware/ConvertEmptyStringsToNull->handle(Object(Illuminate/Http/Request), Object(Closure))
#31 C:/laragon/www/usama-fandaqah/vendor/laravel/framework/src/Illuminate/Foundation/Http/Middleware/TransformsRequest.php(21): Illuminate/Pipeline/Pipeline->Illuminate/Pipeline/{closure}(Object(Illuminate/Http/Request))
#32 C:/laragon/www/usama-fandaqah/vendor/laravel/framework/src/Illuminate/Foundation/Http/Middleware/TrimStrings.php(51): Illuminate/Foundation/Http/Middleware/TransformsRequest->handle(Object(Illuminate/Http/Request), Object(Closure))
#33 C:/laragon/www/usama-fandaqah/vendor/laravel/framework/src/Illuminate/Pipeline/Pipeline.php(209): Illuminate/Foundation/Http/Middleware/TrimStrings->handle(Object(Illuminate/Http/Request), Object(Closure))
#34 C:/laragon/www/usama-fandaqah/vendor/laravel/framework/src/Illuminate/Http/Middleware/ValidatePostSize.php(27): Illuminate/Pipeline/Pipeline->Illuminate/Pipeline/{closure}(Object(Illuminate/Http/Request))
#35 C:/laragon/www/usama-fandaqah/vendor/laravel/framework/src/Illuminate/Pipeline/Pipeline.php(209): Illuminate/Http/Middleware/ValidatePostSize->handle(Object(Illuminate/Http/Request), Object(Closure))
#36 C:/laragon/www/usama-fandaqah/vendor/laravel/framework/src/Illuminate/Foundation/Http/Middleware/PreventRequestsDuringMaintenance.php(110): Illuminate/Pipeline/Pipeline->Illuminate/Pipeline/{closure}(Object(Illuminate/Http/Request))
#37 C:/laragon/www/usama-fandaqah/vendor/laravel/framework/src/Illuminate/Pipeline/Pipeline.php(209): Illuminate/Foundation/Http/Middleware/PreventRequestsDuringMaintenance->handle(Object(Illuminate/Http/Request), Object(Closure))
#38 C:/laragon/www/usama-fandaqah/vendor/laravel/framework/src/Illuminate/Http/Middleware/HandleCors.php(62): Illuminate/Pipeline/Pipeline->Illuminate/Pipeline/{closure}(Object(Illuminate/Http/Request))
#39 C:/laragon/www/usama-fandaqah/vendor/laravel/framework/src/Illuminate/Pipeline/Pipeline.php(209): Illuminate/Http/Middleware/HandleCors->handle(Object(Illuminate/Http/Request), Object(Closure))
#40 C:/laragon/www/usama-fandaqah/vendor/laravel/framework/src/Illuminate/Http/Middleware/TrustProxies.php(58): Illuminate/Pipeline/Pipeline->Illuminate/Pipeline/{closure}(Object(Illuminate/Http/Request))
#41 C:/laragon/www/usama-fandaqah/vendor/laravel/framework/src/Illuminate/Pipeline/Pipeline.php(209): Illuminate/Http/Middleware/TrustProxies->handle(Object(Illuminate/Http/Request), Object(Closure))
#42 C:/laragon/www/usama-fandaqah/vendor/laravel/framework/src/Illuminate/Foundation/Http/Middleware/InvokeDeferredCallbacks.php(22): Illuminate/Pipeline/Pipeline->Illuminate/Pipeline/{closure}(Object(Illuminate/Http/Request))
#43 C:/laragon/www/usama-fandaqah/vendor/laravel/framework/src/Illuminate/Pipeline/Pipeline.php(209): Illuminate/Foundation/Http/Middleware/InvokeDeferredCallbacks->handle(Object(Illuminate/Http/Request), Object(Closure))
#44 C:/laragon/www/usama-fandaqah/vendor/laravel/framework/src/Illuminate/Pipeline/Pipeline.php(127): Illuminate/Pipeline/Pipeline->Illuminate/Pipeline/{closure}(Object(Illuminate/Http/Request))
#45 C:/laragon/www/usama-fandaqah/vendor/laravel/framework/src/Illuminate/Foundation/Http/Kernel.php(176): Illuminate/Pipeline/Pipeline->then(Object(Closure))
#46 C:/laragon/www/usama-fandaqah/vendor/laravel/framework/src/Illuminate/Foundation/Http/Kernel.php(145): Illuminate/Foundation/Http/Kernel->sendRequestThroughRouter(Object(Illuminate/Http/Request))
#47 C:/laragon/www/usama-fandaqah/public/index.php(54): Illuminate/Foundation/Http/Kernel->handle(Object(Illuminate/Http/Request))
#48 {main}

[previous exception] [object] (PDOException(code: 42S22): SQLSTATE[42S22]: Column not found: 1054 Unknown column 'date' in 'order clause' at C:/laragon/www/usama-fandaqah/vendor/laravel/framework/src/Illuminate/Database/Connection.php:407)
[stacktrace]
#0 C:/laragon/www/usama-fandaqah/vendor/laravel/framework/src/Illuminate/Database/Connection.php(407): PDO->prepare('select * from `...')
#1 C:/laragon/www/usama-fandaqah/vendor/laravel/framework/src/Illuminate/Database/Connection.php(812): Illuminate/Database/Connection->Illuminate/Database/{closure}('select * from `...', Array)
#2 C:/laragon/www/usama-fandaqah/vendor/laravel/framework/src/Illuminate/Database/Connection.php(779): Illuminate/Database/Connection->runQueryCallback('select * from `...', Array, Object(Closure))
#3 C:/laragon/www/usama-fandaqah/vendor/laravel/framework/src/Illuminate/Database/Connection.php(398): Illuminate/Database/Connection->run('select * from `...', Array, Object(Closure))
#4 C:/laragon/www/usama-fandaqah/vendor/laravel/framework/src/Illuminate/Database/Query/Builder.php(3106): Illuminate/Database/Connection->select('select * from `...', Array, true)
#5 C:/laragon/www/usama-fandaqah/vendor/laravel/framework/src/Illuminate/Database/Query/Builder.php(3091): Illuminate/Database/Query/Builder->runSelect()
#6 C:/laragon/www/usama-fandaqah/vendor/laravel/framework/src/Illuminate/Database/Query/Builder.php(3676): Illuminate/Database/Query/Builder->Illuminate/Database/Query/{closure}()
#7 C:/laragon/www/usama-fandaqah/vendor/laravel/framework/src/Illuminate/Database/Query/Builder.php(3090): Illuminate/Database/Query/Builder->onceWithColumns(Array, Object(Closure))
#8 C:/laragon/www/usama-fandaqah/vendor/laravel/framework/src/Illuminate/Database/Eloquent/Builder.php(811): Illuminate/Database/Query/Builder->get(Array)
#9 C:/laragon/www/usama-fandaqah/vendor/laravel/framework/src/Illuminate/Database/Eloquent/Builder.php(793): Illuminate/Database/Eloquent/Builder->getModels(Array)
#10 C:/laragon/www/usama-fandaqah/vendor/laravel/framework/src/Illuminate/Database/Eloquent/Builder.php(1034): Illuminate/Database/Eloquent/Builder->get(Array)
#11 C:/laragon/www/usama-fandaqah/app/Http/Controllers/Api/GuestsCompaniesController.php(343): Illuminate/Database/Eloquent/Builder->paginate(20)
#12 C:/laragon/www/usama-fandaqah/vendor/laravel/framework/src/Illuminate/Routing/ControllerDispatcher.php(47): App/Http/Controllers/Api/GuestsCompaniesController->turnawayLogsIndex(Object(Illuminate/Http/Request))
#13 C:/laragon/www/usama-fandaqah/vendor/laravel/framework/src/Illuminate/Routing/Route.php(266): Illuminate/Routing/ControllerDispatcher->dispatch(Object(Illuminate/Routing/Route), Object(App/Http/Controllers/Api/GuestsCompaniesController), 'turnawayLogsInd...')
#14 C:/laragon/www/usama-fandaqah/vendor/laravel/framework/src/Illuminate/Routing/Route.php(212): Illuminate/Routing/Route->runController()
#15 C:/laragon/www/usama-fandaqah/vendor/laravel/framework/src/Illuminate/Routing/Router.php(808): Illuminate/Routing/Route->run()
#16 C:/laragon/www/usama-fandaqah/vendor/laravel/framework/src/Illuminate/Pipeline/Pipeline.php(170): Illuminate/Routing/Router->Illuminate/Routing/{closure}(Object(Illuminate/Http/Request))
#17 C:/laragon/www/usama-fandaqah/vendor/laravel/framework/src/Illuminate/Routing/Middleware/SubstituteBindings.php(51): Illuminate/Pipeline/Pipeline->Illuminate/Pipeline/{closure}(Object(Illuminate/Http/Request))
#18 C:/laragon/www/usama-fandaqah/vendor/laravel/framework/src/Illuminate/Pipeline/Pipeline.php(209): Illuminate/Routing/Middleware/SubstituteBindings->handle(Object(Illuminate/Http/Request), Object(Closure))
#19 C:/laragon/www/usama-fandaqah/vendor/laravel/framework/src/Illuminate/Auth/Middleware/Authenticate.php(64): Illuminate/Pipeline/Pipeline->Illuminate/Pipeline/{closure}(Object(Illuminate/Http/Request))
#20 C:/laragon/www/usama-fandaqah/vendor/laravel/framework/src/Illuminate/Pipeline/Pipeline.php(209): Illuminate/Auth/Middleware/Authenticate->handle(Object(Illuminate/Http/Request), Object(Closure), 'sanctum')
#21 C:/laragon/www/usama-fandaqah/vendor/laravel/framework/src/Illuminate/Pipeline/Pipeline.php(127): Illuminate/Pipeline/Pipeline->Illuminate/Pipeline/{closure}(Object(Illuminate/Http/Request))
#22 C:/laragon/www/usama-fandaqah/vendor/laravel/framework/src/Illuminate/Routing/Router.php(807): Illuminate/Pipeline/Pipeline->then(Object(Closure))
#23 C:/laragon/www/usama-fandaqah/vendor/laravel/framework/src/Illuminate/Routing/Router.php(786): Illuminate/Routing/Router->runRouteWithinStack(Object(Illuminate/Routing/Route), Object(Illuminate/Http/Request))
#24 C:/laragon/www/usama-fandaqah/vendor/laravel/framework/src/Illuminate/Routing/Router.php(750): Illuminate/Routing/Router->runRoute(Object(Illuminate/Http/Request), Object(Illuminate/Routing/Route))
#25 C:/laragon/www/usama-fandaqah/vendor/laravel/framework/src/Illuminate/Routing/Router.php(739): Illuminate/Routing/Router->dispatchToRoute(Object(Illuminate/Http/Request))
#26 C:/laragon/www/usama-fandaqah/vendor/laravel/framework/src/Illuminate/Foundation/Http/Kernel.php(201): Illuminate/Routing/Router->dispatch(Object(Illuminate/Http/Request))
#27 C:/laragon/www/usama-fandaqah/vendor/laravel/framework/src/Illuminate/Pipeline/Pipeline.php(170): Illuminate/Foundation/Http/Kernel->Illuminate/Foundation/Http/{closure}(Object(Illuminate/Http/Request))
#28 C:/laragon/www/usama-fandaqah/laravelnova/src/Http/Middleware/ServeNova.php(23): Illuminate/Pipeline/Pipeline->Illuminate/Pipeline/{closure}(Object(Illuminate/Http/Request))
#29 C:/laragon/www/usama-fandaqah/vendor/laravel/framework/src/Illuminate/Pipeline/Pipeline.php(209): Laravel/Nova/Http/Middleware/ServeNova->handle(Object(Illuminate/Http/Request), Object(Closure))
#30 C:/laragon/www/usama-fandaqah/vendor/laravel/framework/src/Illuminate/Foundation/Http/Middleware/TransformsRequest.php(21): Illuminate/Pipeline/Pipeline->Illuminate/Pipeline/{closure}(Object(Illuminate/Http/Request))
#31 C:/laragon/www/usama-fandaqah/vendor/laravel/framework/src/Illuminate/Foundation/Http/Middleware/ConvertEmptyStringsToNull.php(31): Illuminate/Foundation/Http/Middleware/TransformsRequest->handle(Object(Illuminate/Http/Request), Object(Closure))
#32 C:/laragon/www/usama-fandaqah/vendor/laravel/framework/src/Illuminate/Pipeline/Pipeline.php(209): Illuminate/Foundation/Http/Middleware/ConvertEmptyStringsToNull->handle(Object(Illuminate/Http/Request), Object(Closure))
#33 C:/laragon/www/usama-fandaqah/vendor/laravel/framework/src/Illuminate/Foundation/Http/Middleware/TransformsRequest.php(21): Illuminate/Pipeline/Pipeline->Illuminate/Pipeline/{closure}(Object(Illuminate/Http/Request))
#34 C:/laragon/www/usama-fandaqah/vendor/laravel/framework/src/Illuminate/Foundation/Http/Middleware/TrimStrings.php(51): Illuminate/Foundation/Http/Middleware/TransformsRequest->handle(Object(Illuminate/Http/Request), Object(Closure))
#35 C:/laragon/www/usama-fandaqah/vendor/laravel/framework/src/Illuminate/Pipeline/Pipeline.php(209): Illuminate/Foundation/Http/Middleware/TrimStrings->handle(Object(Illuminate/Http/Request), Object(Closure))
#36 C:/laragon/www/usama-fandaqah/vendor/laravel/framework/src/Illuminate/Http/Middleware/ValidatePostSize.php(27): Illuminate/Pipeline/Pipeline->Illuminate/Pipeline/{closure}(Object(Illuminate/Http/Request))
#37 C:/laragon/www/usama-fandaqah/vendor/laravel/framework/src/Illuminate/Pipeline/Pipeline.php(209): Illuminate/Http/Middleware/ValidatePostSize->handle(Object(Illuminate/Http/Request), Object(Closure))
#38 C:/laragon/www/usama-fandaqah/vendor/laravel/framework/src/Illuminate/Foundation/Http/Middleware/PreventRequestsDuringMaintenance.php(110): Illuminate/Pipeline/Pipeline->Illuminate/Pipeline/{closure}(Object(Illuminate/Http/Request))
#39 C:/laragon/www/usama-fandaqah/vendor/laravel/framework/src/Illuminate/Pipeline/Pipeline.php(209): Illuminate/Foundation/Http/Middleware/PreventRequestsDuringMaintenance->handle(Object(Illuminate/Http/Request), Object(Closure))
#40 C:/laragon/www/usama-fandaqah/vendor/laravel/framework/src/Illuminate/Http/Middleware/HandleCors.php(62): Illuminate/Pipeline/Pipeline->Illuminate/Pipeline/{closure}(Object(Illuminate/Http/Request))
#41 C:/laragon/www/usama-fandaqah/vendor/laravel/framework/src/Illuminate/Pipeline/Pipeline.php(209): Illuminate/Http/Middleware/HandleCors->handle(Object(Illuminate/Http/Request), Object(Closure))
#42 C:/laragon/www/usama-fandaqah/vendor/laravel/framework/src/Illuminate/Http/Middleware/TrustProxies.php(58): Illuminate/Pipeline/Pipeline->Illuminate/Pipeline/{closure}(Object(Illuminate/Http/Request))
#43 C:/laragon/www/usama-fandaqah/vendor/laravel/framework/src/Illuminate/Pipeline/Pipeline.php(209): Illuminate/Http/Middleware/TrustProxies->handle(Object(Illuminate/Http/Request), Object(Closure))
#44 C:/laragon/www/usama-fandaqah/vendor/laravel/framework/src/Illuminate/Foundation/Http/Middleware/InvokeDeferredCallbacks.php(22): Illuminate/Pipeline/Pipeline->Illuminate/Pipeline/{closure}(Object(Illuminate/Http/Request))
#45 C:/laragon/www/usama-fandaqah/vendor/laravel/framework/src/Illuminate/Pipeline/Pipeline.php(209): Illuminate/Foundation/Http/Middleware/InvokeDeferredCallbacks->handle(Object(Illuminate/Http/Request), Object(Closure))
#46 C:/laragon/www/usama-fandaqah/vendor/laravel/framework/src/Illuminate/Pipeline/Pipeline.php(127): Illuminate/Pipeline/Pipeline->Illuminate/Pipeline/{closure}(Object(Illuminate/Http/Request))
#47 C:/laragon/www/usama-fandaqah/vendor/laravel/framework/src/Illuminate/Foundation/Http/Kernel.php(176): Illuminate/Pipeline/Pipeline->then(Object(Closure))
#48 C:/laragon/www/usama-fandaqah/vendor/laravel/framework/src/Illuminate/Foundation/Http/Kernel.php(145): Illuminate/Foundation/Http/Kernel->sendRequestThroughRouter(Object(Illuminate/Http/Request))
#49 C:/laragon/www/usama-fandaqah/public/index.php(54): Illuminate/Foundation/Http/Kernel->handle(Object(Illuminate/Http/Request))
#50 {main}
"} 
[2026-05-20 10:20:53] local.ERROR: SQLSTATE[42S22]: Column not found: 1054 Unknown column 'date' in 'order clause' (Connection: mysql, SQL: select * from `turnaway_logs` where `team_id` = 1 and `team_id` = 1 order by `date` desc limit 20 offset 0) {"userId":1,"exception":"[object] (Illuminate\\Database\\QueryException(code: 42S22): SQLSTATE[42S22]: Column not found: 1054 Unknown column 'date' in 'order clause' (Connection: mysql, SQL: select * from `turnaway_logs` where `team_id` = 1 and `team_id` = 1 order by `date` desc limit 20 offset 0) at C:/laragon/www/usama-fandaqah/vendor/laravel/framework/src/Illuminate/Database/Connection.php:825)
[stacktrace]
#0 C:/laragon/www/usama-fandaqah/vendor/laravel/framework/src/Illuminate/Database/Connection.php(779): Illuminate/Database/Connection->runQueryCallback('select * from `...', Array, Object(Closure))
#1 C:/laragon/www/usama-fandaqah/vendor/laravel/framework/src/Illuminate/Database/Connection.php(398): Illuminate/Database/Connection->run('select * from `...', Array, Object(Closure))
#2 C:/laragon/www/usama-fandaqah/vendor/laravel/framework/src/Illuminate/Database/Query/Builder.php(3106): Illuminate/Database/Connection->select('select * from `...', Array, true)
#3 C:/laragon/www/usama-fandaqah/vendor/laravel/framework/src/Illuminate/Database/Query/Builder.php(3091): Illuminate/Database/Query/Builder->runSelect()
#4 C:/laragon/www/usama-fandaqah/vendor/laravel/framework/src/Illuminate/Database/Query/Builder.php(3676): Illuminate/Database/Query/Builder->Illuminate/Database/Query/{closure}()
#5 C:/laragon/www/usama-fandaqah/vendor/laravel/framework/src/Illuminate/Database/Query/Builder.php(3090): Illuminate/Database/Query/Builder->onceWithColumns(Array, Object(Closure))
#6 C:/laragon/www/usama-fandaqah/vendor/laravel/framework/src/Illuminate/Database/Eloquent/Builder.php(811): Illuminate/Database/Query/Builder->get(Array)
#7 C:/laragon/www/usama-fandaqah/vendor/laravel/framework/src/Illuminate/Database/Eloquent/Builder.php(793): Illuminate/Database/Eloquent/Builder->getModels(Array)
#8 C:/laragon/www/usama-fandaqah/vendor/laravel/framework/src/Illuminate/Database/Eloquent/Builder.php(1034): Illuminate/Database/Eloquent/Builder->get(Array)
#9 C:/laragon/www/usama-fandaqah/app/Http/Controllers/Api/GuestsCompaniesController.php(343): Illuminate/Database/Eloquent/Builder->paginate(20)
#10 C:/laragon/www/usama-fandaqah/vendor/laravel/framework/src/Illuminate/Routing/ControllerDispatcher.php(47): App/Http/Controllers/Api/GuestsCompaniesController->turnawayLogsIndex(Object(Illuminate/Http/Request))
#11 C:/laragon/www/usama-fandaqah/vendor/laravel/framework/src/Illuminate/Routing/Route.php(266): Illuminate/Routing/ControllerDispatcher->dispatch(Object(Illuminate/Routing/Route), Object(App/Http/Controllers/Api/GuestsCompaniesController), 'turnawayLogsInd...')
#12 C:/laragon/www/usama-fandaqah/vendor/laravel/framework/src/Illuminate/Routing/Route.php(212): Illuminate/Routing/Route->runController()
#13 C:/laragon/www/usama-fandaqah/vendor/laravel/framework/src/Illuminate/Routing/Router.php(808): Illuminate/Routing/Route->run()
#14 C:/laragon/www/usama-fandaqah/vendor/laravel/framework/src/Illuminate/Pipeline/Pipeline.php(170): Illuminate/Routing/Router->Illuminate/Routing/{closure}(Object(Illuminate/Http/Request))
#15 C:/laragon/www/usama-fandaqah/vendor/laravel/framework/src/Illuminate/Routing/Middleware/SubstituteBindings.php(51): Illuminate/Pipeline/Pipeline->Illuminate/Pipeline/{closure}(Object(Illuminate/Http/Request))
#16 C:/laragon/www/usama-fandaqah/vendor/laravel/framework/src/Illuminate/Pipeline/Pipeline.php(209): Illuminate/Routing/Middleware/SubstituteBindings->handle(Object(Illuminate/Http/Request), Object(Closure))
#17 C:/laragon/www/usama-fandaqah/vendor/laravel/framework/src/Illuminate/Auth/Middleware/Authenticate.php(64): Illuminate/Pipeline/Pipeline->Illuminate/Pipeline/{closure}(Object(Illuminate/Http/Request))
#18 C:/laragon/www/usama-fandaqah/vendor/laravel/framework/src/Illuminate/Pipeline/Pipeline.php(209): Illuminate/Auth/Middleware/Authenticate->handle(Object(Illuminate/Http/Request), Object(Closure), 'sanctum')
#19 C:/laragon/www/usama-fandaqah/vendor/laravel/framework/src/Illuminate/Pipeline/Pipeline.php(127): Illuminate/Pipeline/Pipeline->Illuminate/Pipeline/{closure}(Object(Illuminate/Http/Request))
#20 C:/laragon/www/usama-fandaqah/vendor/laravel/framework/src/Illuminate/Routing/Router.php(807): Illuminate/Pipeline/Pipeline->then(Object(Closure))
#21 C:/laragon/www/usama-fandaqah/vendor/laravel/framework/src/Illuminate/Routing/Router.php(786): Illuminate/Routing/Router->runRouteWithinStack(Object(Illuminate/Routing/Route), Object(Illuminate/Http/Request))
#22 C:/laragon/www/usama-fandaqah/vendor/laravel/framework/src/Illuminate/Routing/Router.php(750): Illuminate/Routing/Router->runRoute(Object(Illuminate/Http/Request), Object(Illuminate/Routing/Route))
#23 C:/laragon/www/usama-fandaqah/vendor/laravel/framework/src/Illuminate/Routing/Router.php(739): Illuminate/Routing/Router->dispatchToRoute(Object(Illuminate/Http/Request))
#24 C:/laragon/www/usama-fandaqah/vendor/laravel/framework/src/Illuminate/Foundation/Http/Kernel.php(201): Illuminate/Routing/Router->dispatch(Object(Illuminate/Http/Request))
#25 C:/laragon/www/usama-fandaqah/vendor/laravel/framework/src/Illuminate/Pipeline/Pipeline.php(170): Illuminate/Foundation/Http/Kernel->Illuminate/Foundation/Http/{closure}(Object(Illuminate/Http/Request))
#26 C:/laragon/www/usama-fandaqah/laravelnova/src/Http/Middleware/ServeNova.php(23): Illuminate/Pipeline/Pipeline->Illuminate/Pipeline/{closure}(Object(Illuminate/Http/Request))
#27 C:/laragon/www/usama-fandaqah/vendor/laravel/framework/src/Illuminate/Pipeline/Pipeline.php(209): Laravel/Nova/Http/Middleware/ServeNova->handle(Object(Illuminate/Http/Request), Object(Closure))
#28 C:/laragon/www/usama-fandaqah/vendor/laravel/framework/src/Illuminate/Foundation/Http/Middleware/TransformsRequest.php(21): Illuminate/Pipeline/Pipeline->Illuminate/Pipeline/{closure}(Object(Illuminate/Http/Request))
#29 C:/laragon/www/usama-fandaqah/vendor/laravel/framework/src/Illuminate/Foundation/Http/Middleware/ConvertEmptyStringsToNull.php(31): Illuminate/Foundation/Http/Middleware/TransformsRequest->handle(Object(Illuminate/Http/Request), Object(Closure))
#30 C:/laragon/www/usama-fandaqah/vendor/laravel/framework/src/Illuminate/Pipeline/Pipeline.php(209): Illuminate/Foundation/Http/Middleware/ConvertEmptyStringsToNull->handle(Object(Illuminate/Http/Request), Object(Closure))
#31 C:/laragon/www/usama-fandaqah/vendor/laravel/framework/src/Illuminate/Foundation/Http/Middleware/TransformsRequest.php(21): Illuminate/Pipeline/Pipeline->Illuminate/Pipeline/{closure}(Object(Illuminate/Http/Request))
#32 C:/laragon/www/usama-fandaqah/vendor/laravel/framework/src/Illuminate/Foundation/Http/Middleware/TrimStrings.php(51): Illuminate/Foundation/Http/Middleware/TransformsRequest->handle(Object(Illuminate/Http/Request), Object(Closure))
#33 C:/laragon/www/usama-fandaqah/vendor/laravel/framework/src/Illuminate/Pipeline/Pipeline.php(209): Illuminate/Foundation/Http/Middleware/TrimStrings->handle(Object(Illuminate/Http/Request), Object(Closure))
#34 C:/laragon/www/usama-fandaqah/vendor/laravel/framework/src/Illuminate/Http/Middleware/ValidatePostSize.php(27): Illuminate/Pipeline/Pipeline->Illuminate/Pipeline/{closure}(Object(Illuminate/Http/Request))
#35 C:/laragon/www/usama-fandaqah/vendor/laravel/framework/src/Illuminate/Pipeline/Pipeline.php(209): Illuminate/Http/Middleware/ValidatePostSize->handle(Object(Illuminate/Http/Request), Object(Closure))
#36 C:/laragon/www/usama-fandaqah/vendor/laravel/framework/src/Illuminate/Foundation/Http/Middleware/PreventRequestsDuringMaintenance.php(110): Illuminate/Pipeline/Pipeline->Illuminate/Pipeline/{closure}(Object(Illuminate/Http/Request))
#37 C:/laragon/www/usama-fandaqah/vendor/laravel/framework/src/Illuminate/Pipeline/Pipeline.php(209): Illuminate/Foundation/Http/Middleware/PreventRequestsDuringMaintenance->handle(Object(Illuminate/Http/Request), Object(Closure))
#38 C:/laragon/www/usama-fandaqah/vendor/laravel/framework/src/Illuminate/Http/Middleware/HandleCors.php(62): Illuminate/Pipeline/Pipeline->Illuminate/Pipeline/{closure}(Object(Illuminate/Http/Request))
#39 C:/laragon/www/usama-fandaqah/vendor/laravel/framework/src/Illuminate/Pipeline/Pipeline.php(209): Illuminate/Http/Middleware/HandleCors->handle(Object(Illuminate/Http/Request), Object(Closure))
#40 C:/laragon/www/usama-fandaqah/vendor/laravel/framework/src/Illuminate/Http/Middleware/TrustProxies.php(58): Illuminate/Pipeline/Pipeline->Illuminate/Pipeline/{closure}(Object(Illuminate/Http/Request))
#41 C:/laragon/www/usama-fandaqah/vendor/laravel/framework/src/Illuminate/Pipeline/Pipeline.php(209): Illuminate/Http/Middleware/TrustProxies->handle(Object(Illuminate/Http/Request), Object(Closure))
#42 C:/laragon/www/usama-fandaqah/vendor/laravel/framework/src/Illuminate/Foundation/Http/Middleware/InvokeDeferredCallbacks.php(22): Illuminate/Pipeline/Pipeline->Illuminate/Pipeline/{closure}(Object(Illuminate/Http/Request))
#43 C:/laragon/www/usama-fandaqah/vendor/laravel/framework/src/Illuminate/Pipeline/Pipeline.php(209): Illuminate/Foundation/Http/Middleware/InvokeDeferredCallbacks->handle(Object(Illuminate/Http/Request), Object(Closure))
#44 C:/laragon/www/usama-fandaqah/vendor/laravel/framework/src/Illuminate/Pipeline/Pipeline.php(127): Illuminate/Pipeline/Pipeline->Illuminate/Pipeline/{closure}(Object(Illuminate/Http/Request))
#45 C:/laragon/www/usama-fandaqah/vendor/laravel/framework/src/Illuminate/Foundation/Http/Kernel.php(176): Illuminate/Pipeline/Pipeline->then(Object(Closure))
#46 C:/laragon/www/usama-fandaqah/vendor/laravel/framework/src/Illuminate/Foundation/Http/Kernel.php(145): Illuminate/Foundation/Http/Kernel->sendRequestThroughRouter(Object(Illuminate/Http/Request))
#47 C:/laragon/www/usama-fandaqah/public/index.php(54): Illuminate/Foundation/Http/Kernel->handle(Object(Illuminate/Http/Request))
#48 {main}

[previous exception] [object] (PDOException(code: 42S22): SQLSTATE[42S22]: Column not found: 1054 Unknown column 'date' in 'order clause' at C:/laragon/www/usama-fandaqah/vendor/laravel/framework/src/Illuminate/Database/Connection.php:407)
[stacktrace]
#0 C:/laragon/www/usama-fandaqah/vendor/laravel/framework/src/Illuminate/Database/Connection.php(407): PDO->prepare('select * from `...')
#1 C:/laragon/www/usama-fandaqah/vendor/laravel/framework/src/Illuminate/Database/Connection.php(812): Illuminate/Database/Connection->Illuminate/Database/{closure}('select * from `...', Array)
#2 C:/laragon/www/usama-fandaqah/vendor/laravel/framework/src/Illuminate/Database/Connection.php(779): Illuminate/Database/Connection->runQueryCallback('select * from `...', Array, Object(Closure))
#3 C:/laragon/www/usama-fandaqah/vendor/laravel/framework/src/Illuminate/Database/Connection.php(398): Illuminate/Database/Connection->run('select * from `...', Array, Object(Closure))
#4 C:/laragon/www/usama-fandaqah/vendor/laravel/framework/src/Illuminate/Database/Query/Builder.php(3106): Illuminate/Database/Connection->select('select * from `...', Array, true)
#5 C:/laragon/www/usama-fandaqah/vendor/laravel/framework/src/Illuminate/Database/Query/Builder.php(3091): Illuminate/Database/Query/Builder->runSelect()
#6 C:/laragon/www/usama-fandaqah/vendor/laravel/framework/src/Illuminate/Database/Query/Builder.php(3676): Illuminate/Database/Query/Builder->Illuminate/Database/Query/{closure}()
#7 C:/laragon/www/usama-fandaqah/vendor/laravel/framework/src/Illuminate/Database/Query/Builder.php(3090): Illuminate/Database/Query/Builder->onceWithColumns(Array, Object(Closure))
#8 C:/laragon/www/usama-fandaqah/vendor/laravel/framework/src/Illuminate/Database/Eloquent/Builder.php(811): Illuminate/Database/Query/Builder->get(Array)
#9 C:/laragon/www/usama-fandaqah/vendor/laravel/framework/src/Illuminate/Database/Eloquent/Builder.php(793): Illuminate/Database/Eloquent/Builder->getModels(Array)
#10 C:/laragon/www/usama-fandaqah/vendor/laravel/framework/src/Illuminate/Database/Eloquent/Builder.php(1034): Illuminate/Database/Eloquent/Builder->get(Array)
#11 C:/laragon/www/usama-fandaqah/app/Http/Controllers/Api/GuestsCompaniesController.php(343): Illuminate/Database/Eloquent/Builder->paginate(20)
#12 C:/laragon/www/usama-fandaqah/vendor/laravel/framework/src/Illuminate/Routing/ControllerDispatcher.php(47): App/Http/Controllers/Api/GuestsCompaniesController->turnawayLogsIndex(Object(Illuminate/Http/Request))
#13 C:/laragon/www/usama-fandaqah/vendor/laravel/framework/src/Illuminate/Routing/Route.php(266): Illuminate/Routing/ControllerDispatcher->dispatch(Object(Illuminate/Routing/Route), Object(App/Http/Controllers/Api/GuestsCompaniesController), 'turnawayLogsInd...')
#14 C:/laragon/www/usama-fandaqah/vendor/laravel/framework/src/Illuminate/Routing/Route.php(212): Illuminate/Routing/Route->runController()
#15 C:/laragon/www/usama-fandaqah/vendor/laravel/framework/src/Illuminate/Routing/Router.php(808): Illuminate/Routing/Route->run()
#16 C:/laragon/www/usama-fandaqah/vendor/laravel/framework/src/Illuminate/Pipeline/Pipeline.php(170): Illuminate/Routing/Router->Illuminate/Routing/{closure}(Object(Illuminate/Http/Request))
#17 C:/laragon/www/usama-fandaqah/vendor/laravel/framework/src/Illuminate/Routing/Middleware/SubstituteBindings.php(51): Illuminate/Pipeline/Pipeline->Illuminate/Pipeline/{closure}(Object(Illuminate/Http/Request))
#18 C:/laragon/www/usama-fandaqah/vendor/laravel/framework/src/Illuminate/Pipeline/Pipeline.php(209): Illuminate/Routing/Middleware/SubstituteBindings->handle(Object(Illuminate/Http/Request), Object(Closure))
#19 C:/laragon/www/usama-fandaqah/vendor/laravel/framework/src/Illuminate/Auth/Middleware/Authenticate.php(64): Illuminate/Pipeline/Pipeline->Illuminate/Pipeline/{closure}(Object(Illuminate/Http/Request))
#20 C:/laragon/www/usama-fandaqah/vendor/laravel/framework/src/Illuminate/Pipeline/Pipeline.php(209): Illuminate/Auth/Middleware/Authenticate->handle(Object(Illuminate/Http/Request), Object(Closure), 'sanctum')
#21 C:/laragon/www/usama-fandaqah/vendor/laravel/framework/src/Illuminate/Pipeline/Pipeline.php(127): Illuminate/Pipeline/Pipeline->Illuminate/Pipeline/{closure}(Object(Illuminate/Http/Request))
#22 C:/laragon/www/usama-fandaqah/vendor/laravel/framework/src/Illuminate/Routing/Router.php(807): Illuminate/Pipeline/Pipeline->then(Object(Closure))
#23 C:/laragon/www/usama-fandaqah/vendor/laravel/framework/src/Illuminate/Routing/Router.php(786): Illuminate/Routing/Router->runRouteWithinStack(Object(Illuminate/Routing/Route), Object(Illuminate/Http/Request))
#24 C:/laragon/www/usama-fandaqah/vendor/laravel/framework/src/Illuminate/Routing/Router.php(750): Illuminate/Routing/Router->runRoute(Object(Illuminate/Http/Request), Object(Illuminate/Routing/Route))
#25 C:/laragon/www/usama-fandaqah/vendor/laravel/framework/src/Illuminate/Routing/Router.php(739): Illuminate/Routing/Router->dispatchToRoute(Object(Illuminate/Http/Request))
#26 C:/laragon/www/usama-fandaqah/vendor/laravel/framework/src/Illuminate/Foundation/Http/Kernel.php(201): Illuminate/Routing/Router->dispatch(Object(Illuminate/Http/Request))
#27 C:/laragon/www/usama-fandaqah/vendor/laravel/framework/src/Illuminate/Pipeline/Pipeline.php(170): Illuminate/Foundation/Http/Kernel->Illuminate/Foundation/Http/{closure}(Object(Illuminate/Http/Request))
#28 C:/laragon/www/usama-fandaqah/laravelnova/src/Http/Middleware/ServeNova.php(23): Illuminate/Pipeline/Pipeline->Illuminate/Pipeline/{closure}(Object(Illuminate/Http/Request))
#29 C:/laragon/www/usama-fandaqah/vendor/laravel/framework/src/Illuminate/Pipeline/Pipeline.php(209): Laravel/Nova/Http/Middleware/ServeNova->handle(Object(Illuminate/Http/Request), Object(Closure))
#30 C:/laragon/www/usama-fandaqah/vendor/laravel/framework/src/Illuminate/Foundation/Http/Middleware/TransformsRequest.php(21): Illuminate/Pipeline/Pipeline->Illuminate/Pipeline/{closure}(Object(Illuminate/Http/Request))
#31 C:/laragon/www/usama-fandaqah/vendor/laravel/framework/src/Illuminate/Foundation/Http/Middleware/ConvertEmptyStringsToNull.php(31): Illuminate/Foundation/Http/Middleware/TransformsRequest->handle(Object(Illuminate/Http/Request), Object(Closure))
#32 C:/laragon/www/usama-fandaqah/vendor/laravel/framework/src/Illuminate/Pipeline/Pipeline.php(209): Illuminate/Foundation/Http/Middleware/ConvertEmptyStringsToNull->handle(Object(Illuminate/Http/Request), Object(Closure))
#33 C:/laragon/www/usama-fandaqah/vendor/laravel/framework/src/Illuminate/Foundation/Http/Middleware/TransformsRequest.php(21): Illuminate/Pipeline/Pipeline->Illuminate/Pipeline/{closure}(Object(Illuminate/Http/Request))
#34 C:/laragon/www/usama-fandaqah/vendor/laravel/framework/src/Illuminate/Foundation/Http/Middleware/TrimStrings.php(51): Illuminate/Foundation/Http/Middleware/TransformsRequest->handle(Object(Illuminate/Http/Request), Object(Closure))
#35 C:/laragon/www/usama-fandaqah/vendor/laravel/framework/src/Illuminate/Pipeline/Pipeline.php(209): Illuminate/Foundation/Http/Middleware/TrimStrings->handle(Object(Illuminate/Http/Request), Object(Closure))
#36 C:/laragon/www/usama-fandaqah/vendor/laravel/framework/src/Illuminate/Http/Middleware/ValidatePostSize.php(27): Illuminate/Pipeline/Pipeline->Illuminate/Pipeline/{closure}(Object(Illuminate/Http/Request))
#37 C:/laragon/www/usama-fandaqah/vendor/laravel/framework/src/Illuminate/Pipeline/Pipeline.php(209): Illuminate/Http/Middleware/ValidatePostSize->handle(Object(Illuminate/Http/Request), Object(Closure))
#38 C:/laragon/www/usama-fandaqah/vendor/laravel/framework/src/Illuminate/Foundation/Http/Middleware/PreventRequestsDuringMaintenance.php(110): Illuminate/Pipeline/Pipeline->Illuminate/Pipeline/{closure}(Object(Illuminate/Http/Request))
#39 C:/laragon/www/usama-fandaqah/vendor/laravel/framework/src/Illuminate/Pipeline/Pipeline.php(209): Illuminate/Foundation/Http/Middleware/PreventRequestsDuringMaintenance->handle(Object(Illuminate/Http/Request), Object(Closure))
#40 C:/laragon/www/usama-fandaqah/vendor/laravel/framework/src/Illuminate/Http/Middleware/HandleCors.php(62): Illuminate/Pipeline/Pipeline->Illuminate/Pipeline/{closure}(Object(Illuminate/Http/Request))
#41 C:/laragon/www/usama-fandaqah/vendor/laravel/framework/src/Illuminate/Pipeline/Pipeline.php(209): Illuminate/Http/Middleware/HandleCors->handle(Object(Illuminate/Http/Request), Object(Closure))
#42 C:/laragon/www/usama-fandaqah/vendor/laravel/framework/src/Illuminate/Http/Middleware/TrustProxies.php(58): Illuminate/Pipeline/Pipeline->Illuminate/Pipeline/{closure}(Object(Illuminate/Http/Request))
#43 C:/laragon/www/usama-fandaqah/vendor/laravel/framework/src/Illuminate/Pipeline/Pipeline.php(209): Illuminate/Http/Middleware/TrustProxies->handle(Object(Illuminate/Http/Request), Object(Closure))
#44 C:/laragon/www/usama-fandaqah/vendor/laravel/framework/src/Illuminate/Foundation/Http/Middleware/InvokeDeferredCallbacks.php(22): Illuminate/Pipeline/Pipeline->Illuminate/Pipeline/{closure}(Object(Illuminate/Http/Request))
#45 C:/laragon/www/usama-fandaqah/vendor/laravel/framework/src/Illuminate/Pipeline/Pipeline.php(209): Illuminate/Foundation/Http/Middleware/InvokeDeferredCallbacks->handle(Object(Illuminate/Http/Request), Object(Closure))
#46 C:/laragon/www/usama-fandaqah/vendor/laravel/framework/src/Illuminate/Pipeline/Pipeline.php(127): Illuminate/Pipeline/Pipeline->Illuminate/Pipeline/{closure}(Object(Illuminate/Http/Request))
#47 C:/laragon/www/usama-fandaqah/vendor/laravel/framework/src/Illuminate/Foundation/Http/Kernel.php(176): Illuminate/Pipeline/Pipeline->then(Object(Closure))
#48 C:/laragon/www/usama-fandaqah/vendor/laravel/framework/src/Illuminate/Foundation/Http/Kernel.php(145): Illuminate/Foundation/Http/Kernel->sendRequestThroughRouter(Object(Illuminate/Http/Request))
#49 C:/laragon/www/usama-fandaqah/public/index.php(54): Illuminate/Foundation/Http/Kernel->handle(Object(Illuminate/Http/Request))
#50 {main}
"} 
[2026-05-20 10:22:07] local.ERROR: Target class [team.scope] does not exist. {"exception":"[object] (Illuminate\\Contracts\\Container\\BindingResolutionException(code: 0): Target class [team.scope] does not exist. at C:/laragon/www/usama-fandaqah/vendor/laravel/framework/src/Illuminate/Container/Container.php:961)
[stacktrace]
#0 C:/laragon/www/usama-fandaqah/vendor/laravel/framework/src/Illuminate/Container/Container.php(832): Illuminate/Container/Container->build('team.scope')
#1 C:/laragon/www/usama-fandaqah/vendor/laravel/framework/src/Illuminate/Foundation/Application.php(1078): Illuminate/Container/Container->resolve('team.scope', Array, true)
#2 C:/laragon/www/usama-fandaqah/vendor/laravel/framework/src/Illuminate/Container/Container.php(763): Illuminate/Foundation/Application->resolve('team.scope', Array)
#3 C:/laragon/www/usama-fandaqah/vendor/laravel/framework/src/Illuminate/Foundation/Application.php(1058): Illuminate/Container/Container->make('team.scope', Array)
#4 C:/laragon/www/usama-fandaqah/vendor/laravel/framework/src/Illuminate/Foundation/Http/Kernel.php(258): Illuminate/Foundation/Application->make('team.scope')
#5 C:/laragon/www/usama-fandaqah/vendor/laravel/framework/src/Illuminate/Foundation/Http/Kernel.php(216): Illuminate/Foundation/Http/Kernel->terminateMiddleware(Object(Illuminate/Http/Request), Object(Illuminate/Http/RedirectResponse))
#6 C:/laragon/www/usama-fandaqah/public/index.php(60): Illuminate/Foundation/Http/Kernel->terminate(Object(Illuminate/Http/Request), Object(Illuminate/Http/RedirectResponse))
#7 {main}

[previous exception] [object] (ReflectionException(code: -1): Class \"team.scope\" does not exist at C:/laragon/www/usama-fandaqah/vendor/laravel/framework/src/Illuminate/Container/Container.php:959)
[stacktrace]
#0 C:/laragon/www/usama-fandaqah/vendor/laravel/framework/src/Illuminate/Container/Container.php(959): ReflectionClass->__construct('team.scope')
#1 C:/laragon/www/usama-fandaqah/vendor/laravel/framework/src/Illuminate/Container/Container.php(832): Illuminate/Container/Container->build('team.scope')
#2 C:/laragon/www/usama-fandaqah/vendor/laravel/framework/src/Illuminate/Foundation/Application.php(1078): Illuminate/Container/Container->resolve('team.scope', Array, true)
#3 C:/laragon/www/usama-fandaqah/vendor/laravel/framework/src/Illuminate/Container/Container.php(763): Illuminate/Foundation/Application->resolve('team.scope', Array)
#4 C:/laragon/www/usama-fandaqah/vendor/laravel/framework/src/Illuminate/Foundation/Application.php(1058): Illuminate/Container/Container->make('team.scope', Array)
#5 C:/laragon/www/usama-fandaqah/vendor/laravel/framework/src/Illuminate/Foundation/Http/Kernel.php(258): Illuminate/Foundation/Application->make('team.scope')
#6 C:/laragon/www/usama-fandaqah/vendor/laravel/framework/src/Illuminate/Foundation/Http/Kernel.php(216): Illuminate/Foundation/Http/Kernel->terminateMiddleware(Object(Illuminate/Http/Request), Object(Illuminate/Http/RedirectResponse))
#7 C:/laragon/www/usama-fandaqah/public/index.php(60): Illuminate/Foundation/Http/Kernel->terminate(Object(Illuminate/Http/Request), Object(Illuminate/Http/RedirectResponse))
#8 {main}
"} 
[2026-05-20 10:24:47] local.ERROR: Target class [team.scope] does not exist. {"exception":"[object] (Illuminate\\Contracts\\Container\\BindingResolutionException(code: 0): Target class [team.scope] does not exist. at C:/laragon/www/usama-fandaqah/vendor/laravel/framework/src/Illuminate/Container/Container.php:961)
[stacktrace]
#0 C:/laragon/www/usama-fandaqah/vendor/laravel/framework/src/Illuminate/Container/Container.php(832): Illuminate/Container/Container->build('team.scope')
#1 C:/laragon/www/usama-fandaqah/vendor/laravel/framework/src/Illuminate/Foundation/Application.php(1078): Illuminate/Container/Container->resolve('team.scope', Array, true)
#2 C:/laragon/www/usama-fandaqah/vendor/laravel/framework/src/Illuminate/Container/Container.php(763): Illuminate/Foundation/Application->resolve('team.scope', Array)
#3 C:/laragon/www/usama-fandaqah/vendor/laravel/framework/src/Illuminate/Foundation/Application.php(1058): Illuminate/Container/Container->make('team.scope', Array)
#4 C:/laragon/www/usama-fandaqah/vendor/laravel/framework/src/Illuminate/Foundation/Http/Kernel.php(258): Illuminate/Foundation/Application->make('team.scope')
#5 C:/laragon/www/usama-fandaqah/vendor/laravel/framework/src/Illuminate/Foundation/Http/Kernel.php(216): Illuminate/Foundation/Http/Kernel->terminateMiddleware(Object(Illuminate/Http/Request), Object(Illuminate/Http/JsonResponse))
#6 C:/laragon/www/usama-fandaqah/public/index.php(60): Illuminate/Foundation/Http/Kernel->terminate(Object(Illuminate/Http/Request), Object(Illuminate/Http/JsonResponse))
#7 {main}

[previous exception] [object] (ReflectionException(code: -1): Class \"team.scope\" does not exist at C:/laragon/www/usama-fandaqah/vendor/laravel/framework/src/Illuminate/Container/Container.php:959)
[stacktrace]
#0 C:/laragon/www/usama-fandaqah/vendor/laravel/framework/src/Illuminate/Container/Container.php(959): ReflectionClass->__construct('team.scope')
#1 C:/laragon/www/usama-fandaqah/vendor/laravel/framework/src/Illuminate/Container/Container.php(832): Illuminate/Container/Container->build('team.scope')
#2 C:/laragon/www/usama-fandaqah/vendor/laravel/framework/src/Illuminate/Foundation/Application.php(1078): Illuminate/Container/Container->resolve('team.scope', Array, true)
#3 C:/laragon/www/usama-fandaqah/vendor/laravel/framework/src/Illuminate/Container/Container.php(763): Illuminate/Foundation/Application->resolve('team.scope', Array)
#4 C:/laragon/www/usama-fandaqah/vendor/laravel/framework/src/Illuminate/Foundation/Application.php(1058): Illuminate/Container/Container->make('team.scope', Array)
#5 C:/laragon/www/usama-fandaqah/vendor/laravel/framework/src/Illuminate/Foundation/Http/Kernel.php(258): Illuminate/Foundation/Application->make('team.scope')
#6 C:/laragon/www/usama-fandaqah/vendor/laravel/framework/src/Illuminate/Foundation/Http/Kernel.php(216): Illuminate/Foundation/Http/Kernel->terminateMiddleware(Object(Illuminate/Http/Request), Object(Illuminate/Http/JsonResponse))
#7 C:/laragon/www/usama-fandaqah/public/index.php(60): Illuminate/Foundation/Http/Kernel->terminate(Object(Illuminate/Http/Request), Object(Illuminate/Http/JsonResponse))
#8 {main}
"} 
[2026-05-20 10:24:48] local.ERROR: Target class [team.scope] does not exist. {"exception":"[object] (Illuminate\\Contracts\\Container\\BindingResolutionException(code: 0): Target class [team.scope] does not exist. at C:/laragon/www/usama-fandaqah/vendor/laravel/framework/src/Illuminate/Container/Container.php:961)
[stacktrace]
#0 C:/laragon/www/usama-fandaqah/vendor/laravel/framework/src/Illuminate/Container/Container.php(832): Illuminate/Container/Container->build('team.scope')
#1 C:/laragon/www/usama-fandaqah/vendor/laravel/framework/src/Illuminate/Foundation/Application.php(1078): Illuminate/Container/Container->resolve('team.scope', Array, true)
#2 C:/laragon/www/usama-fandaqah/vendor/laravel/framework/src/Illuminate/Container/Container.php(763): Illuminate/Foundation/Application->resolve('team.scope', Array)
#3 C:/laragon/www/usama-fandaqah/vendor/laravel/framework/src/Illuminate/Foundation/Application.php(1058): Illuminate/Container/Container->make('team.scope', Array)
#4 C:/laragon/www/usama-fandaqah/vendor/laravel/framework/src/Illuminate/Foundation/Http/Kernel.php(258): Illuminate/Foundation/Application->make('team.scope')
#5 C:/laragon/www/usama-fandaqah/vendor/laravel/framework/src/Illuminate/Foundation/Http/Kernel.php(216): Illuminate/Foundation/Http/Kernel->terminateMiddleware(Object(Illuminate/Http/Request), Object(Illuminate/Http/JsonResponse))
#6 C:/laragon/www/usama-fandaqah/public/index.php(60): Illuminate/Foundation/Http/Kernel->terminate(Object(Illuminate/Http/Request), Object(Illuminate/Http/JsonResponse))
#7 {main}

[previous exception] [object] (ReflectionException(code: -1): Class \"team.scope\" does not exist at C:/laragon/www/usama-fandaqah/vendor/laravel/framework/src/Illuminate/Container/Container.php:959)
[stacktrace]
#0 C:/laragon/www/usama-fandaqah/vendor/laravel/framework/src/Illuminate/Container/Container.php(959): ReflectionClass->__construct('team.scope')
#1 C:/laragon/www/usama-fandaqah/vendor/laravel/framework/src/Illuminate/Container/Container.php(832): Illuminate/Container/Container->build('team.scope')
#2 C:/laragon/www/usama-fandaqah/vendor/laravel/framework/src/Illuminate/Foundation/Application.php(1078): Illuminate/Container/Container->resolve('team.scope', Array, true)
#3 C:/laragon/www/usama-fandaqah/vendor/laravel/framework/src/Illuminate/Container/Container.php(763): Illuminate/Foundation/Application->resolve('team.scope', Array)
#4 C:/laragon/www/usama-fandaqah/vendor/laravel/framework/src/Illuminate/Foundation/Application.php(1058): Illuminate/Container/Container->make('team.scope', Array)
#5 C:/laragon/www/usama-fandaqah/vendor/laravel/framework/src/Illuminate/Foundation/Http/Kernel.php(258): Illuminate/Foundation/Application->make('team.scope')
#6 C:/laragon/www/usama-fandaqah/vendor/laravel/framework/src/Illuminate/Foundation/Http/Kernel.php(216): Illuminate/Foundation/Http/Kernel->terminateMiddleware(Object(Illuminate/Http/Request), Object(Illuminate/Http/JsonResponse))
#7 C:/laragon/www/usama-fandaqah/public/index.php(60): Illuminate/Foundation/Http/Kernel->terminate(Object(Illuminate/Http/Request), Object(Illuminate/Http/JsonResponse))
#8 {main}
"} 
[2026-05-20 10:24:48] local.ERROR: Target class [team.scope] does not exist. {"exception":"[object] (Illuminate\\Contracts\\Container\\BindingResolutionException(code: 0): Target class [team.scope] does not exist. at C:/laragon/www/usama-fandaqah/vendor/laravel/framework/src/Illuminate/Container/Container.php:961)
[stacktrace]
#0 C:/laragon/www/usama-fandaqah/vendor/laravel/framework/src/Illuminate/Container/Container.php(832): Illuminate/Container/Container->build('team.scope')
#1 C:/laragon/www/usama-fandaqah/vendor/laravel/framework/src/Illuminate/Foundation/Application.php(1078): Illuminate/Container/Container->resolve('team.scope', Array, true)
#2 C:/laragon/www/usama-fandaqah/vendor/laravel/framework/src/Illuminate/Container/Container.php(763): Illuminate/Foundation/Application->resolve('team.scope', Array)
#3 C:/laragon/www/usama-fandaqah/vendor/laravel/framework/src/Illuminate/Foundation/Application.php(1058): Illuminate/Container/Container->make('team.scope', Array)
#4 C:/laragon/www/usama-fandaqah/vendor/laravel/framework/src/Illuminate/Foundation/Http/Kernel.php(258): Illuminate/Foundation/Application->make('team.scope')
#5 C:/laragon/www/usama-fandaqah/vendor/laravel/framework/src/Illuminate/Foundation/Http/Kernel.php(216): Illuminate/Foundation/Http/Kernel->terminateMiddleware(Object(Illuminate/Http/Request), Object(Illuminate/Http/JsonResponse))
#6 C:/laragon/www/usama-fandaqah/public/index.php(60): Illuminate/Foundation/Http/Kernel->terminate(Object(Illuminate/Http/Request), Object(Illuminate/Http/JsonResponse))
#7 {main}

[previous exception] [object] (ReflectionException(code: -1): Class \"team.scope\" does not exist at C:/laragon/www/usama-fandaqah/vendor/laravel/framework/src/Illuminate/Container/Container.php:959)
[stacktrace]
#0 C:/laragon/www/usama-fandaqah/vendor/laravel/framework/src/Illuminate/Container/Container.php(959): ReflectionClass->__construct('team.scope')
#1 C:/laragon/www/usama-fandaqah/vendor/laravel/framework/src/Illuminate/Container/Container.php(832): Illuminate/Container/Container->build('team.scope')
#2 C:/laragon/www/usama-fandaqah/vendor/laravel/framework/src/Illuminate/Foundation/Application.php(1078): Illuminate/Container/Container->resolve('team.scope', Array, true)
#3 C:/laragon/www/usama-fandaqah/vendor/laravel/framework/src/Illuminate/Container/Container.php(763): Illuminate/Foundation/Application->resolve('team.scope', Array)
#4 C:/laragon/www/usama-fandaqah/vendor/laravel/framework/src/Illuminate/Foundation/Application.php(1058): Illuminate/Container/Container->make('team.scope', Array)
#5 C:/laragon/www/usama-fandaqah/vendor/laravel/framework/src/Illuminate/Foundation/Http/Kernel.php(258): Illuminate/Foundation/Application->make('team.scope')
#6 C:/laragon/www/usama-fandaqah/vendor/laravel/framework/src/Illuminate/Foundation/Http/Kernel.php(216): Illuminate/Foundation/Http/Kernel->terminateMiddleware(Object(Illuminate/Http/Request), Object(Illuminate/Http/JsonResponse))
#7 C:/laragon/www/usama-fandaqah/public/index.php(60): Illuminate/Foundation/Http/Kernel->terminate(Object(Illuminate/Http/Request), Object(Illuminate/Http/JsonResponse))
#8 {main}
"} 
[2026-05-20 10:24:52] local.ERROR: Target class [team.scope] does not exist. {"exception":"[object] (Illuminate\\Contracts\\Container\\BindingResolutionException(code: 0): Target class [team.scope] does not exist. at C:/laragon/www/usama-fandaqah/vendor/laravel/framework/src/Illuminate/Container/Container.php:961)
[stacktrace]
#0 C:/laragon/www/usama-fandaqah/vendor/laravel/framework/src/Illuminate/Container/Container.php(832): Illuminate/Container/Container->build('team.scope')
#1 C:/laragon/www/usama-fandaqah/vendor/laravel/framework/src/Illuminate/Foundation/Application.php(1078): Illuminate/Container/Container->resolve('team.scope', Array, true)
#2 C:/laragon/www/usama-fandaqah/vendor/laravel/framework/src/Illuminate/Container/Container.php(763): Illuminate/Foundation/Application->resolve('team.scope', Array)
#3 C:/laragon/www/usama-fandaqah/vendor/laravel/framework/src/Illuminate/Foundation/Application.php(1058): Illuminate/Container/Container->make('team.scope', Array)
#4 C:/laragon/www/usama-fandaqah/vendor/laravel/framework/src/Illuminate/Foundation/Http/Kernel.php(258): Illuminate/Foundation/Application->make('team.scope')
#5 C:/laragon/www/usama-fandaqah/vendor/laravel/framework/src/Illuminate/Foundation/Http/Kernel.php(216): Illuminate/Foundation/Http/Kernel->terminateMiddleware(Object(Illuminate/Http/Request), Object(Illuminate/Http/JsonResponse))
#6 C:/laragon/www/usama-fandaqah/public/index.php(60): Illuminate/Foundation/Http/Kernel->terminate(Object(Illuminate/Http/Request), Object(Illuminate/Http/JsonResponse))
#7 {main}

[previous exception] [object] (ReflectionException(code: -1): Class \"team.scope\" does not exist at C:/laragon/www/usama-fandaqah/vendor/laravel/framework/src/Illuminate/Container/Container.php:959)
[stacktrace]
#0 C:/laragon/www/usama-fandaqah/vendor/laravel/framework/src/Illuminate/Container/Container.php(959): ReflectionClass->__construct('team.scope')
#1 C:/laragon/www/usama-fandaqah/vendor/laravel/framework/src/Illuminate/Container/Container.php(832): Illuminate/Container/Container->build('team.scope')
#2 C:/laragon/www/usama-fandaqah/vendor/laravel/framework/src/Illuminate/Foundation/Application.php(1078): Illuminate/Container/Container->resolve('team.scope', Array, true)
#3 C:/laragon/www/usama-fandaqah/vendor/laravel/framework/src/Illuminate/Container/Container.php(763): Illuminate/Foundation/Application->resolve('team.scope', Array)
#4 C:/laragon/www/usama-fandaqah/vendor/laravel/framework/src/Illuminate/Foundation/Application.php(1058): Illuminate/Container/Container->make('team.scope', Array)
#5 C:/laragon/www/usama-fandaqah/vendor/laravel/framework/src/Illuminate/Foundation/Http/Kernel.php(258): Illuminate/Foundation/Application->make('team.scope')
#6 C:/laragon/www/usama-fandaqah/vendor/laravel/framework/src/Illuminate/Foundation/Http/Kernel.php(216): Illuminate/Foundation/Http/Kernel->terminateMiddleware(Object(Illuminate/Http/Request), Object(Illuminate/Http/JsonResponse))
#7 C:/laragon/www/usama-fandaqah/public/index.php(60): Illuminate/Foundation/Http/Kernel->terminate(Object(Illuminate/Http/Request), Object(Illuminate/Http/JsonResponse))
#8 {main}
"} 
[2026-05-20 10:24:52] local.ERROR: Target class [team.scope] does not exist. {"exception":"[object] (Illuminate\\Contracts\\Container\\BindingResolutionException(code: 0): Target class [team.scope] does not exist. at C:/laragon/www/usama-fandaqah/vendor/laravel/framework/src/Illuminate/Container/Container.php:961)
[stacktrace]
#0 C:/laragon/www/usama-fandaqah/vendor/laravel/framework/src/Illuminate/Container/Container.php(832): Illuminate/Container/Container->build('team.scope')
#1 C:/laragon/www/usama-fandaqah/vendor/laravel/framework/src/Illuminate/Foundation/Application.php(1078): Illuminate/Container/Container->resolve('team.scope', Array, true)
#2 C:/laragon/www/usama-fandaqah/vendor/laravel/framework/src/Illuminate/Container/Container.php(763): Illuminate/Foundation/Application->resolve('team.scope', Array)
#3 C:/laragon/www/usama-fandaqah/vendor/laravel/framework/src/Illuminate/Foundation/Application.php(1058): Illuminate/Container/Container->make('team.scope', Array)
#4 C:/laragon/www/usama-fandaqah/vendor/laravel/framework/src/Illuminate/Foundation/Http/Kernel.php(258): Illuminate/Foundation/Application->make('team.scope')
#5 C:/laragon/www/usama-fandaqah/vendor/laravel/framework/src/Illuminate/Foundation/Http/Kernel.php(216): Illuminate/Foundation/Http/Kernel->terminateMiddleware(Object(Illuminate/Http/Request), Object(Illuminate/Http/JsonResponse))
#6 C:/laragon/www/usama-fandaqah/public/index.php(60): Illuminate/Foundation/Http/Kernel->terminate(Object(Illuminate/Http/Request), Object(Illuminate/Http/JsonResponse))
#7 {main}

[previous exception] [object] (ReflectionException(code: -1): Class \"team.scope\" does not exist at C:/laragon/www/usama-fandaqah/vendor/laravel/framework/src/Illuminate/Container/Container.php:959)
[stacktrace]
#0 C:/laragon/www/usama-fandaqah/vendor/laravel/framework/src/Illuminate/Container/Container.php(959): ReflectionClass->__construct('team.scope')
#1 C:/laragon/www/usama-fandaqah/vendor/laravel/framework/src/Illuminate/Container/Container.php(832): Illuminate/Container/Container->build('team.scope')
#2 C:/laragon/www/usama-fandaqah/vendor/laravel/framework/src/Illuminate/Foundation/Application.php(1078): Illuminate/Container/Container->resolve('team.scope', Array, true)
#3 C:/laragon/www/usama-fandaqah/vendor/laravel/framework/src/Illuminate/Container/Container.php(763): Illuminate/Foundation/Application->resolve('team.scope', Array)
#4 C:/laragon/www/usama-fandaqah/vendor/laravel/framework/src/Illuminate/Foundation/Application.php(1058): Illuminate/Container/Container->make('team.scope', Array)
#5 C:/laragon/www/usama-fandaqah/vendor/laravel/framework/src/Illuminate/Foundation/Http/Kernel.php(258): Illuminate/Foundation/Application->make('team.scope')
#6 C:/laragon/www/usama-fandaqah/vendor/laravel/framework/src/Illuminate/Foundation/Http/Kernel.php(216): Illuminate/Foundation/Http/Kernel->terminateMiddleware(Object(Illuminate/Http/Request), Object(Illuminate/Http/JsonResponse))
#7 C:/laragon/www/usama-fandaqah/public/index.php(60): Illuminate/Foundation/Http/Kernel->terminate(Object(Illuminate/Http/Request), Object(Illuminate/Http/JsonResponse))
#8 {main}
"} 
[2026-05-20 10:24:54] local.ERROR: Target class [team.scope] does not exist. {"exception":"[object] (Illuminate\\Contracts\\Container\\BindingResolutionException(code: 0): Target class [team.scope] does not exist. at C:/laragon/www/usama-fandaqah/vendor/laravel/framework/src/Illuminate/Container/Container.php:961)
[stacktrace]
#0 C:/laragon/www/usama-fandaqah/vendor/laravel/framework/src/Illuminate/Container/Container.php(832): Illuminate/Container/Container->build('team.scope')
#1 C:/laragon/www/usama-fandaqah/vendor/laravel/framework/src/Illuminate/Foundation/Application.php(1078): Illuminate/Container/Container->resolve('team.scope', Array, true)
#2 C:/laragon/www/usama-fandaqah/vendor/laravel/framework/src/Illuminate/Container/Container.php(763): Illuminate/Foundation/Application->resolve('team.scope', Array)
#3 C:/laragon/www/usama-fandaqah/vendor/laravel/framework/src/Illuminate/Foundation/Application.php(1058): Illuminate/Container/Container->make('team.scope', Array)
#4 C:/laragon/www/usama-fandaqah/vendor/laravel/framework/src/Illuminate/Foundation/Http/Kernel.php(258): Illuminate/Foundation/Application->make('team.scope')
#5 C:/laragon/www/usama-fandaqah/vendor/laravel/framework/src/Illuminate/Foundation/Http/Kernel.php(216): Illuminate/Foundation/Http/Kernel->terminateMiddleware(Object(Illuminate/Http/Request), Object(Illuminate/Http/JsonResponse))
#6 C:/laragon/www/usama-fandaqah/public/index.php(60): Illuminate/Foundation/Http/Kernel->terminate(Object(Illuminate/Http/Request), Object(Illuminate/Http/JsonResponse))
#7 {main}

[previous exception] [object] (ReflectionException(code: -1): Class \"team.scope\" does not exist at C:/laragon/www/usama-fandaqah/vendor/laravel/framework/src/Illuminate/Container/Container.php:959)
[stacktrace]
#0 C:/laragon/www/usama-fandaqah/vendor/laravel/framework/src/Illuminate/Container/Container.php(959): ReflectionClass->__construct('team.scope')
#1 C:/laragon/www/usama-fandaqah/vendor/laravel/framework/src/Illuminate/Container/Container.php(832): Illuminate/Container/Container->build('team.scope')
#2 C:/laragon/www/usama-fandaqah/vendor/laravel/framework/src/Illuminate/Foundation/Application.php(1078): Illuminate/Container/Container->resolve('team.scope', Array, true)
#3 C:/laragon/www/usama-fandaqah/vendor/laravel/framework/src/Illuminate/Container/Container.php(763): Illuminate/Foundation/Application->resolve('team.scope', Array)
#4 C:/laragon/www/usama-fandaqah/vendor/laravel/framework/src/Illuminate/Foundation/Application.php(1058): Illuminate/Container/Container->make('team.scope', Array)
#5 C:/laragon/www/usama-fandaqah/vendor/laravel/framework/src/Illuminate/Foundation/Http/Kernel.php(258): Illuminate/Foundation/Application->make('team.scope')
#6 C:/laragon/www/usama-fandaqah/vendor/laravel/framework/src/Illuminate/Foundation/Http/Kernel.php(216): Illuminate/Foundation/Http/Kernel->terminateMiddleware(Object(Illuminate/Http/Request), Object(Illuminate/Http/JsonResponse))
#7 C:/laragon/www/usama-fandaqah/public/index.php(60): Illuminate/Foundation/Http/Kernel->terminate(Object(Illuminate/Http/Request), Object(Illuminate/Http/JsonResponse))
#8 {main}
"} 
[2026-05-20 10:24:54] local.ERROR: Target class [team.scope] does not exist. {"exception":"[object] (Illuminate\\Contracts\\Container\\BindingResolutionException(code: 0): Target class [team.scope] does not exist. at C:/laragon/www/usama-fandaqah/vendor/laravel/framework/src/Illuminate/Container/Container.php:961)
[stacktrace]
#0 C:/laragon/www/usama-fandaqah/vendor/laravel/framework/src/Illuminate/Container/Container.php(832): Illuminate/Container/Container->build('team.scope')
#1 C:/laragon/www/usama-fandaqah/vendor/laravel/framework/src/Illuminate/Foundation/Application.php(1078): Illuminate/Container/Container->resolve('team.scope', Array, true)
#2 C:/laragon/www/usama-fandaqah/vendor/laravel/framework/src/Illuminate/Container/Container.php(763): Illuminate/Foundation/Application->resolve('team.scope', Array)
#3 C:/laragon/www/usama-fandaqah/vendor/laravel/framework/src/Illuminate/Foundation/Application.php(1058): Illuminate/Container/Container->make('team.scope', Array)
#4 C:/laragon/www/usama-fandaqah/vendor/laravel/framework/src/Illuminate/Foundation/Http/Kernel.php(258): Illuminate/Foundation/Application->make('team.scope')
#5 C:/laragon/www/usama-fandaqah/vendor/laravel/framework/src/Illuminate/Foundation/Http/Kernel.php(216): Illuminate/Foundation/Http/Kernel->terminateMiddleware(Object(Illuminate/Http/Request), Object(Illuminate/Http/JsonResponse))
#6 C:/laragon/www/usama-fandaqah/public/index.php(60): Illuminate/Foundation/Http/Kernel->terminate(Object(Illuminate/Http/Request), Object(Illuminate/Http/JsonResponse))
#7 {main}

[previous exception] [object] (ReflectionException(code: -1): Class \"team.scope\" does not exist at C:/laragon/www/usama-fandaqah/vendor/laravel/framework/src/Illuminate/Container/Container.php:959)
[stacktrace]
#0 C:/laragon/www/usama-fandaqah/vendor/laravel/framework/src/Illuminate/Container/Container.php(959): ReflectionClass->__construct('team.scope')
#1 C:/laragon/www/usama-fandaqah/vendor/laravel/framework/src/Illuminate/Container/Container.php(832): Illuminate/Container/Container->build('team.scope')
#2 C:/laragon/www/usama-fandaqah/vendor/laravel/framework/src/Illuminate/Foundation/Application.php(1078): Illuminate/Container/Container->resolve('team.scope', Array, true)
#3 C:/laragon/www/usama-fandaqah/vendor/laravel/framework/src/Illuminate/Container/Container.php(763): Illuminate/Foundation/Application->resolve('team.scope', Array)
#4 C:/laragon/www/usama-fandaqah/vendor/laravel/framework/src/Illuminate/Foundation/Application.php(1058): Illuminate/Container/Container->make('team.scope', Array)
#5 C:/laragon/www/usama-fandaqah/vendor/laravel/framework/src/Illuminate/Foundation/Http/Kernel.php(258): Illuminate/Foundation/Application->make('team.scope')
#6 C:/laragon/www/usama-fandaqah/vendor/laravel/framework/src/Illuminate/Foundation/Http/Kernel.php(216): Illuminate/Foundation/Http/Kernel->terminateMiddleware(Object(Illuminate/Http/Request), Object(Illuminate/Http/JsonResponse))
#7 C:/laragon/www/usama-fandaqah/public/index.php(60): Illuminate/Foundation/Http/Kernel->terminate(Object(Illuminate/Http/Request), Object(Illuminate/Http/JsonResponse))
#8 {main}
"} 
[2026-05-20 10:24:55] local.ERROR: Target class [team.scope] does not exist. {"exception":"[object] (Illuminate\\Contracts\\Container\\BindingResolutionException(code: 0): Target class [team.scope] does not exist. at C:/laragon/www/usama-fandaqah/vendor/laravel/framework/src/Illuminate/Container/Container.php:961)
[stacktrace]
#0 C:/laragon/www/usama-fandaqah/vendor/laravel/framework/src/Illuminate/Container/Container.php(832): Illuminate/Container/Container->build('team.scope')
#1 C:/laragon/www/usama-fandaqah/vendor/laravel/framework/src/Illuminate/Foundation/Application.php(1078): Illuminate/Container/Container->resolve('team.scope', Array, true)
#2 C:/laragon/www/usama-fandaqah/vendor/laravel/framework/src/Illuminate/Container/Container.php(763): Illuminate/Foundation/Application->resolve('team.scope', Array)
#3 C:/laragon/www/usama-fandaqah/vendor/laravel/framework/src/Illuminate/Foundation/Application.php(1058): Illuminate/Container/Container->make('team.scope', Array)
#4 C:/laragon/www/usama-fandaqah/vendor/laravel/framework/src/Illuminate/Foundation/Http/Kernel.php(258): Illuminate/Foundation/Application->make('team.scope')
#5 C:/laragon/www/usama-fandaqah/vendor/laravel/framework/src/Illuminate/Foundation/Http/Kernel.php(216): Illuminate/Foundation/Http/Kernel->terminateMiddleware(Object(Illuminate/Http/Request), Object(Illuminate/Http/JsonResponse))
#6 C:/laragon/www/usama-fandaqah/public/index.php(60): Illuminate/Foundation/Http/Kernel->terminate(Object(Illuminate/Http/Request), Object(Illuminate/Http/JsonResponse))
#7 {main}

[previous exception] [object] (ReflectionException(code: -1): Class \"team.scope\" does not exist at C:/laragon/www/usama-fandaqah/vendor/laravel/framework/src/Illuminate/Container/Container.php:959)
[stacktrace]
#0 C:/laragon/www/usama-fandaqah/vendor/laravel/framework/src/Illuminate/Container/Container.php(959): ReflectionClass->__construct('team.scope')
#1 C:/laragon/www/usama-fandaqah/vendor/laravel/framework/src/Illuminate/Container/Container.php(832): Illuminate/Container/Container->build('team.scope')
#2 C:/laragon/www/usama-fandaqah/vendor/laravel/framework/src/Illuminate/Foundation/Application.php(1078): Illuminate/Container/Container->resolve('team.scope', Array, true)
#3 C:/laragon/www/usama-fandaqah/vendor/laravel/framework/src/Illuminate/Container/Container.php(763): Illuminate/Foundation/Application->resolve('team.scope', Array)
#4 C:/laragon/www/usama-fandaqah/vendor/laravel/framework/src/Illuminate/Foundation/Application.php(1058): Illuminate/Container/Container->make('team.scope', Array)
#5 C:/laragon/www/usama-fandaqah/vendor/laravel/framework/src/Illuminate/Foundation/Http/Kernel.php(258): Illuminate/Foundation/Application->make('team.scope')
#6 C:/laragon/www/usama-fandaqah/vendor/laravel/framework/src/Illuminate/Foundation/Http/Kernel.php(216): Illuminate/Foundation/Http/Kernel->terminateMiddleware(Object(Illuminate/Http/Request), Object(Illuminate/Http/JsonResponse))
#7 C:/laragon/www/usama-fandaqah/public/index.php(60): Illuminate/Foundation/Http/Kernel->terminate(Object(Illuminate/Http/Request), Object(Illuminate/Http/JsonResponse))
#8 {main}
"} 
[2026-05-20 10:24:55] local.ERROR: Target class [team.scope] does not exist. {"exception":"[object] (Illuminate\\Contracts\\Container\\BindingResolutionException(code: 0): Target class [team.scope] does not exist. at C:/laragon/www/usama-fandaqah/vendor/laravel/framework/src/Illuminate/Container/Container.php:961)
[stacktrace]
#0 C:/laragon/www/usama-fandaqah/vendor/laravel/framework/src/Illuminate/Container/Container.php(832): Illuminate/Container/Container->build('team.scope')
#1 C:/laragon/www/usama-fandaqah/vendor/laravel/framework/src/Illuminate/Foundation/Application.php(1078): Illuminate/Container/Container->resolve('team.scope', Array, true)
#2 C:/laragon/www/usama-fandaqah/vendor/laravel/framework/src/Illuminate/Container/Container.php(763): Illuminate/Foundation/Application->resolve('team.scope', Array)
#3 C:/laragon/www/usama-fandaqah/vendor/laravel/framework/src/Illuminate/Foundation/Application.php(1058): Illuminate/Container/Container->make('team.scope', Array)
#4 C:/laragon/www/usama-fandaqah/vendor/laravel/framework/src/Illuminate/Foundation/Http/Kernel.php(258): Illuminate/Foundation/Application->make('team.scope')
#5 C:/laragon/www/usama-fandaqah/vendor/laravel/framework/src/Illuminate/Foundation/Http/Kernel.php(216): Illuminate/Foundation/Http/Kernel->terminateMiddleware(Object(Illuminate/Http/Request), Object(Illuminate/Http/JsonResponse))
#6 C:/laragon/www/usama-fandaqah/public/index.php(60): Illuminate/Foundation/Http/Kernel->terminate(Object(Illuminate/Http/Request), Object(Illuminate/Http/JsonResponse))
#7 {main}

[previous exception] [object] (ReflectionException(code: -1): Class \"team.scope\" does not exist at C:/laragon/www/usama-fandaqah/vendor/laravel/framework/src/Illuminate/Container/Container.php:959)
[stacktrace]
#0 C:/laragon/www/usama-fandaqah/vendor/laravel/framework/src/Illuminate/Container/Container.php(959): ReflectionClass->__construct('team.scope')
#1 C:/laragon/www/usama-fandaqah/vendor/laravel/framework/src/Illuminate/Container/Container.php(832): Illuminate/Container/Container->build('team.scope')
#2 C:/laragon/www/usama-fandaqah/vendor/laravel/framework/src/Illuminate/Foundation/Application.php(1078): Illuminate/Container/Container->resolve('team.scope', Array, true)
#3 C:/laragon/www/usama-fandaqah/vendor/laravel/framework/src/Illuminate/Container/Container.php(763): Illuminate/Foundation/Application->resolve('team.scope', Array)
#4 C:/laragon/www/usama-fandaqah/vendor/laravel/framework/src/Illuminate/Foundation/Application.php(1058): Illuminate/Container/Container->make('team.scope', Array)
#5 C:/laragon/www/usama-fandaqah/vendor/laravel/framework/src/Illuminate/Foundation/Http/Kernel.php(258): Illuminate/Foundation/Application->make('team.scope')
#6 C:/laragon/www/usama-fandaqah/vendor/laravel/framework/src/Illuminate/Foundation/Http/Kernel.php(216): Illuminate/Foundation/Http/Kernel->terminateMiddleware(Object(Illuminate/Http/Request), Object(Illuminate/Http/JsonResponse))
#7 C:/laragon/www/usama-fandaqah/public/index.php(60): Illuminate/Foundation/Http/Kernel->terminate(Object(Illuminate/Http/Request), Object(Illuminate/Http/JsonResponse))
#8 {main}
"} 
[2026-05-20 10:24:55] local.ERROR: Target class [team.scope] does not exist. {"exception":"[object] (Illuminate\\Contracts\\Container\\BindingResolutionException(code: 0): Target class [team.scope] does not exist. at C:/laragon/www/usama-fandaqah/vendor/laravel/framework/src/Illuminate/Container/Container.php:961)
[stacktrace]
#0 C:/laragon/www/usama-fandaqah/vendor/laravel/framework/src/Illuminate/Container/Container.php(832): Illuminate/Container/Container->build('team.scope')
#1 C:/laragon/www/usama-fandaqah/vendor/laravel/framework/src/Illuminate/Foundation/Application.php(1078): Illuminate/Container/Container->resolve('team.scope', Array, true)
#2 C:/laragon/www/usama-fandaqah/vendor/laravel/framework/src/Illuminate/Container/Container.php(763): Illuminate/Foundation/Application->resolve('team.scope', Array)
#3 C:/laragon/www/usama-fandaqah/vendor/laravel/framework/src/Illuminate/Foundation/Application.php(1058): Illuminate/Container/Container->make('team.scope', Array)
#4 C:/laragon/www/usama-fandaqah/vendor/laravel/framework/src/Illuminate/Foundation/Http/Kernel.php(258): Illuminate/Foundation/Application->make('team.scope')
#5 C:/laragon/www/usama-fandaqah/vendor/laravel/framework/src/Illuminate/Foundation/Http/Kernel.php(216): Illuminate/Foundation/Http/Kernel->terminateMiddleware(Object(Illuminate/Http/Request), Object(Illuminate/Http/JsonResponse))
#6 C:/laragon/www/usama-fandaqah/public/index.php(60): Illuminate/Foundation/Http/Kernel->terminate(Object(Illuminate/Http/Request), Object(Illuminate/Http/JsonResponse))
#7 {main}

[previous exception] [object] (ReflectionException(code: -1): Class \"team.scope\" does not exist at C:/laragon/www/usama-fandaqah/vendor/laravel/framework/src/Illuminate/Container/Container.php:959)
[stacktrace]
#0 C:/laragon/www/usama-fandaqah/vendor/laravel/framework/src/Illuminate/Container/Container.php(959): ReflectionClass->__construct('team.scope')
#1 C:/laragon/www/usama-fandaqah/vendor/laravel/framework/src/Illuminate/Container/Container.php(832): Illuminate/Container/Container->build('team.scope')
#2 C:/laragon/www/usama-fandaqah/vendor/laravel/framework/src/Illuminate/Foundation/Application.php(1078): Illuminate/Container/Container->resolve('team.scope', Array, true)
#3 C:/laragon/www/usama-fandaqah/vendor/laravel/framework/src/Illuminate/Container/Container.php(763): Illuminate/Foundation/Application->resolve('team.scope', Array)
#4 C:/laragon/www/usama-fandaqah/vendor/laravel/framework/src/Illuminate/Foundation/Application.php(1058): Illuminate/Container/Container->make('team.scope', Array)
#5 C:/laragon/www/usama-fandaqah/vendor/laravel/framework/src/Illuminate/Foundation/Http/Kernel.php(258): Illuminate/Foundation/Application->make('team.scope')
#6 C:/laragon/www/usama-fandaqah/vendor/laravel/framework/src/Illuminate/Foundation/Http/Kernel.php(216): Illuminate/Foundation/Http/Kernel->terminateMiddleware(Object(Illuminate/Http/Request), Object(Illuminate/Http/JsonResponse))
#7 C:/laragon/www/usama-fandaqah/public/index.php(60): Illuminate/Foundation/Http/Kernel->terminate(Object(Illuminate/Http/Request), Object(Illuminate/Http/JsonResponse))
#8 {main}
"} 
[2026-05-20 10:24:57] local.ERROR: Target class [team.scope] does not exist. {"exception":"[object] (Illuminate\\Contracts\\Container\\BindingResolutionException(code: 0): Target class [team.scope] does not exist. at C:/laragon/www/usama-fandaqah/vendor/laravel/framework/src/Illuminate/Container/Container.php:961)
[stacktrace]
#0 C:/laragon/www/usama-fandaqah/vendor/laravel/framework/src/Illuminate/Container/Container.php(832): Illuminate/Container/Container->build('team.scope')
#1 C:/laragon/www/usama-fandaqah/vendor/laravel/framework/src/Illuminate/Foundation/Application.php(1078): Illuminate/Container/Container->resolve('team.scope', Array, true)
#2 C:/laragon/www/usama-fandaqah/vendor/laravel/framework/src/Illuminate/Container/Container.php(763): Illuminate/Foundation/Application->resolve('team.scope', Array)
#3 C:/laragon/www/usama-fandaqah/vendor/laravel/framework/src/Illuminate/Foundation/Application.php(1058): Illuminate/Container/Container->make('team.scope', Array)
#4 C:/laragon/www/usama-fandaqah/vendor/laravel/framework/src/Illuminate/Foundation/Http/Kernel.php(258): Illuminate/Foundation/Application->make('team.scope')
#5 C:/laragon/www/usama-fandaqah/vendor/laravel/framework/src/Illuminate/Foundation/Http/Kernel.php(216): Illuminate/Foundation/Http/Kernel->terminateMiddleware(Object(Illuminate/Http/Request), Object(Illuminate/Http/JsonResponse))
#6 C:/laragon/www/usama-fandaqah/public/index.php(60): Illuminate/Foundation/Http/Kernel->terminate(Object(Illuminate/Http/Request), Object(Illuminate/Http/JsonResponse))
#7 {main}

[previous exception] [object] (ReflectionException(code: -1): Class \"team.scope\" does not exist at C:/laragon/www/usama-fandaqah/vendor/laravel/framework/src/Illuminate/Container/Container.php:959)
[stacktrace]
#0 C:/laragon/www/usama-fandaqah/vendor/laravel/framework/src/Illuminate/Container/Container.php(959): ReflectionClass->__construct('team.scope')
#1 C:/laragon/www/usama-fandaqah/vendor/laravel/framework/src/Illuminate/Container/Container.php(832): Illuminate/Container/Container->build('team.scope')
#2 C:/laragon/www/usama-fandaqah/vendor/laravel/framework/src/Illuminate/Foundation/Application.php(1078): Illuminate/Container/Container->resolve('team.scope', Array, true)
#3 C:/laragon/www/usama-fandaqah/vendor/laravel/framework/src/Illuminate/Container/Container.php(763): Illuminate/Foundation/Application->resolve('team.scope', Array)
#4 C:/laragon/www/usama-fandaqah/vendor/laravel/framework/src/Illuminate/Foundation/Application.php(1058): Illuminate/Container/Container->make('team.scope', Array)
#5 C:/laragon/www/usama-fandaqah/vendor/laravel/framework/src/Illuminate/Foundation/Http/Kernel.php(258): Illuminate/Foundation/Application->make('team.scope')
#6 C:/laragon/www/usama-fandaqah/vendor/laravel/framework/src/Illuminate/Foundation/Http/Kernel.php(216): Illuminate/Foundation/Http/Kernel->terminateMiddleware(Object(Illuminate/Http/Request), Object(Illuminate/Http/JsonResponse))
#7 C:/laragon/www/usama-fandaqah/public/index.php(60): Illuminate/Foundation/Http/Kernel->terminate(Object(Illuminate/Http/Request), Object(Illuminate/Http/JsonResponse))
#8 {main}
"} 
[2026-05-20 10:35:33] local.ERROR: Target class [team.scope] does not exist. {"exception":"[object] (Illuminate\\Contracts\\Container\\BindingResolutionException(code: 0): Target class [team.scope] does not exist. at C:/laragon/www/usama-fandaqah/vendor/laravel/framework/src/Illuminate/Container/Container.php:961)
[stacktrace]
#0 C:/laragon/www/usama-fandaqah/vendor/laravel/framework/src/Illuminate/Container/Container.php(832): Illuminate/Container/Container->build('team.scope')
#1 C:/laragon/www/usama-fandaqah/vendor/laravel/framework/src/Illuminate/Foundation/Application.php(1078): Illuminate/Container/Container->resolve('team.scope', Array, true)
#2 C:/laragon/www/usama-fandaqah/vendor/laravel/framework/src/Illuminate/Container/Container.php(763): Illuminate/Foundation/Application->resolve('team.scope', Array)
#3 C:/laragon/www/usama-fandaqah/vendor/laravel/framework/src/Illuminate/Foundation/Application.php(1058): Illuminate/Container/Container->make('team.scope', Array)
#4 C:/laragon/www/usama-fandaqah/vendor/laravel/framework/src/Illuminate/Foundation/Http/Kernel.php(258): Illuminate/Foundation/Application->make('team.scope')
#5 C:/laragon/www/usama-fandaqah/vendor/laravel/framework/src/Illuminate/Foundation/Http/Kernel.php(216): Illuminate/Foundation/Http/Kernel->terminateMiddleware(Object(Illuminate/Http/Request), Object(Illuminate/Http/RedirectResponse))
#6 C:/laragon/www/usama-fandaqah/public/index.php(60): Illuminate/Foundation/Http/Kernel->terminate(Object(Illuminate/Http/Request), Object(Illuminate/Http/RedirectResponse))
#7 {main}

[previous exception] [object] (ReflectionException(code: -1): Class \"team.scope\" does not exist at C:/laragon/www/usama-fandaqah/vendor/laravel/framework/src/Illuminate/Container/Container.php:959)
[stacktrace]
#0 C:/laragon/www/usama-fandaqah/vendor/laravel/framework/src/Illuminate/Container/Container.php(959): ReflectionClass->__construct('team.scope')
#1 C:/laragon/www/usama-fandaqah/vendor/laravel/framework/src/Illuminate/Container/Container.php(832): Illuminate/Container/Container->build('team.scope')
#2 C:/laragon/www/usama-fandaqah/vendor/laravel/framework/src/Illuminate/Foundation/Application.php(1078): Illuminate/Container/Container->resolve('team.scope', Array, true)
#3 C:/laragon/www/usama-fandaqah/vendor/laravel/framework/src/Illuminate/Container/Container.php(763): Illuminate/Foundation/Application->resolve('team.scope', Array)
#4 C:/laragon/www/usama-fandaqah/vendor/laravel/framework/src/Illuminate/Foundation/Application.php(1058): Illuminate/Container/Container->make('team.scope', Array)
#5 C:/laragon/www/usama-fandaqah/vendor/laravel/framework/src/Illuminate/Foundation/Http/Kernel.php(258): Illuminate/Foundation/Application->make('team.scope')
#6 C:/laragon/www/usama-fandaqah/vendor/laravel/framework/src/Illuminate/Foundation/Http/Kernel.php(216): Illuminate/Foundation/Http/Kernel->terminateMiddleware(Object(Illuminate/Http/Request), Object(Illuminate/Http/RedirectResponse))
#7 C:/laragon/www/usama-fandaqah/public/index.php(60): Illuminate/Foundation/Http/Kernel->terminate(Object(Illuminate/Http/Request), Object(Illuminate/Http/RedirectResponse))
#8 {main}
"} 
[2026-05-20 10:36:34] local.ERROR: Target class [team.scope] does not exist. {"exception":"[object] (Illuminate\\Contracts\\Container\\BindingResolutionException(code: 0): Target class [team.scope] does not exist. at C:/laragon/www/usama-fandaqah/vendor/laravel/framework/src/Illuminate/Container/Container.php:961)
[stacktrace]
#0 C:/laragon/www/usama-fandaqah/vendor/laravel/framework/src/Illuminate/Container/Container.php(832): Illuminate/Container/Container->build('team.scope')
#1 C:/laragon/www/usama-fandaqah/vendor/laravel/framework/src/Illuminate/Foundation/Application.php(1078): Illuminate/Container/Container->resolve('team.scope', Array, true)
#2 C:/laragon/www/usama-fandaqah/vendor/laravel/framework/src/Illuminate/Container/Container.php(763): Illuminate/Foundation/Application->resolve('team.scope', Array)
#3 C:/laragon/www/usama-fandaqah/vendor/laravel/framework/src/Illuminate/Foundation/Application.php(1058): Illuminate/Container/Container->make('team.scope', Array)
#4 C:/laragon/www/usama-fandaqah/vendor/laravel/framework/src/Illuminate/Foundation/Http/Kernel.php(258): Illuminate/Foundation/Application->make('team.scope')
#5 C:/laragon/www/usama-fandaqah/vendor/laravel/framework/src/Illuminate/Foundation/Http/Kernel.php(216): Illuminate/Foundation/Http/Kernel->terminateMiddleware(Object(Illuminate/Http/Request), Object(Illuminate/Http/RedirectResponse))
#6 C:/laragon/www/usama-fandaqah/public/index.php(60): Illuminate/Foundation/Http/Kernel->terminate(Object(Illuminate/Http/Request), Object(Illuminate/Http/RedirectResponse))
#7 {main}

[previous exception] [object] (ReflectionException(code: -1): Class \"team.scope\" does not exist at C:/laragon/www/usama-fandaqah/vendor/laravel/framework/src/Illuminate/Container/Container.php:959)
[stacktrace]
#0 C:/laragon/www/usama-fandaqah/vendor/laravel/framework/src/Illuminate/Container/Container.php(959): ReflectionClass->__construct('team.scope')
#1 C:/laragon/www/usama-fandaqah/vendor/laravel/framework/src/Illuminate/Container/Container.php(832): Illuminate/Container/Container->build('team.scope')
#2 C:/laragon/www/usama-fandaqah/vendor/laravel/framework/src/Illuminate/Foundation/Application.php(1078): Illuminate/Container/Container->resolve('team.scope', Array, true)
#3 C:/laragon/www/usama-fandaqah/vendor/laravel/framework/src/Illuminate/Container/Container.php(763): Illuminate/Foundation/Application->resolve('team.scope', Array)
#4 C:/laragon/www/usama-fandaqah/vendor/laravel/framework/src/Illuminate/Foundation/Application.php(1058): Illuminate/Container/Container->make('team.scope', Array)
#5 C:/laragon/www/usama-fandaqah/vendor/laravel/framework/src/Illuminate/Foundation/Http/Kernel.php(258): Illuminate/Foundation/Application->make('team.scope')
#6 C:/laragon/www/usama-fandaqah/vendor/laravel/framework/src/Illuminate/Foundation/Http/Kernel.php(216): Illuminate/Foundation/Http/Kernel->terminateMiddleware(Object(Illuminate/Http/Request), Object(Illuminate/Http/RedirectResponse))
#7 C:/laragon/www/usama-fandaqah/public/index.php(60): Illuminate/Foundation/Http/Kernel->terminate(Object(Illuminate/Http/Request), Object(Illuminate/Http/RedirectResponse))
#8 {main}
"} 
[2026-05-20 10:38:04] local.ERROR: Target class [team.scope] does not exist. {"exception":"[object] (Illuminate\\Contracts\\Container\\BindingResolutionException(code: 0): Target class [team.scope] does not exist. at C:/laragon/www/usama-fandaqah/vendor/laravel/framework/src/Illuminate/Container/Container.php:961)
[stacktrace]
#0 C:/laragon/www/usama-fandaqah/vendor/laravel/framework/src/Illuminate/Container/Container.php(832): Illuminate/Container/Container->build('team.scope')
#1 C:/laragon/www/usama-fandaqah/vendor/laravel/framework/src/Illuminate/Foundation/Application.php(1078): Illuminate/Container/Container->resolve('team.scope', Array, true)
#2 C:/laragon/www/usama-fandaqah/vendor/laravel/framework/src/Illuminate/Container/Container.php(763): Illuminate/Foundation/Application->resolve('team.scope', Array)
#3 C:/laragon/www/usama-fandaqah/vendor/laravel/framework/src/Illuminate/Foundation/Application.php(1058): Illuminate/Container/Container->make('team.scope', Array)
#4 C:/laragon/www/usama-fandaqah/vendor/laravel/framework/src/Illuminate/Foundation/Http/Kernel.php(258): Illuminate/Foundation/Application->make('team.scope')
#5 C:/laragon/www/usama-fandaqah/vendor/laravel/framework/src/Illuminate/Foundation/Http/Kernel.php(216): Illuminate/Foundation/Http/Kernel->terminateMiddleware(Object(Illuminate/Http/Request), Object(Illuminate/Http/RedirectResponse))
#6 C:/laragon/www/usama-fandaqah/public/index.php(60): Illuminate/Foundation/Http/Kernel->terminate(Object(Illuminate/Http/Request), Object(Illuminate/Http/RedirectResponse))
#7 {main}

[previous exception] [object] (ReflectionException(code: -1): Class \"team.scope\" does not exist at C:/laragon/www/usama-fandaqah/vendor/laravel/framework/src/Illuminate/Container/Container.php:959)
[stacktrace]
#0 C:/laragon/www/usama-fandaqah/vendor/laravel/framework/src/Illuminate/Container/Container.php(959): ReflectionClass->__construct('team.scope')
#1 C:/laragon/www/usama-fandaqah/vendor/laravel/framework/src/Illuminate/Container/Container.php(832): Illuminate/Container/Container->build('team.scope')
#2 C:/laragon/www/usama-fandaqah/vendor/laravel/framework/src/Illuminate/Foundation/Application.php(1078): Illuminate/Container/Container->resolve('team.scope', Array, true)
#3 C:/laragon/www/usama-fandaqah/vendor/laravel/framework/src/Illuminate/Container/Container.php(763): Illuminate/Foundation/Application->resolve('team.scope', Array)
#4 C:/laragon/www/usama-fandaqah/vendor/laravel/framework/src/Illuminate/Foundation/Application.php(1058): Illuminate/Container/Container->make('team.scope', Array)
#5 C:/laragon/www/usama-fandaqah/vendor/laravel/framework/src/Illuminate/Foundation/Http/Kernel.php(258): Illuminate/Foundation/Application->make('team.scope')
#6 C:/laragon/www/usama-fandaqah/vendor/laravel/framework/src/Illuminate/Foundation/Http/Kernel.php(216): Illuminate/Foundation/Http/Kernel->terminateMiddleware(Object(Illuminate/Http/Request), Object(Illuminate/Http/RedirectResponse))
#7 C:/laragon/www/usama-fandaqah/public/index.php(60): Illuminate/Foundation/Http/Kernel->terminate(Object(Illuminate/Http/Request), Object(Illuminate/Http/RedirectResponse))
#8 {main}
"} 
[2026-05-20 10:39:32] local.ERROR: Target class [team.scope] does not exist. {"exception":"[object] (Illuminate\\Contracts\\Container\\BindingResolutionException(code: 0): Target class [team.scope] does not exist. at C:/laragon/www/usama-fandaqah/vendor/laravel/framework/src/Illuminate/Container/Container.php:961)
[stacktrace]
#0 C:/laragon/www/usama-fandaqah/vendor/laravel/framework/src/Illuminate/Container/Container.php(832): Illuminate/Container/Container->build('team.scope')
#1 C:/laragon/www/usama-fandaqah/vendor/laravel/framework/src/Illuminate/Foundation/Application.php(1078): Illuminate/Container/Container->resolve('team.scope', Array, true)
#2 C:/laragon/www/usama-fandaqah/vendor/laravel/framework/src/Illuminate/Container/Container.php(763): Illuminate/Foundation/Application->resolve('team.scope', Array)
#3 C:/laragon/www/usama-fandaqah/vendor/laravel/framework/src/Illuminate/Foundation/Application.php(1058): Illuminate/Container/Container->make('team.scope', Array)
#4 C:/laragon/www/usama-fandaqah/vendor/laravel/framework/src/Illuminate/Foundation/Http/Kernel.php(258): Illuminate/Foundation/Application->make('team.scope')
#5 C:/laragon/www/usama-fandaqah/vendor/laravel/framework/src/Illuminate/Foundation/Http/Kernel.php(216): Illuminate/Foundation/Http/Kernel->terminateMiddleware(Object(Illuminate/Http/Request), Object(Illuminate/Http/RedirectResponse))
#6 C:/laragon/www/usama-fandaqah/public/index.php(60): Illuminate/Foundation/Http/Kernel->terminate(Object(Illuminate/Http/Request), Object(Illuminate/Http/RedirectResponse))
#7 {main}

[previous exception] [object] (ReflectionException(code: -1): Class \"team.scope\" does not exist at C:/laragon/www/usama-fandaqah/vendor/laravel/framework/src/Illuminate/Container/Container.php:959)
[stacktrace]
#0 C:/laragon/www/usama-fandaqah/vendor/laravel/framework/src/Illuminate/Container/Container.php(959): ReflectionClass->__construct('team.scope')
#1 C:/laragon/www/usama-fandaqah/vendor/laravel/framework/src/Illuminate/Container/Container.php(832): Illuminate/Container/Container->build('team.scope')
#2 C:/laragon/www/usama-fandaqah/vendor/laravel/framework/src/Illuminate/Foundation/Application.php(1078): Illuminate/Container/Container->resolve('team.scope', Array, true)
#3 C:/laragon/www/usama-fandaqah/vendor/laravel/framework/src/Illuminate/Container/Container.php(763): Illuminate/Foundation/Application->resolve('team.scope', Array)
#4 C:/laragon/www/usama-fandaqah/vendor/laravel/framework/src/Illuminate/Foundation/Application.php(1058): Illuminate/Container/Container->make('team.scope', Array)
#5 C:/laragon/www/usama-fandaqah/vendor/laravel/framework/src/Illuminate/Foundation/Http/Kernel.php(258): Illuminate/Foundation/Application->make('team.scope')
#6 C:/laragon/www/usama-fandaqah/vendor/laravel/framework/src/Illuminate/Foundation/Http/Kernel.php(216): Illuminate/Foundation/Http/Kernel->terminateMiddleware(Object(Illuminate/Http/Request), Object(Illuminate/Http/RedirectResponse))
#7 C:/laragon/www/usama-fandaqah/public/index.php(60): Illuminate/Foundation/Http/Kernel->terminate(Object(Illuminate/Http/Request), Object(Illuminate/Http/RedirectResponse))
#8 {main}
"} 
[2026-05-20 10:40:26] local.ERROR: Call to undefined relationship [reason] on model [App\Models\TurnawayLog]. {"userId":1,"exception":"[object] (Illuminate\\Database\\Eloquent\\RelationNotFoundException(code: 0): Call to undefined relationship [reason] on model [App\\Models\\TurnawayLog]. at C:/laragon/www/usama-fandaqah/vendor/laravel/framework/src/Illuminate/Database/Eloquent/RelationNotFoundException.php:35)
[stacktrace]
#0 C:/laragon/www/usama-fandaqah/vendor/laravel/framework/src/Illuminate/Database/Eloquent/Builder.php(878): Illuminate/Database/Eloquent/RelationNotFoundException::make(Object(App/Models/TurnawayLog), 'reason')
#1 C:/laragon/www/usama-fandaqah/vendor/laravel/framework/src/Illuminate/Database/Eloquent/Relations/Relation.php(120): Illuminate/Database/Eloquent/Builder->Illuminate/Database/Eloquent/{closure}()
#2 C:/laragon/www/usama-fandaqah/vendor/laravel/framework/src/Illuminate/Database/Eloquent/Builder.php(874): Illuminate/Database/Eloquent/Relations/Relation::noConstraints(Object(Closure))
#3 C:/laragon/www/usama-fandaqah/vendor/laravel/framework/src/Illuminate/Database/Eloquent/Builder.php(848): Illuminate/Database/Eloquent/Builder->getRelation('reason')
#4 C:/laragon/www/usama-fandaqah/vendor/laravel/framework/src/Illuminate/Database/Eloquent/Builder.php(828): Illuminate/Database/Eloquent/Builder->eagerLoadRelation(Array, 'reason', Object(Closure))
#5 C:/laragon/www/usama-fandaqah/vendor/laravel/framework/src/Illuminate/Database/Eloquent/Builder.php(794): Illuminate/Database/Eloquent/Builder->eagerLoadRelations(Array)
#6 C:/laragon/www/usama-fandaqah/vendor/laravel/framework/src/Illuminate/Database/Eloquent/Builder.php(1034): Illuminate/Database/Eloquent/Builder->get(Array)
#7 C:/laragon/www/usama-fandaqah/app/Http/Controllers/Api/GuestsCompaniesController.php(343): Illuminate/Database/Eloquent/Builder->paginate(20)
#8 C:/laragon/www/usama-fandaqah/vendor/laravel/framework/src/Illuminate/Routing/ControllerDispatcher.php(47): App/Http/Controllers/Api/GuestsCompaniesController->turnawayLogsIndex(Object(Illuminate/Http/Request))
#9 C:/laragon/www/usama-fandaqah/vendor/laravel/framework/src/Illuminate/Routing/Route.php(266): Illuminate/Routing/ControllerDispatcher->dispatch(Object(Illuminate/Routing/Route), Object(App/Http/Controllers/Api/GuestsCompaniesController), 'turnawayLogsInd...')
#10 C:/laragon/www/usama-fandaqah/vendor/laravel/framework/src/Illuminate/Routing/Route.php(212): Illuminate/Routing/Route->runController()
#11 C:/laragon/www/usama-fandaqah/vendor/laravel/framework/src/Illuminate/Routing/Router.php(808): Illuminate/Routing/Route->run()
#12 C:/laragon/www/usama-fandaqah/vendor/laravel/framework/src/Illuminate/Pipeline/Pipeline.php(170): Illuminate/Routing/Router->Illuminate/Routing/{closure}(Object(Illuminate/Http/Request))
#13 C:/laragon/www/usama-fandaqah/vendor/laravel/framework/src/Illuminate/Routing/Middleware/SubstituteBindings.php(51): Illuminate/Pipeline/Pipeline->Illuminate/Pipeline/{closure}(Object(Illuminate/Http/Request))
#14 C:/laragon/www/usama-fandaqah/vendor/laravel/framework/src/Illuminate/Pipeline/Pipeline.php(209): Illuminate/Routing/Middleware/SubstituteBindings->handle(Object(Illuminate/Http/Request), Object(Closure))
#15 C:/laragon/www/usama-fandaqah/vendor/laravel/framework/src/Illuminate/Auth/Middleware/Authenticate.php(64): Illuminate/Pipeline/Pipeline->Illuminate/Pipeline/{closure}(Object(Illuminate/Http/Request))
#16 C:/laragon/www/usama-fandaqah/vendor/laravel/framework/src/Illuminate/Pipeline/Pipeline.php(209): Illuminate/Auth/Middleware/Authenticate->handle(Object(Illuminate/Http/Request), Object(Closure), 'sanctum')
#17 C:/laragon/www/usama-fandaqah/vendor/laravel/framework/src/Illuminate/Pipeline/Pipeline.php(127): Illuminate/Pipeline/Pipeline->Illuminate/Pipeline/{closure}(Object(Illuminate/Http/Request))
#18 C:/laragon/www/usama-fandaqah/vendor/laravel/framework/src/Illuminate/Routing/Router.php(807): Illuminate/Pipeline/Pipeline->then(Object(Closure))
#19 C:/laragon/www/usama-fandaqah/vendor/laravel/framework/src/Illuminate/Routing/Router.php(786): Illuminate/Routing/Router->runRouteWithinStack(Object(Illuminate/Routing/Route), Object(Illuminate/Http/Request))
#20 C:/laragon/www/usama-fandaqah/vendor/laravel/framework/src/Illuminate/Routing/Router.php(750): Illuminate/Routing/Router->runRoute(Object(Illuminate/Http/Request), Object(Illuminate/Routing/Route))
#21 C:/laragon/www/usama-fandaqah/vendor/laravel/framework/src/Illuminate/Routing/Router.php(739): Illuminate/Routing/Router->dispatchToRoute(Object(Illuminate/Http/Request))
#22 C:/laragon/www/usama-fandaqah/vendor/laravel/framework/src/Illuminate/Foundation/Http/Kernel.php(201): Illuminate/Routing/Router->dispatch(Object(Illuminate/Http/Request))
#23 C:/laragon/www/usama-fandaqah/vendor/laravel/framework/src/Illuminate/Pipeline/Pipeline.php(170): Illuminate/Foundation/Http/Kernel->Illuminate/Foundation/Http/{closure}(Object(Illuminate/Http/Request))
#24 C:/laragon/www/usama-fandaqah/laravelnova/src/Http/Middleware/ServeNova.php(23): Illuminate/Pipeline/Pipeline->Illuminate/Pipeline/{closure}(Object(Illuminate/Http/Request))
#25 C:/laragon/www/usama-fandaqah/vendor/laravel/framework/src/Illuminate/Pipeline/Pipeline.php(209): Laravel/Nova/Http/Middleware/ServeNova->handle(Object(Illuminate/Http/Request), Object(Closure))
#26 C:/laragon/www/usama-fandaqah/vendor/laravel/framework/src/Illuminate/Foundation/Http/Middleware/TransformsRequest.php(21): Illuminate/Pipeline/Pipeline->Illuminate/Pipeline/{closure}(Object(Illuminate/Http/Request))
#27 C:/laragon/www/usama-fandaqah/vendor/laravel/framework/src/Illuminate/Foundation/Http/Middleware/ConvertEmptyStringsToNull.php(31): Illuminate/Foundation/Http/Middleware/TransformsRequest->handle(Object(Illuminate/Http/Request), Object(Closure))
#28 C:/laragon/www/usama-fandaqah/vendor/laravel/framework/src/Illuminate/Pipeline/Pipeline.php(209): Illuminate/Foundation/Http/Middleware/ConvertEmptyStringsToNull->handle(Object(Illuminate/Http/Request), Object(Closure))
#29 C:/laragon/www/usama-fandaqah/vendor/laravel/framework/src/Illuminate/Foundation/Http/Middleware/TransformsRequest.php(21): Illuminate/Pipeline/Pipeline->Illuminate/Pipeline/{closure}(Object(Illuminate/Http/Request))
#30 C:/laragon/www/usama-fandaqah/vendor/laravel/framework/src/Illuminate/Foundation/Http/Middleware/TrimStrings.php(51): Illuminate/Foundation/Http/Middleware/TransformsRequest->handle(Object(Illuminate/Http/Request), Object(Closure))
#31 C:/laragon/www/usama-fandaqah/vendor/laravel/framework/src/Illuminate/Pipeline/Pipeline.php(209): Illuminate/Foundation/Http/Middleware/TrimStrings->handle(Object(Illuminate/Http/Request), Object(Closure))
#32 C:/laragon/www/usama-fandaqah/vendor/laravel/framework/src/Illuminate/Http/Middleware/ValidatePostSize.php(27): Illuminate/Pipeline/Pipeline->Illuminate/Pipeline/{closure}(Object(Illuminate/Http/Request))
#33 C:/laragon/www/usama-fandaqah/vendor/laravel/framework/src/Illuminate/Pipeline/Pipeline.php(209): Illuminate/Http/Middleware/ValidatePostSize->handle(Object(Illuminate/Http/Request), Object(Closure))
#34 C:/laragon/www/usama-fandaqah/vendor/laravel/framework/src/Illuminate/Foundation/Http/Middleware/PreventRequestsDuringMaintenance.php(110): Illuminate/Pipeline/Pipeline->Illuminate/Pipeline/{closure}(Object(Illuminate/Http/Request))
#35 C:/laragon/www/usama-fandaqah/vendor/laravel/framework/src/Illuminate/Pipeline/Pipeline.php(209): Illuminate/Foundation/Http/Middleware/PreventRequestsDuringMaintenance->handle(Object(Illuminate/Http/Request), Object(Closure))
#36 C:/laragon/www/usama-fandaqah/vendor/laravel/framework/src/Illuminate/Http/Middleware/HandleCors.php(62): Illuminate/Pipeline/Pipeline->Illuminate/Pipeline/{closure}(Object(Illuminate/Http/Request))
#37 C:/laragon/www/usama-fandaqah/vendor/laravel/framework/src/Illuminate/Pipeline/Pipeline.php(209): Illuminate/Http/Middleware/HandleCors->handle(Object(Illuminate/Http/Request), Object(Closure))
#38 C:/laragon/www/usama-fandaqah/vendor/laravel/framework/src/Illuminate/Http/Middleware/TrustProxies.php(58): Illuminate/Pipeline/Pipeline->Illuminate/Pipeline/{closure}(Object(Illuminate/Http/Request))
#39 C:/laragon/www/usama-fandaqah/vendor/laravel/framework/src/Illuminate/Pipeline/Pipeline.php(209): Illuminate/Http/Middleware/TrustProxies->handle(Object(Illuminate/Http/Request), Object(Closure))
#40 C:/laragon/www/usama-fandaqah/vendor/laravel/framework/src/Illuminate/Foundation/Http/Middleware/InvokeDeferredCallbacks.php(22): Illuminate/Pipeline/Pipeline->Illuminate/Pipeline/{closure}(Object(Illuminate/Http/Request))
#41 C:/laragon/www/usama-fandaqah/vendor/laravel/framework/src/Illuminate/Pipeline/Pipeline.php(209): Illuminate/Foundation/Http/Middleware/InvokeDeferredCallbacks->handle(Object(Illuminate/Http/Request), Object(Closure))
#42 C:/laragon/www/usama-fandaqah/vendor/laravel/framework/src/Illuminate/Pipeline/Pipeline.php(127): Illuminate/Pipeline/Pipeline->Illuminate/Pipeline/{closure}(Object(Illuminate/Http/Request))
#43 C:/laragon/www/usama-fandaqah/vendor/laravel/framework/src/Illuminate/Foundation/Http/Kernel.php(176): Illuminate/Pipeline/Pipeline->then(Object(Closure))
#44 C:/laragon/www/usama-fandaqah/vendor/laravel/framework/src/Illuminate/Foundation/Http/Kernel.php(145): Illuminate/Foundation/Http/Kernel->sendRequestThroughRouter(Object(Illuminate/Http/Request))
#45 C:/laragon/www/usama-fandaqah/public/index.php(54): Illuminate/Foundation/Http/Kernel->handle(Object(Illuminate/Http/Request))
#46 {main}
"} 
[2026-05-20 10:41:22] local.ERROR: Target class [team.scope] does not exist. {"exception":"[object] (Illuminate\\Contracts\\Container\\BindingResolutionException(code: 0): Target class [team.scope] does not exist. at C:/laragon/www/usama-fandaqah/vendor/laravel/framework/src/Illuminate/Container/Container.php:961)
[stacktrace]
#0 C:/laragon/www/usama-fandaqah/vendor/laravel/framework/src/Illuminate/Container/Container.php(832): Illuminate/Container/Container->build('team.scope')
#1 C:/laragon/www/usama-fandaqah/vendor/laravel/framework/src/Illuminate/Foundation/Application.php(1078): Illuminate/Container/Container->resolve('team.scope', Array, true)
#2 C:/laragon/www/usama-fandaqah/vendor/laravel/framework/src/Illuminate/Container/Container.php(763): Illuminate/Foundation/Application->resolve('team.scope', Array)
#3 C:/laragon/www/usama-fandaqah/vendor/laravel/framework/src/Illuminate/Foundation/Application.php(1058): Illuminate/Container/Container->make('team.scope', Array)
#4 C:/laragon/www/usama-fandaqah/vendor/laravel/framework/src/Illuminate/Foundation/Http/Kernel.php(258): Illuminate/Foundation/Application->make('team.scope')
#5 C:/laragon/www/usama-fandaqah/vendor/laravel/framework/src/Illuminate/Foundation/Http/Kernel.php(216): Illuminate/Foundation/Http/Kernel->terminateMiddleware(Object(Illuminate/Http/Request), Object(Illuminate/Http/RedirectResponse))
#6 C:/laragon/www/usama-fandaqah/public/index.php(60): Illuminate/Foundation/Http/Kernel->terminate(Object(Illuminate/Http/Request), Object(Illuminate/Http/RedirectResponse))
#7 {main}

[previous exception] [object] (ReflectionException(code: -1): Class \"team.scope\" does not exist at C:/laragon/www/usama-fandaqah/vendor/laravel/framework/src/Illuminate/Container/Container.php:959)
[stacktrace]
#0 C:/laragon/www/usama-fandaqah/vendor/laravel/framework/src/Illuminate/Container/Container.php(959): ReflectionClass->__construct('team.scope')
#1 C:/laragon/www/usama-fandaqah/vendor/laravel/framework/src/Illuminate/Container/Container.php(832): Illuminate/Container/Container->build('team.scope')
#2 C:/laragon/www/usama-fandaqah/vendor/laravel/framework/src/Illuminate/Foundation/Application.php(1078): Illuminate/Container/Container->resolve('team.scope', Array, true)
#3 C:/laragon/www/usama-fandaqah/vendor/laravel/framework/src/Illuminate/Container/Container.php(763): Illuminate/Foundation/Application->resolve('team.scope', Array)
#4 C:/laragon/www/usama-fandaqah/vendor/laravel/framework/src/Illuminate/Foundation/Application.php(1058): Illuminate/Container/Container->make('team.scope', Array)
#5 C:/laragon/www/usama-fandaqah/vendor/laravel/framework/src/Illuminate/Foundation/Http/Kernel.php(258): Illuminate/Foundation/Application->make('team.scope')
#6 C:/laragon/www/usama-fandaqah/vendor/laravel/framework/src/Illuminate/Foundation/Http/Kernel.php(216): Illuminate/Foundation/Http/Kernel->terminateMiddleware(Object(Illuminate/Http/Request), Object(Illuminate/Http/RedirectResponse))
#7 C:/laragon/www/usama-fandaqah/public/index.php(60): Illuminate/Foundation/Http/Kernel->terminate(Object(Illuminate/Http/Request), Object(Illuminate/Http/RedirectResponse))
#8 {main}
"} 
[2026-05-20 10:50:25] local.ERROR: Target class [team.scope] does not exist. {"exception":"[object] (Illuminate\\Contracts\\Container\\BindingResolutionException(code: 0): Target class [team.scope] does not exist. at C:/laragon/www/usama-fandaqah/vendor/laravel/framework/src/Illuminate/Container/Container.php:961)
[stacktrace]
#0 C:/laragon/www/usama-fandaqah/vendor/laravel/framework/src/Illuminate/Container/Container.php(832): Illuminate/Container/Container->build('team.scope')
#1 C:/laragon/www/usama-fandaqah/vendor/laravel/framework/src/Illuminate/Foundation/Application.php(1078): Illuminate/Container/Container->resolve('team.scope', Array, true)
#2 C:/laragon/www/usama-fandaqah/vendor/laravel/framework/src/Illuminate/Container/Container.php(763): Illuminate/Foundation/Application->resolve('team.scope', Array)
#3 C:/laragon/www/usama-fandaqah/vendor/laravel/framework/src/Illuminate/Foundation/Application.php(1058): Illuminate/Container/Container->make('team.scope', Array)
#4 C:/laragon/www/usama-fandaqah/vendor/laravel/framework/src/Illuminate/Foundation/Http/Kernel.php(258): Illuminate/Foundation/Application->make('team.scope')
#5 C:/laragon/www/usama-fandaqah/vendor/laravel/framework/src/Illuminate/Foundation/Http/Kernel.php(216): Illuminate/Foundation/Http/Kernel->terminateMiddleware(Object(Illuminate/Http/Request), Object(Illuminate/Http/RedirectResponse))
#6 C:/laragon/www/usama-fandaqah/public/index.php(60): Illuminate/Foundation/Http/Kernel->terminate(Object(Illuminate/Http/Request), Object(Illuminate/Http/RedirectResponse))
#7 {main}

[previous exception] [object] (ReflectionException(code: -1): Class \"team.scope\" does not exist at C:/laragon/www/usama-fandaqah/vendor/laravel/framework/src/Illuminate/Container/Container.php:959)
[stacktrace]
#0 C:/laragon/www/usama-fandaqah/vendor/laravel/framework/src/Illuminate/Container/Container.php(959): ReflectionClass->__construct('team.scope')
#1 C:/laragon/www/usama-fandaqah/vendor/laravel/framework/src/Illuminate/Container/Container.php(832): Illuminate/Container/Container->build('team.scope')
#2 C:/laragon/www/usama-fandaqah/vendor/laravel/framework/src/Illuminate/Foundation/Application.php(1078): Illuminate/Container/Container->resolve('team.scope', Array, true)
#3 C:/laragon/www/usama-fandaqah/vendor/laravel/framework/src/Illuminate/Container/Container.php(763): Illuminate/Foundation/Application->resolve('team.scope', Array)
#4 C:/laragon/www/usama-fandaqah/vendor/laravel/framework/src/Illuminate/Foundation/Application.php(1058): Illuminate/Container/Container->make('team.scope', Array)
#5 C:/laragon/www/usama-fandaqah/vendor/laravel/framework/src/Illuminate/Foundation/Http/Kernel.php(258): Illuminate/Foundation/Application->make('team.scope')
#6 C:/laragon/www/usama-fandaqah/vendor/laravel/framework/src/Illuminate/Foundation/Http/Kernel.php(216): Illuminate/Foundation/Http/Kernel->terminateMiddleware(Object(Illuminate/Http/Request), Object(Illuminate/Http/RedirectResponse))
#7 C:/laragon/www/usama-fandaqah/public/index.php(60): Illuminate/Foundation/Http/Kernel->terminate(Object(Illuminate/Http/Request), Object(Illuminate/Http/RedirectResponse))
#8 {main}
"} 
