[2026-04-30 10:37:55] local.ERROR: Class "App\Models\User" not found {"exception":"[object] (Error(code: 0): Class \"App\\Models\\User\" not found at C:/laragon/www/usama-fandaqah/app/Http/Controllers/Api/DashboardController.php:22)
[stacktrace]
#0 C:/laragon/www/usama-fandaqah/vendor/laravel/framework/src/Illuminate/Routing/ControllerDispatcher.php(47): App/Http/Controllers/Api/DashboardController->summary()
#1 C:/laragon/www/usama-fandaqah/vendor/laravel/framework/src/Illuminate/Routing/Route.php(266): Illuminate/Routing/ControllerDispatcher->dispatch(Object(Illuminate/Routing/Route), Object(App/Http/Controllers/Api/DashboardController), 'summary')
#2 C:/laragon/www/usama-fandaqah/vendor/laravel/framework/src/Illuminate/Routing/Route.php(212): Illuminate/Routing/Route->runController()
#3 C:/laragon/www/usama-fandaqah/vendor/laravel/framework/src/Illuminate/Routing/Router.php(808): Illuminate/Routing/Route->run()
#4 C:/laragon/www/usama-fandaqah/vendor/laravel/framework/src/Illuminate/Pipeline/Pipeline.php(170): Illuminate/Routing/Router->Illuminate/Routing/{closure}(Object(Illuminate/Http/Request))
#5 C:/laragon/www/usama-fandaqah/vendor/laravel/framework/src/Illuminate/Routing/Middleware/SubstituteBindings.php(51): Illuminate/Pipeline/Pipeline->Illuminate/Pipeline/{closure}(Object(Illuminate/Http/Request))
#6 C:/laragon/www/usama-fandaqah/vendor/laravel/framework/src/Illuminate/Pipeline/Pipeline.php(209): Illuminate/Routing/Middleware/SubstituteBindings->handle(Object(Illuminate/Http/Request), Object(Closure))
#7 C:/laragon/www/usama-fandaqah/vendor/laravel/framework/src/Illuminate/Pipeline/Pipeline.php(127): Illuminate/Pipeline/Pipeline->Illuminate/Pipeline/{closure}(Object(Illuminate/Http/Request))
#8 C:/laragon/www/usama-fandaqah/vendor/laravel/framework/src/Illuminate/Routing/Router.php(807): Illuminate/Pipeline/Pipeline->then(Object(Closure))
#9 C:/laragon/www/usama-fandaqah/vendor/laravel/framework/src/Illuminate/Routing/Router.php(786): Illuminate/Routing/Router->runRouteWithinStack(Object(Illuminate/Routing/Route), Object(Illuminate/Http/Request))
#10 C:/laragon/www/usama-fandaqah/vendor/laravel/framework/src/Illuminate/Routing/Router.php(750): Illuminate/Routing/Router->runRoute(Object(Illuminate/Http/Request), Object(Illuminate/Routing/Route))
#11 C:/laragon/www/usama-fandaqah/vendor/laravel/framework/src/Illuminate/Routing/Router.php(739): Illuminate/Routing/Router->dispatchToRoute(Object(Illuminate/Http/Request))
#12 C:/laragon/www/usama-fandaqah/vendor/laravel/framework/src/Illuminate/Foundation/Http/Kernel.php(201): Illuminate/Routing/Router->dispatch(Object(Illuminate/Http/Request))
#13 C:/laragon/www/usama-fandaqah/vendor/laravel/framework/src/Illuminate/Pipeline/Pipeline.php(170): Illuminate/Foundation/Http/Kernel->Illuminate/Foundation/Http/{closure}(Object(Illuminate/Http/Request))
#14 C:/laragon/www/usama-fandaqah/laravelnova/src/Http/Middleware/ServeNova.php(23): Illuminate/Pipeline/Pipeline->Illuminate/Pipeline/{closure}(Object(Illuminate/Http/Request))
#15 C:/laragon/www/usama-fandaqah/vendor/laravel/framework/src/Illuminate/Pipeline/Pipeline.php(209): Laravel/Nova/Http/Middleware/ServeNova->handle(Object(Illuminate/Http/Request), Object(Closure))
#16 C:/laragon/www/usama-fandaqah/vendor/laravel/framework/src/Illuminate/Foundation/Http/Middleware/TransformsRequest.php(21): Illuminate/Pipeline/Pipeline->Illuminate/Pipeline/{closure}(Object(Illuminate/Http/Request))
#17 C:/laragon/www/usama-fandaqah/vendor/laravel/framework/src/Illuminate/Foundation/Http/Middleware/ConvertEmptyStringsToNull.php(31): Illuminate/Foundation/Http/Middleware/TransformsRequest->handle(Object(Illuminate/Http/Request), Object(Closure))
#18 C:/laragon/www/usama-fandaqah/vendor/laravel/framework/src/Illuminate/Pipeline/Pipeline.php(209): Illuminate/Foundation/Http/Middleware/ConvertEmptyStringsToNull->handle(Object(Illuminate/Http/Request), Object(Closure))
#19 C:/laragon/www/usama-fandaqah/vendor/laravel/framework/src/Illuminate/Foundation/Http/Middleware/TransformsRequest.php(21): Illuminate/Pipeline/Pipeline->Illuminate/Pipeline/{closure}(Object(Illuminate/Http/Request))
#20 C:/laragon/www/usama-fandaqah/vendor/laravel/framework/src/Illuminate/Foundation/Http/Middleware/TrimStrings.php(51): Illuminate/Foundation/Http/Middleware/TransformsRequest->handle(Object(Illuminate/Http/Request), Object(Closure))
#21 C:/laragon/www/usama-fandaqah/vendor/laravel/framework/src/Illuminate/Pipeline/Pipeline.php(209): Illuminate/Foundation/Http/Middleware/TrimStrings->handle(Object(Illuminate/Http/Request), Object(Closure))
#22 C:/laragon/www/usama-fandaqah/vendor/laravel/framework/src/Illuminate/Http/Middleware/ValidatePostSize.php(27): Illuminate/Pipeline/Pipeline->Illuminate/Pipeline/{closure}(Object(Illuminate/Http/Request))
#23 C:/laragon/www/usama-fandaqah/vendor/laravel/framework/src/Illuminate/Pipeline/Pipeline.php(209): Illuminate/Http/Middleware/ValidatePostSize->handle(Object(Illuminate/Http/Request), Object(Closure))
#24 C:/laragon/www/usama-fandaqah/vendor/laravel/framework/src/Illuminate/Foundation/Http/Middleware/PreventRequestsDuringMaintenance.php(110): Illuminate/Pipeline/Pipeline->Illuminate/Pipeline/{closure}(Object(Illuminate/Http/Request))
#25 C:/laragon/www/usama-fandaqah/vendor/laravel/framework/src/Illuminate/Pipeline/Pipeline.php(209): Illuminate/Foundation/Http/Middleware/PreventRequestsDuringMaintenance->handle(Object(Illuminate/Http/Request), Object(Closure))
#26 C:/laragon/www/usama-fandaqah/vendor/laravel/framework/src/Illuminate/Http/Middleware/HandleCors.php(62): Illuminate/Pipeline/Pipeline->Illuminate/Pipeline/{closure}(Object(Illuminate/Http/Request))
#27 C:/laragon/www/usama-fandaqah/vendor/laravel/framework/src/Illuminate/Pipeline/Pipeline.php(209): Illuminate/Http/Middleware/HandleCors->handle(Object(Illuminate/Http/Request), Object(Closure))
#28 C:/laragon/www/usama-fandaqah/vendor/laravel/framework/src/Illuminate/Http/Middleware/TrustProxies.php(58): Illuminate/Pipeline/Pipeline->Illuminate/Pipeline/{closure}(Object(Illuminate/Http/Request))
#29 C:/laragon/www/usama-fandaqah/vendor/laravel/framework/src/Illuminate/Pipeline/Pipeline.php(209): Illuminate/Http/Middleware/TrustProxies->handle(Object(Illuminate/Http/Request), Object(Closure))
#30 C:/laragon/www/usama-fandaqah/vendor/laravel/framework/src/Illuminate/Foundation/Http/Middleware/InvokeDeferredCallbacks.php(22): Illuminate/Pipeline/Pipeline->Illuminate/Pipeline/{closure}(Object(Illuminate/Http/Request))
#31 C:/laragon/www/usama-fandaqah/vendor/laravel/framework/src/Illuminate/Pipeline/Pipeline.php(209): Illuminate/Foundation/Http/Middleware/InvokeDeferredCallbacks->handle(Object(Illuminate/Http/Request), Object(Closure))
#32 C:/laragon/www/usama-fandaqah/vendor/laravel/framework/src/Illuminate/Pipeline/Pipeline.php(127): Illuminate/Pipeline/Pipeline->Illuminate/Pipeline/{closure}(Object(Illuminate/Http/Request))
#33 C:/laragon/www/usama-fandaqah/vendor/laravel/framework/src/Illuminate/Foundation/Http/Kernel.php(176): Illuminate/Pipeline/Pipeline->then(Object(Closure))
#34 C:/laragon/www/usama-fandaqah/vendor/laravel/framework/src/Illuminate/Foundation/Http/Kernel.php(145): Illuminate/Foundation/Http/Kernel->sendRequestThroughRouter(Object(Illuminate/Http/Request))
#35 C:/laragon/www/usama-fandaqah/public/index.php(54): Illuminate/Foundation/Http/Kernel->handle(Object(Illuminate/Http/Request))
#36 {main}
"} 
[2026-04-30 11:00:55] local.ERROR: Call to a member function contains() on null {"userId":2,"exception":"[object] (Error(code: 0): Call to a member function contains() on null at C:/laragon/www/usama-fandaqah/vendor/pktharindu/nova-permissions/src/Traits/HasRoles.php:43)
[stacktrace]
#0 C:/laragon/www/usama-fandaqah/vendor/laravel/framework/src/Illuminate/Collections/Arr.php(208): App/User->Pktharindu/NovaPermissions/Traits/{closure}(Object(App/Models/Role), 0)
#1 C:/laragon/www/usama-fandaqah/vendor/laravel/framework/src/Illuminate/Collections/Collection.php(416): Illuminate/Support/Arr::first(Array, Object(Closure), Object(stdClass))
#2 C:/laragon/www/usama-fandaqah/vendor/laravel/framework/src/Illuminate/Collections/Collection.php(184): Illuminate/Support/Collection->first(Object(Closure), Object(stdClass))
#3 C:/laragon/www/usama-fandaqah/vendor/laravel/framework/src/Illuminate/Database/Eloquent/Collection.php(328): Illuminate/Support/Collection->contains(Object(Closure))
#4 C:/laragon/www/usama-fandaqah/vendor/pktharindu/nova-permissions/src/Traits/HasRoles.php(42): Illuminate/Database/Eloquent/Collection->contains(Object(Closure))
#5 C:/laragon/www/usama-fandaqah/app/Services/SidebarService.php(27): App/User->hasPermissionTo('view dashboard')
#6 C:/laragon/www/usama-fandaqah/app/Http/Controllers/Api/SidebarController.php(28): App/Services/SidebarService->getPermittedMenu(Object(App/User))
#7 C:/laragon/www/usama-fandaqah/vendor/laravel/framework/src/Illuminate/Routing/ControllerDispatcher.php(47): App/Http/Controllers/Api/SidebarController->index(Object(Illuminate/Http/Request))
#8 C:/laragon/www/usama-fandaqah/vendor/laravel/framework/src/Illuminate/Routing/Route.php(266): Illuminate/Routing/ControllerDispatcher->dispatch(Object(Illuminate/Routing/Route), Object(App/Http/Controllers/Api/SidebarController), 'index')
#9 C:/laragon/www/usama-fandaqah/vendor/laravel/framework/src/Illuminate/Routing/Route.php(212): Illuminate/Routing/Route->runController()
#10 C:/laragon/www/usama-fandaqah/vendor/laravel/framework/src/Illuminate/Routing/Router.php(808): Illuminate/Routing/Route->run()
#11 C:/laragon/www/usama-fandaqah/vendor/laravel/framework/src/Illuminate/Pipeline/Pipeline.php(170): Illuminate/Routing/Router->Illuminate/Routing/{closure}(Object(Illuminate/Http/Request))
#12 C:/laragon/www/usama-fandaqah/vendor/laravel/framework/src/Illuminate/Routing/Middleware/SubstituteBindings.php(51): Illuminate/Pipeline/Pipeline->Illuminate/Pipeline/{closure}(Object(Illuminate/Http/Request))
#13 C:/laragon/www/usama-fandaqah/vendor/laravel/framework/src/Illuminate/Pipeline/Pipeline.php(209): Illuminate/Routing/Middleware/SubstituteBindings->handle(Object(Illuminate/Http/Request), Object(Closure))
#14 C:/laragon/www/usama-fandaqah/vendor/laravel/framework/src/Illuminate/Auth/Middleware/Authenticate.php(64): Illuminate/Pipeline/Pipeline->Illuminate/Pipeline/{closure}(Object(Illuminate/Http/Request))
#15 C:/laragon/www/usama-fandaqah/vendor/laravel/framework/src/Illuminate/Pipeline/Pipeline.php(209): Illuminate/Auth/Middleware/Authenticate->handle(Object(Illuminate/Http/Request), Object(Closure), 'sanctum')
#16 C:/laragon/www/usama-fandaqah/vendor/laravel/framework/src/Illuminate/Pipeline/Pipeline.php(127): Illuminate/Pipeline/Pipeline->Illuminate/Pipeline/{closure}(Object(Illuminate/Http/Request))
#17 C:/laragon/www/usama-fandaqah/vendor/laravel/framework/src/Illuminate/Routing/Router.php(807): Illuminate/Pipeline/Pipeline->then(Object(Closure))
#18 C:/laragon/www/usama-fandaqah/vendor/laravel/framework/src/Illuminate/Routing/Router.php(786): Illuminate/Routing/Router->runRouteWithinStack(Object(Illuminate/Routing/Route), Object(Illuminate/Http/Request))
#19 C:/laragon/www/usama-fandaqah/vendor/laravel/framework/src/Illuminate/Routing/Router.php(750): Illuminate/Routing/Router->runRoute(Object(Illuminate/Http/Request), Object(Illuminate/Routing/Route))
#20 C:/laragon/www/usama-fandaqah/vendor/laravel/framework/src/Illuminate/Routing/Router.php(739): Illuminate/Routing/Router->dispatchToRoute(Object(Illuminate/Http/Request))
#21 C:/laragon/www/usama-fandaqah/vendor/laravel/framework/src/Illuminate/Foundation/Http/Kernel.php(201): Illuminate/Routing/Router->dispatch(Object(Illuminate/Http/Request))
#22 C:/laragon/www/usama-fandaqah/vendor/laravel/framework/src/Illuminate/Pipeline/Pipeline.php(170): Illuminate/Foundation/Http/Kernel->Illuminate/Foundation/Http/{closure}(Object(Illuminate/Http/Request))
#23 C:/laragon/www/usama-fandaqah/laravelnova/src/Http/Middleware/ServeNova.php(23): Illuminate/Pipeline/Pipeline->Illuminate/Pipeline/{closure}(Object(Illuminate/Http/Request))
#24 C:/laragon/www/usama-fandaqah/vendor/laravel/framework/src/Illuminate/Pipeline/Pipeline.php(209): Laravel/Nova/Http/Middleware/ServeNova->handle(Object(Illuminate/Http/Request), Object(Closure))
#25 C:/laragon/www/usama-fandaqah/vendor/laravel/framework/src/Illuminate/Foundation/Http/Middleware/TransformsRequest.php(21): Illuminate/Pipeline/Pipeline->Illuminate/Pipeline/{closure}(Object(Illuminate/Http/Request))
#26 C:/laragon/www/usama-fandaqah/vendor/laravel/framework/src/Illuminate/Foundation/Http/Middleware/ConvertEmptyStringsToNull.php(31): Illuminate/Foundation/Http/Middleware/TransformsRequest->handle(Object(Illuminate/Http/Request), Object(Closure))
#27 C:/laragon/www/usama-fandaqah/vendor/laravel/framework/src/Illuminate/Pipeline/Pipeline.php(209): Illuminate/Foundation/Http/Middleware/ConvertEmptyStringsToNull->handle(Object(Illuminate/Http/Request), Object(Closure))
#28 C:/laragon/www/usama-fandaqah/vendor/laravel/framework/src/Illuminate/Foundation/Http/Middleware/TransformsRequest.php(21): Illuminate/Pipeline/Pipeline->Illuminate/Pipeline/{closure}(Object(Illuminate/Http/Request))
#29 C:/laragon/www/usama-fandaqah/vendor/laravel/framework/src/Illuminate/Foundation/Http/Middleware/TrimStrings.php(51): Illuminate/Foundation/Http/Middleware/TransformsRequest->handle(Object(Illuminate/Http/Request), Object(Closure))
#30 C:/laragon/www/usama-fandaqah/vendor/laravel/framework/src/Illuminate/Pipeline/Pipeline.php(209): Illuminate/Foundation/Http/Middleware/TrimStrings->handle(Object(Illuminate/Http/Request), Object(Closure))
#31 C:/laragon/www/usama-fandaqah/vendor/laravel/framework/src/Illuminate/Http/Middleware/ValidatePostSize.php(27): Illuminate/Pipeline/Pipeline->Illuminate/Pipeline/{closure}(Object(Illuminate/Http/Request))
#32 C:/laragon/www/usama-fandaqah/vendor/laravel/framework/src/Illuminate/Pipeline/Pipeline.php(209): Illuminate/Http/Middleware/ValidatePostSize->handle(Object(Illuminate/Http/Request), Object(Closure))
#33 C:/laragon/www/usama-fandaqah/vendor/laravel/framework/src/Illuminate/Foundation/Http/Middleware/PreventRequestsDuringMaintenance.php(110): Illuminate/Pipeline/Pipeline->Illuminate/Pipeline/{closure}(Object(Illuminate/Http/Request))
#34 C:/laragon/www/usama-fandaqah/vendor/laravel/framework/src/Illuminate/Pipeline/Pipeline.php(209): Illuminate/Foundation/Http/Middleware/PreventRequestsDuringMaintenance->handle(Object(Illuminate/Http/Request), Object(Closure))
#35 C:/laragon/www/usama-fandaqah/vendor/laravel/framework/src/Illuminate/Http/Middleware/HandleCors.php(62): Illuminate/Pipeline/Pipeline->Illuminate/Pipeline/{closure}(Object(Illuminate/Http/Request))
#36 C:/laragon/www/usama-fandaqah/vendor/laravel/framework/src/Illuminate/Pipeline/Pipeline.php(209): Illuminate/Http/Middleware/HandleCors->handle(Object(Illuminate/Http/Request), Object(Closure))
#37 C:/laragon/www/usama-fandaqah/vendor/laravel/framework/src/Illuminate/Http/Middleware/TrustProxies.php(58): Illuminate/Pipeline/Pipeline->Illuminate/Pipeline/{closure}(Object(Illuminate/Http/Request))
#38 C:/laragon/www/usama-fandaqah/vendor/laravel/framework/src/Illuminate/Pipeline/Pipeline.php(209): Illuminate/Http/Middleware/TrustProxies->handle(Object(Illuminate/Http/Request), Object(Closure))
#39 C:/laragon/www/usama-fandaqah/vendor/laravel/framework/src/Illuminate/Foundation/Http/Middleware/InvokeDeferredCallbacks.php(22): Illuminate/Pipeline/Pipeline->Illuminate/Pipeline/{closure}(Object(Illuminate/Http/Request))
#40 C:/laragon/www/usama-fandaqah/vendor/laravel/framework/src/Illuminate/Pipeline/Pipeline.php(209): Illuminate/Foundation/Http/Middleware/InvokeDeferredCallbacks->handle(Object(Illuminate/Http/Request), Object(Closure))
#41 C:/laragon/www/usama-fandaqah/vendor/laravel/framework/src/Illuminate/Pipeline/Pipeline.php(127): Illuminate/Pipeline/Pipeline->Illuminate/Pipeline/{closure}(Object(Illuminate/Http/Request))
#42 C:/laragon/www/usama-fandaqah/vendor/laravel/framework/src/Illuminate/Foundation/Http/Kernel.php(176): Illuminate/Pipeline/Pipeline->then(Object(Closure))
#43 C:/laragon/www/usama-fandaqah/vendor/laravel/framework/src/Illuminate/Foundation/Http/Kernel.php(145): Illuminate/Foundation/Http/Kernel->sendRequestThroughRouter(Object(Illuminate/Http/Request))
#44 C:/laragon/www/usama-fandaqah/vendor/laravel/framework/src/Illuminate/Foundation/Testing/Concerns/MakesHttpRequests.php(607): Illuminate/Foundation/Http/Kernel->handle(Object(Illuminate/Http/Request))
#45 C:/laragon/www/usama-fandaqah/vendor/laravel/framework/src/Illuminate/Foundation/Testing/Concerns/MakesHttpRequests.php(573): Illuminate/Foundation/Testing/TestCase->call('GET', '/api/sidebar', Array, Array, Array, Array, '[]')
#46 C:/laragon/www/usama-fandaqah/vendor/laravel/framework/src/Illuminate/Foundation/Testing/Concerns/MakesHttpRequests.php(381): Illuminate/Foundation/Testing/TestCase->json('GET', '/api/sidebar', Array, Array, 0)
#47 C:/laragon/www/usama-fandaqah/tests/Feature/SidebarPermissionTest.php(67): Illuminate/Foundation/Testing/TestCase->getJson('/api/sidebar')
#48 C:/laragon/www/usama-fandaqah/vendor/phpunit/phpunit/src/Framework/TestCase.php(1667): Tests/Feature/SidebarPermissionTest->test_sidebar_returns_only_permitted_items()
#49 C:/laragon/www/usama-fandaqah/vendor/phpunit/phpunit/src/Framework/TestCase.php(519): PHPUnit/Framework/TestCase->runTest()
#50 C:/laragon/www/usama-fandaqah/vendor/phpunit/phpunit/src/Framework/TestRunner/TestRunner.php(87): PHPUnit/Framework/TestCase->runBare()
#51 C:/laragon/www/usama-fandaqah/vendor/phpunit/phpunit/src/Framework/TestCase.php(365): PHPUnit/Framework/TestRunner->run(Object(Tests/Feature/SidebarPermissionTest))
#52 C:/laragon/www/usama-fandaqah/vendor/phpunit/phpunit/src/Framework/TestSuite.php(369): PHPUnit/Framework/TestCase->run()
#53 C:/laragon/www/usama-fandaqah/vendor/phpunit/phpunit/src/TextUI/TestRunner.php(64): PHPUnit/Framework/TestSuite->run()
#54 C:/laragon/www/usama-fandaqah/vendor/phpunit/phpunit/src/TextUI/Application.php(211): PHPUnit/TextUI/TestRunner->run(Object(PHPUnit/TextUI/Configuration/Configuration), Object(PHPUnit/Runner/ResultCache/DefaultResultCache), Object(PHPUnit/Framework/TestSuite))
#55 C:/laragon/www/usama-fandaqah/vendor/phpunit/phpunit/phpunit(104): PHPUnit/TextUI/Application->run(Array)
#56 C:/laragon/www/usama-fandaqah/vendor/bin/phpunit(122): include('C://laragon//www//...')
#57 {main}
"} 
[2026-04-30 14:06:34] local.ERROR: Trait "Spatie\Translatable\HasTranslations" not found {"userId":1,"exception":"[object] (Symfony\\Component\\ErrorHandler\\Error\\FatalError(code: 0): Trait \"Spatie\\Translatable\\HasTranslations\" not found at C:/laragon/www/usama-fandaqah/app/Country.php:9)
[stacktrace]
#0 {main}
"} 
[2026-04-30 14:09:51] local.ERROR: Command "dusk" is not defined. {"exception":"[object] (Symfony\\Component\\Console\\Exception\\CommandNotFoundException(code: 0): Command \"dusk\" is not defined. at C:/laragon/www/usama-fandaqah/vendor/symfony/console/Application.php:759)
[stacktrace]
#0 C:/laragon/www/usama-fandaqah/vendor/symfony/console/Application.php(298): Symfony/Component/Console/Application->find('dusk')
#1 C:/laragon/www/usama-fandaqah/vendor/symfony/console/Application.php(195): Symfony/Component/Console/Application->doRun(Object(Symfony/Component/Console/Input/ArgvInput), Object(Symfony/Component/Console/Output/ConsoleOutput))
#2 C:/laragon/www/usama-fandaqah/vendor/laravel/framework/src/Illuminate/Foundation/Console/Kernel.php(198): Symfony/Component/Console/Application->run(Object(Symfony/Component/Console/Input/ArgvInput), Object(Symfony/Component/Console/Output/ConsoleOutput))
#3 C:/laragon/www/usama-fandaqah/vendor/laravel/framework/src/Illuminate/Foundation/Application.php(1235): Illuminate/Foundation/Console/Kernel->handle(Object(Symfony/Component/Console/Input/ArgvInput), Object(Symfony/Component/Console/Output/ConsoleOutput))
#4 C:/laragon/www/usama-fandaqah/artisan(20): Illuminate/Foundation/Application->handleCommand(Object(Symfony/Component/Console/Input/ArgvInput))
#5 {main}
"} 
[2026-04-30 14:10:18] local.ERROR: syntax error, unexpected token "public" {"userId":7,"exception":"[object] (ParseError(code: 0): syntax error, unexpected token \"public\" at C:/laragon/www/usama-fandaqah/app/Http/Controllers/Api/DashboardController.php:43)
[stacktrace]
#0 C:/laragon/www/usama-fandaqah/vendor/composer/ClassLoader.php(427): Composer/Autoload/{closure}('C://laragon//www//...')
#1 [internal function]: Composer/Autoload/ClassLoader->loadClass('App//Http//Contro...')
#2 C:/laragon/www/usama-fandaqah/vendor/laravel/framework/src/Illuminate/Routing/Route.php(1117): is_a('App//Http//Contro...', 'Illuminate//Rout...', true)
#3 C:/laragon/www/usama-fandaqah/vendor/laravel/framework/src/Illuminate/Routing/Route.php(1054): Illuminate/Routing/Route->controllerMiddleware()
#4 C:/laragon/www/usama-fandaqah/vendor/laravel/framework/src/Illuminate/Routing/Router.php(820): Illuminate/Routing/Route->gatherMiddleware()
#5 C:/laragon/www/usama-fandaqah/vendor/laravel/framework/src/Illuminate/Routing/Router.php(802): Illuminate/Routing/Router->gatherRouteMiddleware(Object(Illuminate/Routing/Route))
#6 C:/laragon/www/usama-fandaqah/vendor/laravel/framework/src/Illuminate/Routing/Router.php(786): Illuminate/Routing/Router->runRouteWithinStack(Object(Illuminate/Routing/Route), Object(Illuminate/Http/Request))
#7 C:/laragon/www/usama-fandaqah/vendor/laravel/framework/src/Illuminate/Routing/Router.php(750): Illuminate/Routing/Router->runRoute(Object(Illuminate/Http/Request), Object(Illuminate/Routing/Route))
#8 C:/laragon/www/usama-fandaqah/vendor/laravel/framework/src/Illuminate/Routing/Router.php(739): Illuminate/Routing/Router->dispatchToRoute(Object(Illuminate/Http/Request))
#9 C:/laragon/www/usama-fandaqah/vendor/laravel/framework/src/Illuminate/Foundation/Http/Kernel.php(201): Illuminate/Routing/Router->dispatch(Object(Illuminate/Http/Request))
#10 C:/laragon/www/usama-fandaqah/vendor/laravel/framework/src/Illuminate/Pipeline/Pipeline.php(170): Illuminate/Foundation/Http/Kernel->Illuminate/Foundation/Http/{closure}(Object(Illuminate/Http/Request))
#11 C:/laragon/www/usama-fandaqah/laravelnova/src/Http/Middleware/ServeNova.php(23): Illuminate/Pipeline/Pipeline->Illuminate/Pipeline/{closure}(Object(Illuminate/Http/Request))
#12 C:/laragon/www/usama-fandaqah/vendor/laravel/framework/src/Illuminate/Pipeline/Pipeline.php(209): Laravel/Nova/Http/Middleware/ServeNova->handle(Object(Illuminate/Http/Request), Object(Closure))
#13 C:/laragon/www/usama-fandaqah/vendor/laravel/framework/src/Illuminate/Foundation/Http/Middleware/TransformsRequest.php(21): Illuminate/Pipeline/Pipeline->Illuminate/Pipeline/{closure}(Object(Illuminate/Http/Request))
#14 C:/laragon/www/usama-fandaqah/vendor/laravel/framework/src/Illuminate/Foundation/Http/Middleware/ConvertEmptyStringsToNull.php(31): Illuminate/Foundation/Http/Middleware/TransformsRequest->handle(Object(Illuminate/Http/Request), Object(Closure))
#15 C:/laragon/www/usama-fandaqah/vendor/laravel/framework/src/Illuminate/Pipeline/Pipeline.php(209): Illuminate/Foundation/Http/Middleware/ConvertEmptyStringsToNull->handle(Object(Illuminate/Http/Request), Object(Closure))
#16 C:/laragon/www/usama-fandaqah/vendor/laravel/framework/src/Illuminate/Foundation/Http/Middleware/TransformsRequest.php(21): Illuminate/Pipeline/Pipeline->Illuminate/Pipeline/{closure}(Object(Illuminate/Http/Request))
#17 C:/laragon/www/usama-fandaqah/vendor/laravel/framework/src/Illuminate/Foundation/Http/Middleware/TrimStrings.php(51): Illuminate/Foundation/Http/Middleware/TransformsRequest->handle(Object(Illuminate/Http/Request), Object(Closure))
#18 C:/laragon/www/usama-fandaqah/vendor/laravel/framework/src/Illuminate/Pipeline/Pipeline.php(209): Illuminate/Foundation/Http/Middleware/TrimStrings->handle(Object(Illuminate/Http/Request), Object(Closure))
#19 C:/laragon/www/usama-fandaqah/vendor/laravel/framework/src/Illuminate/Http/Middleware/ValidatePostSize.php(27): Illuminate/Pipeline/Pipeline->Illuminate/Pipeline/{closure}(Object(Illuminate/Http/Request))
#20 C:/laragon/www/usama-fandaqah/vendor/laravel/framework/src/Illuminate/Pipeline/Pipeline.php(209): Illuminate/Http/Middleware/ValidatePostSize->handle(Object(Illuminate/Http/Request), Object(Closure))
#21 C:/laragon/www/usama-fandaqah/vendor/laravel/framework/src/Illuminate/Foundation/Http/Middleware/PreventRequestsDuringMaintenance.php(110): Illuminate/Pipeline/Pipeline->Illuminate/Pipeline/{closure}(Object(Illuminate/Http/Request))
#22 C:/laragon/www/usama-fandaqah/vendor/laravel/framework/src/Illuminate/Pipeline/Pipeline.php(209): Illuminate/Foundation/Http/Middleware/PreventRequestsDuringMaintenance->handle(Object(Illuminate/Http/Request), Object(Closure))
#23 C:/laragon/www/usama-fandaqah/vendor/laravel/framework/src/Illuminate/Http/Middleware/HandleCors.php(62): Illuminate/Pipeline/Pipeline->Illuminate/Pipeline/{closure}(Object(Illuminate/Http/Request))
#24 C:/laragon/www/usama-fandaqah/vendor/laravel/framework/src/Illuminate/Pipeline/Pipeline.php(209): Illuminate/Http/Middleware/HandleCors->handle(Object(Illuminate/Http/Request), Object(Closure))
#25 C:/laragon/www/usama-fandaqah/vendor/laravel/framework/src/Illuminate/Http/Middleware/TrustProxies.php(58): Illuminate/Pipeline/Pipeline->Illuminate/Pipeline/{closure}(Object(Illuminate/Http/Request))
#26 C:/laragon/www/usama-fandaqah/vendor/laravel/framework/src/Illuminate/Pipeline/Pipeline.php(209): Illuminate/Http/Middleware/TrustProxies->handle(Object(Illuminate/Http/Request), Object(Closure))
#27 C:/laragon/www/usama-fandaqah/vendor/laravel/framework/src/Illuminate/Foundation/Http/Middleware/InvokeDeferredCallbacks.php(22): Illuminate/Pipeline/Pipeline->Illuminate/Pipeline/{closure}(Object(Illuminate/Http/Request))
#28 C:/laragon/www/usama-fandaqah/vendor/laravel/framework/src/Illuminate/Pipeline/Pipeline.php(209): Illuminate/Foundation/Http/Middleware/InvokeDeferredCallbacks->handle(Object(Illuminate/Http/Request), Object(Closure))
#29 C:/laragon/www/usama-fandaqah/vendor/laravel/framework/src/Illuminate/Pipeline/Pipeline.php(127): Illuminate/Pipeline/Pipeline->Illuminate/Pipeline/{closure}(Object(Illuminate/Http/Request))
#30 C:/laragon/www/usama-fandaqah/vendor/laravel/framework/src/Illuminate/Foundation/Http/Kernel.php(176): Illuminate/Pipeline/Pipeline->then(Object(Closure))
#31 C:/laragon/www/usama-fandaqah/vendor/laravel/framework/src/Illuminate/Foundation/Http/Kernel.php(145): Illuminate/Foundation/Http/Kernel->sendRequestThroughRouter(Object(Illuminate/Http/Request))
#32 C:/laragon/www/usama-fandaqah/vendor/laravel/framework/src/Illuminate/Foundation/Testing/Concerns/MakesHttpRequests.php(607): Illuminate/Foundation/Http/Kernel->handle(Object(Illuminate/Http/Request))
#33 C:/laragon/www/usama-fandaqah/vendor/laravel/framework/src/Illuminate/Foundation/Testing/Concerns/MakesHttpRequests.php(573): Illuminate/Foundation/Testing/TestCase->call('GET', '/api/dashboard/...', Array, Array, Array, Array, '[]')
#34 C:/laragon/www/usama-fandaqah/vendor/laravel/framework/src/Illuminate/Foundation/Testing/Concerns/MakesHttpRequests.php(381): Illuminate/Foundation/Testing/TestCase->json('GET', '/api/dashboard/...', Array, Array, 0)
#35 C:/laragon/www/usama-fandaqah/tests/Feature/DashboardTest.php(48): Illuminate/Foundation/Testing/TestCase->getJson('/api/dashboard/...')
#36 C:/laragon/www/usama-fandaqah/vendor/phpunit/phpunit/src/Framework/TestCase.php(1667): Tests/Feature/DashboardTest->test_overview_dashboard_returns_data()
#37 C:/laragon/www/usama-fandaqah/vendor/phpunit/phpunit/src/Framework/TestCase.php(519): PHPUnit/Framework/TestCase->runTest()
#38 C:/laragon/www/usama-fandaqah/vendor/phpunit/phpunit/src/Framework/TestRunner/TestRunner.php(87): PHPUnit/Framework/TestCase->runBare()
#39 C:/laragon/www/usama-fandaqah/vendor/phpunit/phpunit/src/Framework/TestCase.php(365): PHPUnit/Framework/TestRunner->run(Object(Tests/Feature/DashboardTest))
#40 C:/laragon/www/usama-fandaqah/vendor/phpunit/phpunit/src/Framework/TestSuite.php(369): PHPUnit/Framework/TestCase->run()
#41 C:/laragon/www/usama-fandaqah/vendor/phpunit/phpunit/src/TextUI/TestRunner.php(64): PHPUnit/Framework/TestSuite->run()
#42 C:/laragon/www/usama-fandaqah/vendor/phpunit/phpunit/src/TextUI/Application.php(211): PHPUnit/TextUI/TestRunner->run(Object(PHPUnit/TextUI/Configuration/Configuration), Object(PHPUnit/Runner/ResultCache/DefaultResultCache), Object(PHPUnit/Framework/TestSuite))
#43 C:/laragon/www/usama-fandaqah/vendor/phpunit/phpunit/phpunit(104): PHPUnit/TextUI/Application->run(Array)
#44 C:/laragon/www/usama-fandaqah/vendor/bin/phpunit(122): include('C://laragon//www//...')
#45 {main}
"} 
[2026-04-30 14:10:19] local.ERROR: syntax error, unexpected token "public" {"userId":8,"exception":"[object] (ParseError(code: 0): syntax error, unexpected token \"public\" at C:/laragon/www/usama-fandaqah/app/Http/Controllers/Api/DashboardController.php:43)
[stacktrace]
#0 C:/laragon/www/usama-fandaqah/vendor/composer/ClassLoader.php(427): Composer/Autoload/{closure}('C://laragon//www//...')
#1 [internal function]: Composer/Autoload/ClassLoader->loadClass('App//Http//Contro...')
#2 C:/laragon/www/usama-fandaqah/vendor/laravel/framework/src/Illuminate/Routing/Route.php(1117): is_a('App//Http//Contro...', 'Illuminate//Rout...', true)
#3 C:/laragon/www/usama-fandaqah/vendor/laravel/framework/src/Illuminate/Routing/Route.php(1054): Illuminate/Routing/Route->controllerMiddleware()
#4 C:/laragon/www/usama-fandaqah/vendor/laravel/framework/src/Illuminate/Routing/Router.php(820): Illuminate/Routing/Route->gatherMiddleware()
#5 C:/laragon/www/usama-fandaqah/vendor/laravel/framework/src/Illuminate/Routing/Router.php(802): Illuminate/Routing/Router->gatherRouteMiddleware(Object(Illuminate/Routing/Route))
#6 C:/laragon/www/usama-fandaqah/vendor/laravel/framework/src/Illuminate/Routing/Router.php(786): Illuminate/Routing/Router->runRouteWithinStack(Object(Illuminate/Routing/Route), Object(Illuminate/Http/Request))
#7 C:/laragon/www/usama-fandaqah/vendor/laravel/framework/src/Illuminate/Routing/Router.php(750): Illuminate/Routing/Router->runRoute(Object(Illuminate/Http/Request), Object(Illuminate/Routing/Route))
#8 C:/laragon/www/usama-fandaqah/vendor/laravel/framework/src/Illuminate/Routing/Router.php(739): Illuminate/Routing/Router->dispatchToRoute(Object(Illuminate/Http/Request))
#9 C:/laragon/www/usama-fandaqah/vendor/laravel/framework/src/Illuminate/Foundation/Http/Kernel.php(201): Illuminate/Routing/Router->dispatch(Object(Illuminate/Http/Request))
#10 C:/laragon/www/usama-fandaqah/vendor/laravel/framework/src/Illuminate/Pipeline/Pipeline.php(170): Illuminate/Foundation/Http/Kernel->Illuminate/Foundation/Http/{closure}(Object(Illuminate/Http/Request))
#11 C:/laragon/www/usama-fandaqah/laravelnova/src/Http/Middleware/ServeNova.php(23): Illuminate/Pipeline/Pipeline->Illuminate/Pipeline/{closure}(Object(Illuminate/Http/Request))
#12 C:/laragon/www/usama-fandaqah/vendor/laravel/framework/src/Illuminate/Pipeline/Pipeline.php(209): Laravel/Nova/Http/Middleware/ServeNova->handle(Object(Illuminate/Http/Request), Object(Closure))
#13 C:/laragon/www/usama-fandaqah/vendor/laravel/framework/src/Illuminate/Foundation/Http/Middleware/TransformsRequest.php(21): Illuminate/Pipeline/Pipeline->Illuminate/Pipeline/{closure}(Object(Illuminate/Http/Request))
#14 C:/laragon/www/usama-fandaqah/vendor/laravel/framework/src/Illuminate/Foundation/Http/Middleware/ConvertEmptyStringsToNull.php(31): Illuminate/Foundation/Http/Middleware/TransformsRequest->handle(Object(Illuminate/Http/Request), Object(Closure))
#15 C:/laragon/www/usama-fandaqah/vendor/laravel/framework/src/Illuminate/Pipeline/Pipeline.php(209): Illuminate/Foundation/Http/Middleware/ConvertEmptyStringsToNull->handle(Object(Illuminate/Http/Request), Object(Closure))
#16 C:/laragon/www/usama-fandaqah/vendor/laravel/framework/src/Illuminate/Foundation/Http/Middleware/TransformsRequest.php(21): Illuminate/Pipeline/Pipeline->Illuminate/Pipeline/{closure}(Object(Illuminate/Http/Request))
#17 C:/laragon/www/usama-fandaqah/vendor/laravel/framework/src/Illuminate/Foundation/Http/Middleware/TrimStrings.php(51): Illuminate/Foundation/Http/Middleware/TransformsRequest->handle(Object(Illuminate/Http/Request), Object(Closure))
#18 C:/laragon/www/usama-fandaqah/vendor/laravel/framework/src/Illuminate/Pipeline/Pipeline.php(209): Illuminate/Foundation/Http/Middleware/TrimStrings->handle(Object(Illuminate/Http/Request), Object(Closure))
#19 C:/laragon/www/usama-fandaqah/vendor/laravel/framework/src/Illuminate/Http/Middleware/ValidatePostSize.php(27): Illuminate/Pipeline/Pipeline->Illuminate/Pipeline/{closure}(Object(Illuminate/Http/Request))
#20 C:/laragon/www/usama-fandaqah/vendor/laravel/framework/src/Illuminate/Pipeline/Pipeline.php(209): Illuminate/Http/Middleware/ValidatePostSize->handle(Object(Illuminate/Http/Request), Object(Closure))
#21 C:/laragon/www/usama-fandaqah/vendor/laravel/framework/src/Illuminate/Foundation/Http/Middleware/PreventRequestsDuringMaintenance.php(110): Illuminate/Pipeline/Pipeline->Illuminate/Pipeline/{closure}(Object(Illuminate/Http/Request))
#22 C:/laragon/www/usama-fandaqah/vendor/laravel/framework/src/Illuminate/Pipeline/Pipeline.php(209): Illuminate/Foundation/Http/Middleware/PreventRequestsDuringMaintenance->handle(Object(Illuminate/Http/Request), Object(Closure))
#23 C:/laragon/www/usama-fandaqah/vendor/laravel/framework/src/Illuminate/Http/Middleware/HandleCors.php(62): Illuminate/Pipeline/Pipeline->Illuminate/Pipeline/{closure}(Object(Illuminate/Http/Request))
#24 C:/laragon/www/usama-fandaqah/vendor/laravel/framework/src/Illuminate/Pipeline/Pipeline.php(209): Illuminate/Http/Middleware/HandleCors->handle(Object(Illuminate/Http/Request), Object(Closure))
#25 C:/laragon/www/usama-fandaqah/vendor/laravel/framework/src/Illuminate/Http/Middleware/TrustProxies.php(58): Illuminate/Pipeline/Pipeline->Illuminate/Pipeline/{closure}(Object(Illuminate/Http/Request))
#26 C:/laragon/www/usama-fandaqah/vendor/laravel/framework/src/Illuminate/Pipeline/Pipeline.php(209): Illuminate/Http/Middleware/TrustProxies->handle(Object(Illuminate/Http/Request), Object(Closure))
#27 C:/laragon/www/usama-fandaqah/vendor/laravel/framework/src/Illuminate/Foundation/Http/Middleware/InvokeDeferredCallbacks.php(22): Illuminate/Pipeline/Pipeline->Illuminate/Pipeline/{closure}(Object(Illuminate/Http/Request))
#28 C:/laragon/www/usama-fandaqah/vendor/laravel/framework/src/Illuminate/Pipeline/Pipeline.php(209): Illuminate/Foundation/Http/Middleware/InvokeDeferredCallbacks->handle(Object(Illuminate/Http/Request), Object(Closure))
#29 C:/laragon/www/usama-fandaqah/vendor/laravel/framework/src/Illuminate/Pipeline/Pipeline.php(127): Illuminate/Pipeline/Pipeline->Illuminate/Pipeline/{closure}(Object(Illuminate/Http/Request))
#30 C:/laragon/www/usama-fandaqah/vendor/laravel/framework/src/Illuminate/Foundation/Http/Kernel.php(176): Illuminate/Pipeline/Pipeline->then(Object(Closure))
#31 C:/laragon/www/usama-fandaqah/vendor/laravel/framework/src/Illuminate/Foundation/Http/Kernel.php(145): Illuminate/Foundation/Http/Kernel->sendRequestThroughRouter(Object(Illuminate/Http/Request))
#32 C:/laragon/www/usama-fandaqah/vendor/laravel/framework/src/Illuminate/Foundation/Testing/Concerns/MakesHttpRequests.php(607): Illuminate/Foundation/Http/Kernel->handle(Object(Illuminate/Http/Request))
#33 C:/laragon/www/usama-fandaqah/vendor/laravel/framework/src/Illuminate/Foundation/Testing/Concerns/MakesHttpRequests.php(573): Illuminate/Foundation/Testing/TestCase->call('GET', '/api/dashboard/...', Array, Array, Array, Array, '[]')
#34 C:/laragon/www/usama-fandaqah/vendor/laravel/framework/src/Illuminate/Foundation/Testing/Concerns/MakesHttpRequests.php(381): Illuminate/Foundation/Testing/TestCase->json('GET', '/api/dashboard/...', Array, Array, 0)
#35 C:/laragon/www/usama-fandaqah/tests/Feature/DashboardTest.php(56): Illuminate/Foundation/Testing/TestCase->getJson('/api/dashboard/...')
#36 C:/laragon/www/usama-fandaqah/vendor/phpunit/phpunit/src/Framework/TestCase.php(1667): Tests/Feature/DashboardTest->test_night_audit_dashboard_returns_data()
#37 C:/laragon/www/usama-fandaqah/vendor/phpunit/phpunit/src/Framework/TestCase.php(519): PHPUnit/Framework/TestCase->runTest()
#38 C:/laragon/www/usama-fandaqah/vendor/phpunit/phpunit/src/Framework/TestRunner/TestRunner.php(87): PHPUnit/Framework/TestCase->runBare()
#39 C:/laragon/www/usama-fandaqah/vendor/phpunit/phpunit/src/Framework/TestCase.php(365): PHPUnit/Framework/TestRunner->run(Object(Tests/Feature/DashboardTest))
#40 C:/laragon/www/usama-fandaqah/vendor/phpunit/phpunit/src/Framework/TestSuite.php(369): PHPUnit/Framework/TestCase->run()
#41 C:/laragon/www/usama-fandaqah/vendor/phpunit/phpunit/src/TextUI/TestRunner.php(64): PHPUnit/Framework/TestSuite->run()
#42 C:/laragon/www/usama-fandaqah/vendor/phpunit/phpunit/src/TextUI/Application.php(211): PHPUnit/TextUI/TestRunner->run(Object(PHPUnit/TextUI/Configuration/Configuration), Object(PHPUnit/Runner/ResultCache/DefaultResultCache), Object(PHPUnit/Framework/TestSuite))
#43 C:/laragon/www/usama-fandaqah/vendor/phpunit/phpunit/phpunit(104): PHPUnit/TextUI/Application->run(Array)
#44 C:/laragon/www/usama-fandaqah/vendor/bin/phpunit(122): include('C://laragon//www//...')
#45 {main}
"} 
[2026-04-30 14:10:19] local.ERROR: syntax error, unexpected token "public" {"userId":9,"exception":"[object] (ParseError(code: 0): syntax error, unexpected token \"public\" at C:/laragon/www/usama-fandaqah/app/Http/Controllers/Api/DashboardController.php:43)
[stacktrace]
#0 C:/laragon/www/usama-fandaqah/vendor/composer/ClassLoader.php(427): Composer/Autoload/{closure}('C://laragon//www//...')
#1 [internal function]: Composer/Autoload/ClassLoader->loadClass('App//Http//Contro...')
#2 C:/laragon/www/usama-fandaqah/vendor/laravel/framework/src/Illuminate/Routing/Route.php(1117): is_a('App//Http//Contro...', 'Illuminate//Rout...', true)
#3 C:/laragon/www/usama-fandaqah/vendor/laravel/framework/src/Illuminate/Routing/Route.php(1054): Illuminate/Routing/Route->controllerMiddleware()
#4 C:/laragon/www/usama-fandaqah/vendor/laravel/framework/src/Illuminate/Routing/Router.php(820): Illuminate/Routing/Route->gatherMiddleware()
#5 C:/laragon/www/usama-fandaqah/vendor/laravel/framework/src/Illuminate/Routing/Router.php(802): Illuminate/Routing/Router->gatherRouteMiddleware(Object(Illuminate/Routing/Route))
#6 C:/laragon/www/usama-fandaqah/vendor/laravel/framework/src/Illuminate/Routing/Router.php(786): Illuminate/Routing/Router->runRouteWithinStack(Object(Illuminate/Routing/Route), Object(Illuminate/Http/Request))
#7 C:/laragon/www/usama-fandaqah/vendor/laravel/framework/src/Illuminate/Routing/Router.php(750): Illuminate/Routing/Router->runRoute(Object(Illuminate/Http/Request), Object(Illuminate/Routing/Route))
#8 C:/laragon/www/usama-fandaqah/vendor/laravel/framework/src/Illuminate/Routing/Router.php(739): Illuminate/Routing/Router->dispatchToRoute(Object(Illuminate/Http/Request))
#9 C:/laragon/www/usama-fandaqah/vendor/laravel/framework/src/Illuminate/Foundation/Http/Kernel.php(201): Illuminate/Routing/Router->dispatch(Object(Illuminate/Http/Request))
#10 C:/laragon/www/usama-fandaqah/vendor/laravel/framework/src/Illuminate/Pipeline/Pipeline.php(170): Illuminate/Foundation/Http/Kernel->Illuminate/Foundation/Http/{closure}(Object(Illuminate/Http/Request))
#11 C:/laragon/www/usama-fandaqah/laravelnova/src/Http/Middleware/ServeNova.php(23): Illuminate/Pipeline/Pipeline->Illuminate/Pipeline/{closure}(Object(Illuminate/Http/Request))
#12 C:/laragon/www/usama-fandaqah/vendor/laravel/framework/src/Illuminate/Pipeline/Pipeline.php(209): Laravel/Nova/Http/Middleware/ServeNova->handle(Object(Illuminate/Http/Request), Object(Closure))
#13 C:/laragon/www/usama-fandaqah/vendor/laravel/framework/src/Illuminate/Foundation/Http/Middleware/TransformsRequest.php(21): Illuminate/Pipeline/Pipeline->Illuminate/Pipeline/{closure}(Object(Illuminate/Http/Request))
#14 C:/laragon/www/usama-fandaqah/vendor/laravel/framework/src/Illuminate/Foundation/Http/Middleware/ConvertEmptyStringsToNull.php(31): Illuminate/Foundation/Http/Middleware/TransformsRequest->handle(Object(Illuminate/Http/Request), Object(Closure))
#15 C:/laragon/www/usama-fandaqah/vendor/laravel/framework/src/Illuminate/Pipeline/Pipeline.php(209): Illuminate/Foundation/Http/Middleware/ConvertEmptyStringsToNull->handle(Object(Illuminate/Http/Request), Object(Closure))
#16 C:/laragon/www/usama-fandaqah/vendor/laravel/framework/src/Illuminate/Foundation/Http/Middleware/TransformsRequest.php(21): Illuminate/Pipeline/Pipeline->Illuminate/Pipeline/{closure}(Object(Illuminate/Http/Request))
#17 C:/laragon/www/usama-fandaqah/vendor/laravel/framework/src/Illuminate/Foundation/Http/Middleware/TrimStrings.php(51): Illuminate/Foundation/Http/Middleware/TransformsRequest->handle(Object(Illuminate/Http/Request), Object(Closure))
#18 C:/laragon/www/usama-fandaqah/vendor/laravel/framework/src/Illuminate/Pipeline/Pipeline.php(209): Illuminate/Foundation/Http/Middleware/TrimStrings->handle(Object(Illuminate/Http/Request), Object(Closure))
#19 C:/laragon/www/usama-fandaqah/vendor/laravel/framework/src/Illuminate/Http/Middleware/ValidatePostSize.php(27): Illuminate/Pipeline/Pipeline->Illuminate/Pipeline/{closure}(Object(Illuminate/Http/Request))
#20 C:/laragon/www/usama-fandaqah/vendor/laravel/framework/src/Illuminate/Pipeline/Pipeline.php(209): Illuminate/Http/Middleware/ValidatePostSize->handle(Object(Illuminate/Http/Request), Object(Closure))
#21 C:/laragon/www/usama-fandaqah/vendor/laravel/framework/src/Illuminate/Foundation/Http/Middleware/PreventRequestsDuringMaintenance.php(110): Illuminate/Pipeline/Pipeline->Illuminate/Pipeline/{closure}(Object(Illuminate/Http/Request))
#22 C:/laragon/www/usama-fandaqah/vendor/laravel/framework/src/Illuminate/Pipeline/Pipeline.php(209): Illuminate/Foundation/Http/Middleware/PreventRequestsDuringMaintenance->handle(Object(Illuminate/Http/Request), Object(Closure))
#23 C:/laragon/www/usama-fandaqah/vendor/laravel/framework/src/Illuminate/Http/Middleware/HandleCors.php(62): Illuminate/Pipeline/Pipeline->Illuminate/Pipeline/{closure}(Object(Illuminate/Http/Request))
#24 C:/laragon/www/usama-fandaqah/vendor/laravel/framework/src/Illuminate/Pipeline/Pipeline.php(209): Illuminate/Http/Middleware/HandleCors->handle(Object(Illuminate/Http/Request), Object(Closure))
#25 C:/laragon/www/usama-fandaqah/vendor/laravel/framework/src/Illuminate/Http/Middleware/TrustProxies.php(58): Illuminate/Pipeline/Pipeline->Illuminate/Pipeline/{closure}(Object(Illuminate/Http/Request))
#26 C:/laragon/www/usama-fandaqah/vendor/laravel/framework/src/Illuminate/Pipeline/Pipeline.php(209): Illuminate/Http/Middleware/TrustProxies->handle(Object(Illuminate/Http/Request), Object(Closure))
#27 C:/laragon/www/usama-fandaqah/vendor/laravel/framework/src/Illuminate/Foundation/Http/Middleware/InvokeDeferredCallbacks.php(22): Illuminate/Pipeline/Pipeline->Illuminate/Pipeline/{closure}(Object(Illuminate/Http/Request))
#28 C:/laragon/www/usama-fandaqah/vendor/laravel/framework/src/Illuminate/Pipeline/Pipeline.php(209): Illuminate/Foundation/Http/Middleware/InvokeDeferredCallbacks->handle(Object(Illuminate/Http/Request), Object(Closure))
#29 C:/laragon/www/usama-fandaqah/vendor/laravel/framework/src/Illuminate/Pipeline/Pipeline.php(127): Illuminate/Pipeline/Pipeline->Illuminate/Pipeline/{closure}(Object(Illuminate/Http/Request))
#30 C:/laragon/www/usama-fandaqah/vendor/laravel/framework/src/Illuminate/Foundation/Http/Kernel.php(176): Illuminate/Pipeline/Pipeline->then(Object(Closure))
#31 C:/laragon/www/usama-fandaqah/vendor/laravel/framework/src/Illuminate/Foundation/Http/Kernel.php(145): Illuminate/Foundation/Http/Kernel->sendRequestThroughRouter(Object(Illuminate/Http/Request))
#32 C:/laragon/www/usama-fandaqah/vendor/laravel/framework/src/Illuminate/Foundation/Testing/Concerns/MakesHttpRequests.php(607): Illuminate/Foundation/Http/Kernel->handle(Object(Illuminate/Http/Request))
#33 C:/laragon/www/usama-fandaqah/vendor/laravel/framework/src/Illuminate/Foundation/Testing/Concerns/MakesHttpRequests.php(573): Illuminate/Foundation/Testing/TestCase->call('GET', '/api/dashboard/...', Array, Array, Array, Array, '[]')
#34 C:/laragon/www/usama-fandaqah/vendor/laravel/framework/src/Illuminate/Foundation/Testing/Concerns/MakesHttpRequests.php(381): Illuminate/Foundation/Testing/TestCase->json('GET', '/api/dashboard/...', Array, Array, 0)
#35 C:/laragon/www/usama-fandaqah/tests/Feature/DashboardTest.php(64): Illuminate/Foundation/Testing/TestCase->getJson('/api/dashboard/...')
#36 C:/laragon/www/usama-fandaqah/vendor/phpunit/phpunit/src/Framework/TestCase.php(1667): Tests/Feature/DashboardTest->test_occupancy_dashboard_returns_data()
#37 C:/laragon/www/usama-fandaqah/vendor/phpunit/phpunit/src/Framework/TestCase.php(519): PHPUnit/Framework/TestCase->runTest()
#38 C:/laragon/www/usama-fandaqah/vendor/phpunit/phpunit/src/Framework/TestRunner/TestRunner.php(87): PHPUnit/Framework/TestCase->runBare()
#39 C:/laragon/www/usama-fandaqah/vendor/phpunit/phpunit/src/Framework/TestCase.php(365): PHPUnit/Framework/TestRunner->run(Object(Tests/Feature/DashboardTest))
#40 C:/laragon/www/usama-fandaqah/vendor/phpunit/phpunit/src/Framework/TestSuite.php(369): PHPUnit/Framework/TestCase->run()
#41 C:/laragon/www/usama-fandaqah/vendor/phpunit/phpunit/src/TextUI/TestRunner.php(64): PHPUnit/Framework/TestSuite->run()
#42 C:/laragon/www/usama-fandaqah/vendor/phpunit/phpunit/src/TextUI/Application.php(211): PHPUnit/TextUI/TestRunner->run(Object(PHPUnit/TextUI/Configuration/Configuration), Object(PHPUnit/Runner/ResultCache/DefaultResultCache), Object(PHPUnit/Framework/TestSuite))
#43 C:/laragon/www/usama-fandaqah/vendor/phpunit/phpunit/phpunit(104): PHPUnit/TextUI/Application->run(Array)
#44 C:/laragon/www/usama-fandaqah/vendor/bin/phpunit(122): include('C://laragon//www//...')
#45 {main}
"} 
[2026-04-30 14:10:20] local.ERROR: syntax error, unexpected token "public" {"userId":10,"exception":"[object] (ParseError(code: 0): syntax error, unexpected token \"public\" at C:/laragon/www/usama-fandaqah/app/Http/Controllers/Api/DashboardController.php:43)
[stacktrace]
#0 C:/laragon/www/usama-fandaqah/vendor/composer/ClassLoader.php(427): Composer/Autoload/{closure}('C://laragon//www//...')
#1 [internal function]: Composer/Autoload/ClassLoader->loadClass('App//Http//Contro...')
#2 C:/laragon/www/usama-fandaqah/vendor/laravel/framework/src/Illuminate/Routing/Route.php(1117): is_a('App//Http//Contro...', 'Illuminate//Rout...', true)
#3 C:/laragon/www/usama-fandaqah/vendor/laravel/framework/src/Illuminate/Routing/Route.php(1054): Illuminate/Routing/Route->controllerMiddleware()
#4 C:/laragon/www/usama-fandaqah/vendor/laravel/framework/src/Illuminate/Routing/Router.php(820): Illuminate/Routing/Route->gatherMiddleware()
#5 C:/laragon/www/usama-fandaqah/vendor/laravel/framework/src/Illuminate/Routing/Router.php(802): Illuminate/Routing/Router->gatherRouteMiddleware(Object(Illuminate/Routing/Route))
#6 C:/laragon/www/usama-fandaqah/vendor/laravel/framework/src/Illuminate/Routing/Router.php(786): Illuminate/Routing/Router->runRouteWithinStack(Object(Illuminate/Routing/Route), Object(Illuminate/Http/Request))
#7 C:/laragon/www/usama-fandaqah/vendor/laravel/framework/src/Illuminate/Routing/Router.php(750): Illuminate/Routing/Router->runRoute(Object(Illuminate/Http/Request), Object(Illuminate/Routing/Route))
#8 C:/laragon/www/usama-fandaqah/vendor/laravel/framework/src/Illuminate/Routing/Router.php(739): Illuminate/Routing/Router->dispatchToRoute(Object(Illuminate/Http/Request))
#9 C:/laragon/www/usama-fandaqah/vendor/laravel/framework/src/Illuminate/Foundation/Http/Kernel.php(201): Illuminate/Routing/Router->dispatch(Object(Illuminate/Http/Request))
#10 C:/laragon/www/usama-fandaqah/vendor/laravel/framework/src/Illuminate/Pipeline/Pipeline.php(170): Illuminate/Foundation/Http/Kernel->Illuminate/Foundation/Http/{closure}(Object(Illuminate/Http/Request))
#11 C:/laragon/www/usama-fandaqah/laravelnova/src/Http/Middleware/ServeNova.php(23): Illuminate/Pipeline/Pipeline->Illuminate/Pipeline/{closure}(Object(Illuminate/Http/Request))
#12 C:/laragon/www/usama-fandaqah/vendor/laravel/framework/src/Illuminate/Pipeline/Pipeline.php(209): Laravel/Nova/Http/Middleware/ServeNova->handle(Object(Illuminate/Http/Request), Object(Closure))
#13 C:/laragon/www/usama-fandaqah/vendor/laravel/framework/src/Illuminate/Foundation/Http/Middleware/TransformsRequest.php(21): Illuminate/Pipeline/Pipeline->Illuminate/Pipeline/{closure}(Object(Illuminate/Http/Request))
#14 C:/laragon/www/usama-fandaqah/vendor/laravel/framework/src/Illuminate/Foundation/Http/Middleware/ConvertEmptyStringsToNull.php(31): Illuminate/Foundation/Http/Middleware/TransformsRequest->handle(Object(Illuminate/Http/Request), Object(Closure))
#15 C:/laragon/www/usama-fandaqah/vendor/laravel/framework/src/Illuminate/Pipeline/Pipeline.php(209): Illuminate/Foundation/Http/Middleware/ConvertEmptyStringsToNull->handle(Object(Illuminate/Http/Request), Object(Closure))
#16 C:/laragon/www/usama-fandaqah/vendor/laravel/framework/src/Illuminate/Foundation/Http/Middleware/TransformsRequest.php(21): Illuminate/Pipeline/Pipeline->Illuminate/Pipeline/{closure}(Object(Illuminate/Http/Request))
#17 C:/laragon/www/usama-fandaqah/vendor/laravel/framework/src/Illuminate/Foundation/Http/Middleware/TrimStrings.php(51): Illuminate/Foundation/Http/Middleware/TransformsRequest->handle(Object(Illuminate/Http/Request), Object(Closure))
#18 C:/laragon/www/usama-fandaqah/vendor/laravel/framework/src/Illuminate/Pipeline/Pipeline.php(209): Illuminate/Foundation/Http/Middleware/TrimStrings->handle(Object(Illuminate/Http/Request), Object(Closure))
#19 C:/laragon/www/usama-fandaqah/vendor/laravel/framework/src/Illuminate/Http/Middleware/ValidatePostSize.php(27): Illuminate/Pipeline/Pipeline->Illuminate/Pipeline/{closure}(Object(Illuminate/Http/Request))
#20 C:/laragon/www/usama-fandaqah/vendor/laravel/framework/src/Illuminate/Pipeline/Pipeline.php(209): Illuminate/Http/Middleware/ValidatePostSize->handle(Object(Illuminate/Http/Request), Object(Closure))
#21 C:/laragon/www/usama-fandaqah/vendor/laravel/framework/src/Illuminate/Foundation/Http/Middleware/PreventRequestsDuringMaintenance.php(110): Illuminate/Pipeline/Pipeline->Illuminate/Pipeline/{closure}(Object(Illuminate/Http/Request))
#22 C:/laragon/www/usama-fandaqah/vendor/laravel/framework/src/Illuminate/Pipeline/Pipeline.php(209): Illuminate/Foundation/Http/Middleware/PreventRequestsDuringMaintenance->handle(Object(Illuminate/Http/Request), Object(Closure))
#23 C:/laragon/www/usama-fandaqah/vendor/laravel/framework/src/Illuminate/Http/Middleware/HandleCors.php(62): Illuminate/Pipeline/Pipeline->Illuminate/Pipeline/{closure}(Object(Illuminate/Http/Request))
#24 C:/laragon/www/usama-fandaqah/vendor/laravel/framework/src/Illuminate/Pipeline/Pipeline.php(209): Illuminate/Http/Middleware/HandleCors->handle(Object(Illuminate/Http/Request), Object(Closure))
#25 C:/laragon/www/usama-fandaqah/vendor/laravel/framework/src/Illuminate/Http/Middleware/TrustProxies.php(58): Illuminate/Pipeline/Pipeline->Illuminate/Pipeline/{closure}(Object(Illuminate/Http/Request))
#26 C:/laragon/www/usama-fandaqah/vendor/laravel/framework/src/Illuminate/Pipeline/Pipeline.php(209): Illuminate/Http/Middleware/TrustProxies->handle(Object(Illuminate/Http/Request), Object(Closure))
#27 C:/laragon/www/usama-fandaqah/vendor/laravel/framework/src/Illuminate/Foundation/Http/Middleware/InvokeDeferredCallbacks.php(22): Illuminate/Pipeline/Pipeline->Illuminate/Pipeline/{closure}(Object(Illuminate/Http/Request))
#28 C:/laragon/www/usama-fandaqah/vendor/laravel/framework/src/Illuminate/Pipeline/Pipeline.php(209): Illuminate/Foundation/Http/Middleware/InvokeDeferredCallbacks->handle(Object(Illuminate/Http/Request), Object(Closure))
#29 C:/laragon/www/usama-fandaqah/vendor/laravel/framework/src/Illuminate/Pipeline/Pipeline.php(127): Illuminate/Pipeline/Pipeline->Illuminate/Pipeline/{closure}(Object(Illuminate/Http/Request))
#30 C:/laragon/www/usama-fandaqah/vendor/laravel/framework/src/Illuminate/Foundation/Http/Kernel.php(176): Illuminate/Pipeline/Pipeline->then(Object(Closure))
#31 C:/laragon/www/usama-fandaqah/vendor/laravel/framework/src/Illuminate/Foundation/Http/Kernel.php(145): Illuminate/Foundation/Http/Kernel->sendRequestThroughRouter(Object(Illuminate/Http/Request))
#32 C:/laragon/www/usama-fandaqah/vendor/laravel/framework/src/Illuminate/Foundation/Testing/Concerns/MakesHttpRequests.php(607): Illuminate/Foundation/Http/Kernel->handle(Object(Illuminate/Http/Request))
#33 C:/laragon/www/usama-fandaqah/vendor/laravel/framework/src/Illuminate/Foundation/Testing/Concerns/MakesHttpRequests.php(573): Illuminate/Foundation/Testing/TestCase->call('GET', '/api/dashboard/...', Array, Array, Array, Array, '[]')
#34 C:/laragon/www/usama-fandaqah/vendor/laravel/framework/src/Illuminate/Foundation/Testing/Concerns/MakesHttpRequests.php(381): Illuminate/Foundation/Testing/TestCase->json('GET', '/api/dashboard/...', Array, Array, 0)
#35 C:/laragon/www/usama-fandaqah/tests/Feature/DashboardTest.php(72): Illuminate/Foundation/Testing/TestCase->getJson('/api/dashboard/...')
#36 C:/laragon/www/usama-fandaqah/vendor/phpunit/phpunit/src/Framework/TestCase.php(1667): Tests/Feature/DashboardTest->test_revenue_dashboard_returns_data()
#37 C:/laragon/www/usama-fandaqah/vendor/phpunit/phpunit/src/Framework/TestCase.php(519): PHPUnit/Framework/TestCase->runTest()
#38 C:/laragon/www/usama-fandaqah/vendor/phpunit/phpunit/src/Framework/TestRunner/TestRunner.php(87): PHPUnit/Framework/TestCase->runBare()
#39 C:/laragon/www/usama-fandaqah/vendor/phpunit/phpunit/src/Framework/TestCase.php(365): PHPUnit/Framework/TestRunner->run(Object(Tests/Feature/DashboardTest))
#40 C:/laragon/www/usama-fandaqah/vendor/phpunit/phpunit/src/Framework/TestSuite.php(369): PHPUnit/Framework/TestCase->run()
#41 C:/laragon/www/usama-fandaqah/vendor/phpunit/phpunit/src/TextUI/TestRunner.php(64): PHPUnit/Framework/TestSuite->run()
#42 C:/laragon/www/usama-fandaqah/vendor/phpunit/phpunit/src/TextUI/Application.php(211): PHPUnit/TextUI/TestRunner->run(Object(PHPUnit/TextUI/Configuration/Configuration), Object(PHPUnit/Runner/ResultCache/DefaultResultCache), Object(PHPUnit/Framework/TestSuite))
#43 C:/laragon/www/usama-fandaqah/vendor/phpunit/phpunit/phpunit(104): PHPUnit/TextUI/Application->run(Array)
#44 C:/laragon/www/usama-fandaqah/vendor/bin/phpunit(122): include('C://laragon//www//...')
#45 {main}
"} 
[2026-04-30 14:10:20] local.ERROR: syntax error, unexpected token "public" {"userId":11,"exception":"[object] (ParseError(code: 0): syntax error, unexpected token \"public\" at C:/laragon/www/usama-fandaqah/app/Http/Controllers/Api/DashboardController.php:43)
[stacktrace]
#0 C:/laragon/www/usama-fandaqah/vendor/composer/ClassLoader.php(427): Composer/Autoload/{closure}('C://laragon//www//...')
#1 [internal function]: Composer/Autoload/ClassLoader->loadClass('App//Http//Contro...')
#2 C:/laragon/www/usama-fandaqah/vendor/laravel/framework/src/Illuminate/Routing/Route.php(1117): is_a('App//Http//Contro...', 'Illuminate//Rout...', true)
#3 C:/laragon/www/usama-fandaqah/vendor/laravel/framework/src/Illuminate/Routing/Route.php(1054): Illuminate/Routing/Route->controllerMiddleware()
#4 C:/laragon/www/usama-fandaqah/vendor/laravel/framework/src/Illuminate/Routing/Router.php(820): Illuminate/Routing/Route->gatherMiddleware()
#5 C:/laragon/www/usama-fandaqah/vendor/laravel/framework/src/Illuminate/Routing/Router.php(802): Illuminate/Routing/Router->gatherRouteMiddleware(Object(Illuminate/Routing/Route))
#6 C:/laragon/www/usama-fandaqah/vendor/laravel/framework/src/Illuminate/Routing/Router.php(786): Illuminate/Routing/Router->runRouteWithinStack(Object(Illuminate/Routing/Route), Object(Illuminate/Http/Request))
#7 C:/laragon/www/usama-fandaqah/vendor/laravel/framework/src/Illuminate/Routing/Router.php(750): Illuminate/Routing/Router->runRoute(Object(Illuminate/Http/Request), Object(Illuminate/Routing/Route))
#8 C:/laragon/www/usama-fandaqah/vendor/laravel/framework/src/Illuminate/Routing/Router.php(739): Illuminate/Routing/Router->dispatchToRoute(Object(Illuminate/Http/Request))
#9 C:/laragon/www/usama-fandaqah/vendor/laravel/framework/src/Illuminate/Foundation/Http/Kernel.php(201): Illuminate/Routing/Router->dispatch(Object(Illuminate/Http/Request))
#10 C:/laragon/www/usama-fandaqah/vendor/laravel/framework/src/Illuminate/Pipeline/Pipeline.php(170): Illuminate/Foundation/Http/Kernel->Illuminate/Foundation/Http/{closure}(Object(Illuminate/Http/Request))
#11 C:/laragon/www/usama-fandaqah/laravelnova/src/Http/Middleware/ServeNova.php(23): Illuminate/Pipeline/Pipeline->Illuminate/Pipeline/{closure}(Object(Illuminate/Http/Request))
#12 C:/laragon/www/usama-fandaqah/vendor/laravel/framework/src/Illuminate/Pipeline/Pipeline.php(209): Laravel/Nova/Http/Middleware/ServeNova->handle(Object(Illuminate/Http/Request), Object(Closure))
#13 C:/laragon/www/usama-fandaqah/vendor/laravel/framework/src/Illuminate/Foundation/Http/Middleware/TransformsRequest.php(21): Illuminate/Pipeline/Pipeline->Illuminate/Pipeline/{closure}(Object(Illuminate/Http/Request))
#14 C:/laragon/www/usama-fandaqah/vendor/laravel/framework/src/Illuminate/Foundation/Http/Middleware/ConvertEmptyStringsToNull.php(31): Illuminate/Foundation/Http/Middleware/TransformsRequest->handle(Object(Illuminate/Http/Request), Object(Closure))
#15 C:/laragon/www/usama-fandaqah/vendor/laravel/framework/src/Illuminate/Pipeline/Pipeline.php(209): Illuminate/Foundation/Http/Middleware/ConvertEmptyStringsToNull->handle(Object(Illuminate/Http/Request), Object(Closure))
#16 C:/laragon/www/usama-fandaqah/vendor/laravel/framework/src/Illuminate/Foundation/Http/Middleware/TransformsRequest.php(21): Illuminate/Pipeline/Pipeline->Illuminate/Pipeline/{closure}(Object(Illuminate/Http/Request))
#17 C:/laragon/www/usama-fandaqah/vendor/laravel/framework/src/Illuminate/Foundation/Http/Middleware/TrimStrings.php(51): Illuminate/Foundation/Http/Middleware/TransformsRequest->handle(Object(Illuminate/Http/Request), Object(Closure))
#18 C:/laragon/www/usama-fandaqah/vendor/laravel/framework/src/Illuminate/Pipeline/Pipeline.php(209): Illuminate/Foundation/Http/Middleware/TrimStrings->handle(Object(Illuminate/Http/Request), Object(Closure))
#19 C:/laragon/www/usama-fandaqah/vendor/laravel/framework/src/Illuminate/Http/Middleware/ValidatePostSize.php(27): Illuminate/Pipeline/Pipeline->Illuminate/Pipeline/{closure}(Object(Illuminate/Http/Request))
#20 C:/laragon/www/usama-fandaqah/vendor/laravel/framework/src/Illuminate/Pipeline/Pipeline.php(209): Illuminate/Http/Middleware/ValidatePostSize->handle(Object(Illuminate/Http/Request), Object(Closure))
#21 C:/laragon/www/usama-fandaqah/vendor/laravel/framework/src/Illuminate/Foundation/Http/Middleware/PreventRequestsDuringMaintenance.php(110): Illuminate/Pipeline/Pipeline->Illuminate/Pipeline/{closure}(Object(Illuminate/Http/Request))
#22 C:/laragon/www/usama-fandaqah/vendor/laravel/framework/src/Illuminate/Pipeline/Pipeline.php(209): Illuminate/Foundation/Http/Middleware/PreventRequestsDuringMaintenance->handle(Object(Illuminate/Http/Request), Object(Closure))
#23 C:/laragon/www/usama-fandaqah/vendor/laravel/framework/src/Illuminate/Http/Middleware/HandleCors.php(62): Illuminate/Pipeline/Pipeline->Illuminate/Pipeline/{closure}(Object(Illuminate/Http/Request))
#24 C:/laragon/www/usama-fandaqah/vendor/laravel/framework/src/Illuminate/Pipeline/Pipeline.php(209): Illuminate/Http/Middleware/HandleCors->handle(Object(Illuminate/Http/Request), Object(Closure))
#25 C:/laragon/www/usama-fandaqah/vendor/laravel/framework/src/Illuminate/Http/Middleware/TrustProxies.php(58): Illuminate/Pipeline/Pipeline->Illuminate/Pipeline/{closure}(Object(Illuminate/Http/Request))
#26 C:/laragon/www/usama-fandaqah/vendor/laravel/framework/src/Illuminate/Pipeline/Pipeline.php(209): Illuminate/Http/Middleware/TrustProxies->handle(Object(Illuminate/Http/Request), Object(Closure))
#27 C:/laragon/www/usama-fandaqah/vendor/laravel/framework/src/Illuminate/Foundation/Http/Middleware/InvokeDeferredCallbacks.php(22): Illuminate/Pipeline/Pipeline->Illuminate/Pipeline/{closure}(Object(Illuminate/Http/Request))
#28 C:/laragon/www/usama-fandaqah/vendor/laravel/framework/src/Illuminate/Pipeline/Pipeline.php(209): Illuminate/Foundation/Http/Middleware/InvokeDeferredCallbacks->handle(Object(Illuminate/Http/Request), Object(Closure))
#29 C:/laragon/www/usama-fandaqah/vendor/laravel/framework/src/Illuminate/Pipeline/Pipeline.php(127): Illuminate/Pipeline/Pipeline->Illuminate/Pipeline/{closure}(Object(Illuminate/Http/Request))
#30 C:/laragon/www/usama-fandaqah/vendor/laravel/framework/src/Illuminate/Foundation/Http/Kernel.php(176): Illuminate/Pipeline/Pipeline->then(Object(Closure))
#31 C:/laragon/www/usama-fandaqah/vendor/laravel/framework/src/Illuminate/Foundation/Http/Kernel.php(145): Illuminate/Foundation/Http/Kernel->sendRequestThroughRouter(Object(Illuminate/Http/Request))
#32 C:/laragon/www/usama-fandaqah/vendor/laravel/framework/src/Illuminate/Foundation/Testing/Concerns/MakesHttpRequests.php(607): Illuminate/Foundation/Http/Kernel->handle(Object(Illuminate/Http/Request))
#33 C:/laragon/www/usama-fandaqah/vendor/laravel/framework/src/Illuminate/Foundation/Testing/Concerns/MakesHttpRequests.php(573): Illuminate/Foundation/Testing/TestCase->call('GET', '/api/dashboard/...', Array, Array, Array, Array, '[]')
#34 C:/laragon/www/usama-fandaqah/vendor/laravel/framework/src/Illuminate/Foundation/Testing/Concerns/MakesHttpRequests.php(381): Illuminate/Foundation/Testing/TestCase->json('GET', '/api/dashboard/...', Array, Array, 0)
#35 C:/laragon/www/usama-fandaqah/tests/Feature/DashboardTest.php(80): Illuminate/Foundation/Testing/TestCase->getJson('/api/dashboard/...')
#36 C:/laragon/www/usama-fandaqah/vendor/phpunit/phpunit/src/Framework/TestCase.php(1667): Tests/Feature/DashboardTest->test_ar_dashboard_returns_data()
#37 C:/laragon/www/usama-fandaqah/vendor/phpunit/phpunit/src/Framework/TestCase.php(519): PHPUnit/Framework/TestCase->runTest()
#38 C:/laragon/www/usama-fandaqah/vendor/phpunit/phpunit/src/Framework/TestRunner/TestRunner.php(87): PHPUnit/Framework/TestCase->runBare()
#39 C:/laragon/www/usama-fandaqah/vendor/phpunit/phpunit/src/Framework/TestCase.php(365): PHPUnit/Framework/TestRunner->run(Object(Tests/Feature/DashboardTest))
#40 C:/laragon/www/usama-fandaqah/vendor/phpunit/phpunit/src/Framework/TestSuite.php(369): PHPUnit/Framework/TestCase->run()
#41 C:/laragon/www/usama-fandaqah/vendor/phpunit/phpunit/src/TextUI/TestRunner.php(64): PHPUnit/Framework/TestSuite->run()
#42 C:/laragon/www/usama-fandaqah/vendor/phpunit/phpunit/src/TextUI/Application.php(211): PHPUnit/TextUI/TestRunner->run(Object(PHPUnit/TextUI/Configuration/Configuration), Object(PHPUnit/Runner/ResultCache/DefaultResultCache), Object(PHPUnit/Framework/TestSuite))
#43 C:/laragon/www/usama-fandaqah/vendor/phpunit/phpunit/phpunit(104): PHPUnit/TextUI/Application->run(Array)
#44 C:/laragon/www/usama-fandaqah/vendor/bin/phpunit(122): include('C://laragon//www//...')
#45 {main}
"} 
[2026-04-30 14:10:20] local.ERROR: syntax error, unexpected token "public" {"userId":12,"exception":"[object] (ParseError(code: 0): syntax error, unexpected token \"public\" at C:/laragon/www/usama-fandaqah/app/Http/Controllers/Api/DashboardController.php:43)
[stacktrace]
#0 C:/laragon/www/usama-fandaqah/vendor/composer/ClassLoader.php(427): Composer/Autoload/{closure}('C://laragon//www//...')
#1 [internal function]: Composer/Autoload/ClassLoader->loadClass('App//Http//Contro...')
#2 C:/laragon/www/usama-fandaqah/vendor/laravel/framework/src/Illuminate/Routing/Route.php(1117): is_a('App//Http//Contro...', 'Illuminate//Rout...', true)
#3 C:/laragon/www/usama-fandaqah/vendor/laravel/framework/src/Illuminate/Routing/Route.php(1054): Illuminate/Routing/Route->controllerMiddleware()
#4 C:/laragon/www/usama-fandaqah/vendor/laravel/framework/src/Illuminate/Routing/Router.php(820): Illuminate/Routing/Route->gatherMiddleware()
#5 C:/laragon/www/usama-fandaqah/vendor/laravel/framework/src/Illuminate/Routing/Router.php(802): Illuminate/Routing/Router->gatherRouteMiddleware(Object(Illuminate/Routing/Route))
#6 C:/laragon/www/usama-fandaqah/vendor/laravel/framework/src/Illuminate/Routing/Router.php(786): Illuminate/Routing/Router->runRouteWithinStack(Object(Illuminate/Routing/Route), Object(Illuminate/Http/Request))
#7 C:/laragon/www/usama-fandaqah/vendor/laravel/framework/src/Illuminate/Routing/Router.php(750): Illuminate/Routing/Router->runRoute(Object(Illuminate/Http/Request), Object(Illuminate/Routing/Route))
#8 C:/laragon/www/usama-fandaqah/vendor/laravel/framework/src/Illuminate/Routing/Router.php(739): Illuminate/Routing/Router->dispatchToRoute(Object(Illuminate/Http/Request))
#9 C:/laragon/www/usama-fandaqah/vendor/laravel/framework/src/Illuminate/Foundation/Http/Kernel.php(201): Illuminate/Routing/Router->dispatch(Object(Illuminate/Http/Request))
#10 C:/laragon/www/usama-fandaqah/vendor/laravel/framework/src/Illuminate/Pipeline/Pipeline.php(170): Illuminate/Foundation/Http/Kernel->Illuminate/Foundation/Http/{closure}(Object(Illuminate/Http/Request))
#11 C:/laragon/www/usama-fandaqah/laravelnova/src/Http/Middleware/ServeNova.php(23): Illuminate/Pipeline/Pipeline->Illuminate/Pipeline/{closure}(Object(Illuminate/Http/Request))
#12 C:/laragon/www/usama-fandaqah/vendor/laravel/framework/src/Illuminate/Pipeline/Pipeline.php(209): Laravel/Nova/Http/Middleware/ServeNova->handle(Object(Illuminate/Http/Request), Object(Closure))
#13 C:/laragon/www/usama-fandaqah/vendor/laravel/framework/src/Illuminate/Foundation/Http/Middleware/TransformsRequest.php(21): Illuminate/Pipeline/Pipeline->Illuminate/Pipeline/{closure}(Object(Illuminate/Http/Request))
#14 C:/laragon/www/usama-fandaqah/vendor/laravel/framework/src/Illuminate/Foundation/Http/Middleware/ConvertEmptyStringsToNull.php(31): Illuminate/Foundation/Http/Middleware/TransformsRequest->handle(Object(Illuminate/Http/Request), Object(Closure))
#15 C:/laragon/www/usama-fandaqah/vendor/laravel/framework/src/Illuminate/Pipeline/Pipeline.php(209): Illuminate/Foundation/Http/Middleware/ConvertEmptyStringsToNull->handle(Object(Illuminate/Http/Request), Object(Closure))
#16 C:/laragon/www/usama-fandaqah/vendor/laravel/framework/src/Illuminate/Foundation/Http/Middleware/TransformsRequest.php(21): Illuminate/Pipeline/Pipeline->Illuminate/Pipeline/{closure}(Object(Illuminate/Http/Request))
#17 C:/laragon/www/usama-fandaqah/vendor/laravel/framework/src/Illuminate/Foundation/Http/Middleware/TrimStrings.php(51): Illuminate/Foundation/Http/Middleware/TransformsRequest->handle(Object(Illuminate/Http/Request), Object(Closure))
#18 C:/laragon/www/usama-fandaqah/vendor/laravel/framework/src/Illuminate/Pipeline/Pipeline.php(209): Illuminate/Foundation/Http/Middleware/TrimStrings->handle(Object(Illuminate/Http/Request), Object(Closure))
#19 C:/laragon/www/usama-fandaqah/vendor/laravel/framework/src/Illuminate/Http/Middleware/ValidatePostSize.php(27): Illuminate/Pipeline/Pipeline->Illuminate/Pipeline/{closure}(Object(Illuminate/Http/Request))
#20 C:/laragon/www/usama-fandaqah/vendor/laravel/framework/src/Illuminate/Pipeline/Pipeline.php(209): Illuminate/Http/Middleware/ValidatePostSize->handle(Object(Illuminate/Http/Request), Object(Closure))
#21 C:/laragon/www/usama-fandaqah/vendor/laravel/framework/src/Illuminate/Foundation/Http/Middleware/PreventRequestsDuringMaintenance.php(110): Illuminate/Pipeline/Pipeline->Illuminate/Pipeline/{closure}(Object(Illuminate/Http/Request))
#22 C:/laragon/www/usama-fandaqah/vendor/laravel/framework/src/Illuminate/Pipeline/Pipeline.php(209): Illuminate/Foundation/Http/Middleware/PreventRequestsDuringMaintenance->handle(Object(Illuminate/Http/Request), Object(Closure))
#23 C:/laragon/www/usama-fandaqah/vendor/laravel/framework/src/Illuminate/Http/Middleware/HandleCors.php(62): Illuminate/Pipeline/Pipeline->Illuminate/Pipeline/{closure}(Object(Illuminate/Http/Request))
#24 C:/laragon/www/usama-fandaqah/vendor/laravel/framework/src/Illuminate/Pipeline/Pipeline.php(209): Illuminate/Http/Middleware/HandleCors->handle(Object(Illuminate/Http/Request), Object(Closure))
#25 C:/laragon/www/usama-fandaqah/vendor/laravel/framework/src/Illuminate/Http/Middleware/TrustProxies.php(58): Illuminate/Pipeline/Pipeline->Illuminate/Pipeline/{closure}(Object(Illuminate/Http/Request))
#26 C:/laragon/www/usama-fandaqah/vendor/laravel/framework/src/Illuminate/Pipeline/Pipeline.php(209): Illuminate/Http/Middleware/TrustProxies->handle(Object(Illuminate/Http/Request), Object(Closure))
#27 C:/laragon/www/usama-fandaqah/vendor/laravel/framework/src/Illuminate/Foundation/Http/Middleware/InvokeDeferredCallbacks.php(22): Illuminate/Pipeline/Pipeline->Illuminate/Pipeline/{closure}(Object(Illuminate/Http/Request))
#28 C:/laragon/www/usama-fandaqah/vendor/laravel/framework/src/Illuminate/Pipeline/Pipeline.php(209): Illuminate/Foundation/Http/Middleware/InvokeDeferredCallbacks->handle(Object(Illuminate/Http/Request), Object(Closure))
#29 C:/laragon/www/usama-fandaqah/vendor/laravel/framework/src/Illuminate/Pipeline/Pipeline.php(127): Illuminate/Pipeline/Pipeline->Illuminate/Pipeline/{closure}(Object(Illuminate/Http/Request))
#30 C:/laragon/www/usama-fandaqah/vendor/laravel/framework/src/Illuminate/Foundation/Http/Kernel.php(176): Illuminate/Pipeline/Pipeline->then(Object(Closure))
#31 C:/laragon/www/usama-fandaqah/vendor/laravel/framework/src/Illuminate/Foundation/Http/Kernel.php(145): Illuminate/Foundation/Http/Kernel->sendRequestThroughRouter(Object(Illuminate/Http/Request))
#32 C:/laragon/www/usama-fandaqah/vendor/laravel/framework/src/Illuminate/Foundation/Testing/Concerns/MakesHttpRequests.php(607): Illuminate/Foundation/Http/Kernel->handle(Object(Illuminate/Http/Request))
#33 C:/laragon/www/usama-fandaqah/vendor/laravel/framework/src/Illuminate/Foundation/Testing/Concerns/MakesHttpRequests.php(573): Illuminate/Foundation/Testing/TestCase->call('GET', '/api/dashboard/...', Array, Array, Array, Array, '[]')
#34 C:/laragon/www/usama-fandaqah/vendor/laravel/framework/src/Illuminate/Foundation/Testing/Concerns/MakesHttpRequests.php(381): Illuminate/Foundation/Testing/TestCase->json('GET', '/api/dashboard/...', Array, Array, 0)
#35 C:/laragon/www/usama-fandaqah/tests/Feature/DashboardTest.php(88): Illuminate/Foundation/Testing/TestCase->getJson('/api/dashboard/...')
#36 C:/laragon/www/usama-fandaqah/vendor/phpunit/phpunit/src/Framework/TestCase.php(1667): Tests/Feature/DashboardTest->test_cashier_dashboard_returns_data()
#37 C:/laragon/www/usama-fandaqah/vendor/phpunit/phpunit/src/Framework/TestCase.php(519): PHPUnit/Framework/TestCase->runTest()
#38 C:/laragon/www/usama-fandaqah/vendor/phpunit/phpunit/src/Framework/TestRunner/TestRunner.php(87): PHPUnit/Framework/TestCase->runBare()
#39 C:/laragon/www/usama-fandaqah/vendor/phpunit/phpunit/src/Framework/TestCase.php(365): PHPUnit/Framework/TestRunner->run(Object(Tests/Feature/DashboardTest))
#40 C:/laragon/www/usama-fandaqah/vendor/phpunit/phpunit/src/Framework/TestSuite.php(369): PHPUnit/Framework/TestCase->run()
#41 C:/laragon/www/usama-fandaqah/vendor/phpunit/phpunit/src/TextUI/TestRunner.php(64): PHPUnit/Framework/TestSuite->run()
#42 C:/laragon/www/usama-fandaqah/vendor/phpunit/phpunit/src/TextUI/Application.php(211): PHPUnit/TextUI/TestRunner->run(Object(PHPUnit/TextUI/Configuration/Configuration), Object(PHPUnit/Runner/ResultCache/DefaultResultCache), Object(PHPUnit/Framework/TestSuite))
#43 C:/laragon/www/usama-fandaqah/vendor/phpunit/phpunit/phpunit(104): PHPUnit/TextUI/Application->run(Array)
#44 C:/laragon/www/usama-fandaqah/vendor/bin/phpunit(122): include('C://laragon//www//...')
#45 {main}
"} 
[2026-04-30 14:10:20] local.ERROR: syntax error, unexpected token "public" {"userId":13,"exception":"[object] (ParseError(code: 0): syntax error, unexpected token \"public\" at C:/laragon/www/usama-fandaqah/app/Http/Controllers/Api/DashboardController.php:43)
[stacktrace]
#0 C:/laragon/www/usama-fandaqah/vendor/composer/ClassLoader.php(427): Composer/Autoload/{closure}('C://laragon//www//...')
#1 [internal function]: Composer/Autoload/ClassLoader->loadClass('App//Http//Contro...')
#2 C:/laragon/www/usama-fandaqah/vendor/laravel/framework/src/Illuminate/Routing/Route.php(1117): is_a('App//Http//Contro...', 'Illuminate//Rout...', true)
#3 C:/laragon/www/usama-fandaqah/vendor/laravel/framework/src/Illuminate/Routing/Route.php(1054): Illuminate/Routing/Route->controllerMiddleware()
#4 C:/laragon/www/usama-fandaqah/vendor/laravel/framework/src/Illuminate/Routing/Router.php(820): Illuminate/Routing/Route->gatherMiddleware()
#5 C:/laragon/www/usama-fandaqah/vendor/laravel/framework/src/Illuminate/Routing/Router.php(802): Illuminate/Routing/Router->gatherRouteMiddleware(Object(Illuminate/Routing/Route))
#6 C:/laragon/www/usama-fandaqah/vendor/laravel/framework/src/Illuminate/Routing/Router.php(786): Illuminate/Routing/Router->runRouteWithinStack(Object(Illuminate/Routing/Route), Object(Illuminate/Http/Request))
#7 C:/laragon/www/usama-fandaqah/vendor/laravel/framework/src/Illuminate/Routing/Router.php(750): Illuminate/Routing/Router->runRoute(Object(Illuminate/Http/Request), Object(Illuminate/Routing/Route))
#8 C:/laragon/www/usama-fandaqah/vendor/laravel/framework/src/Illuminate/Routing/Router.php(739): Illuminate/Routing/Router->dispatchToRoute(Object(Illuminate/Http/Request))
#9 C:/laragon/www/usama-fandaqah/vendor/laravel/framework/src/Illuminate/Foundation/Http/Kernel.php(201): Illuminate/Routing/Router->dispatch(Object(Illuminate/Http/Request))
#10 C:/laragon/www/usama-fandaqah/vendor/laravel/framework/src/Illuminate/Pipeline/Pipeline.php(170): Illuminate/Foundation/Http/Kernel->Illuminate/Foundation/Http/{closure}(Object(Illuminate/Http/Request))
#11 C:/laragon/www/usama-fandaqah/laravelnova/src/Http/Middleware/ServeNova.php(23): Illuminate/Pipeline/Pipeline->Illuminate/Pipeline/{closure}(Object(Illuminate/Http/Request))
#12 C:/laragon/www/usama-fandaqah/vendor/laravel/framework/src/Illuminate/Pipeline/Pipeline.php(209): Laravel/Nova/Http/Middleware/ServeNova->handle(Object(Illuminate/Http/Request), Object(Closure))
#13 C:/laragon/www/usama-fandaqah/vendor/laravel/framework/src/Illuminate/Foundation/Http/Middleware/TransformsRequest.php(21): Illuminate/Pipeline/Pipeline->Illuminate/Pipeline/{closure}(Object(Illuminate/Http/Request))
#14 C:/laragon/www/usama-fandaqah/vendor/laravel/framework/src/Illuminate/Foundation/Http/Middleware/ConvertEmptyStringsToNull.php(31): Illuminate/Foundation/Http/Middleware/TransformsRequest->handle(Object(Illuminate/Http/Request), Object(Closure))
#15 C:/laragon/www/usama-fandaqah/vendor/laravel/framework/src/Illuminate/Pipeline/Pipeline.php(209): Illuminate/Foundation/Http/Middleware/ConvertEmptyStringsToNull->handle(Object(Illuminate/Http/Request), Object(Closure))
#16 C:/laragon/www/usama-fandaqah/vendor/laravel/framework/src/Illuminate/Foundation/Http/Middleware/TransformsRequest.php(21): Illuminate/Pipeline/Pipeline->Illuminate/Pipeline/{closure}(Object(Illuminate/Http/Request))
#17 C:/laragon/www/usama-fandaqah/vendor/laravel/framework/src/Illuminate/Foundation/Http/Middleware/TrimStrings.php(51): Illuminate/Foundation/Http/Middleware/TransformsRequest->handle(Object(Illuminate/Http/Request), Object(Closure))
#18 C:/laragon/www/usama-fandaqah/vendor/laravel/framework/src/Illuminate/Pipeline/Pipeline.php(209): Illuminate/Foundation/Http/Middleware/TrimStrings->handle(Object(Illuminate/Http/Request), Object(Closure))
#19 C:/laragon/www/usama-fandaqah/vendor/laravel/framework/src/Illuminate/Http/Middleware/ValidatePostSize.php(27): Illuminate/Pipeline/Pipeline->Illuminate/Pipeline/{closure}(Object(Illuminate/Http/Request))
#20 C:/laragon/www/usama-fandaqah/vendor/laravel/framework/src/Illuminate/Pipeline/Pipeline.php(209): Illuminate/Http/Middleware/ValidatePostSize->handle(Object(Illuminate/Http/Request), Object(Closure))
#21 C:/laragon/www/usama-fandaqah/vendor/laravel/framework/src/Illuminate/Foundation/Http/Middleware/PreventRequestsDuringMaintenance.php(110): Illuminate/Pipeline/Pipeline->Illuminate/Pipeline/{closure}(Object(Illuminate/Http/Request))
#22 C:/laragon/www/usama-fandaqah/vendor/laravel/framework/src/Illuminate/Pipeline/Pipeline.php(209): Illuminate/Foundation/Http/Middleware/PreventRequestsDuringMaintenance->handle(Object(Illuminate/Http/Request), Object(Closure))
#23 C:/laragon/www/usama-fandaqah/vendor/laravel/framework/src/Illuminate/Http/Middleware/HandleCors.php(62): Illuminate/Pipeline/Pipeline->Illuminate/Pipeline/{closure}(Object(Illuminate/Http/Request))
#24 C:/laragon/www/usama-fandaqah/vendor/laravel/framework/src/Illuminate/Pipeline/Pipeline.php(209): Illuminate/Http/Middleware/HandleCors->handle(Object(Illuminate/Http/Request), Object(Closure))
#25 C:/laragon/www/usama-fandaqah/vendor/laravel/framework/src/Illuminate/Http/Middleware/TrustProxies.php(58): Illuminate/Pipeline/Pipeline->Illuminate/Pipeline/{closure}(Object(Illuminate/Http/Request))
#26 C:/laragon/www/usama-fandaqah/vendor/laravel/framework/src/Illuminate/Pipeline/Pipeline.php(209): Illuminate/Http/Middleware/TrustProxies->handle(Object(Illuminate/Http/Request), Object(Closure))
#27 C:/laragon/www/usama-fandaqah/vendor/laravel/framework/src/Illuminate/Foundation/Http/Middleware/InvokeDeferredCallbacks.php(22): Illuminate/Pipeline/Pipeline->Illuminate/Pipeline/{closure}(Object(Illuminate/Http/Request))
#28 C:/laragon/www/usama-fandaqah/vendor/laravel/framework/src/Illuminate/Pipeline/Pipeline.php(209): Illuminate/Foundation/Http/Middleware/InvokeDeferredCallbacks->handle(Object(Illuminate/Http/Request), Object(Closure))
#29 C:/laragon/www/usama-fandaqah/vendor/laravel/framework/src/Illuminate/Pipeline/Pipeline.php(127): Illuminate/Pipeline/Pipeline->Illuminate/Pipeline/{closure}(Object(Illuminate/Http/Request))
#30 C:/laragon/www/usama-fandaqah/vendor/laravel/framework/src/Illuminate/Foundation/Http/Kernel.php(176): Illuminate/Pipeline/Pipeline->then(Object(Closure))
#31 C:/laragon/www/usama-fandaqah/vendor/laravel/framework/src/Illuminate/Foundation/Http/Kernel.php(145): Illuminate/Foundation/Http/Kernel->sendRequestThroughRouter(Object(Illuminate/Http/Request))
#32 C:/laragon/www/usama-fandaqah/vendor/laravel/framework/src/Illuminate/Foundation/Testing/Concerns/MakesHttpRequests.php(607): Illuminate/Foundation/Http/Kernel->handle(Object(Illuminate/Http/Request))
#33 C:/laragon/www/usama-fandaqah/vendor/laravel/framework/src/Illuminate/Foundation/Testing/Concerns/MakesHttpRequests.php(573): Illuminate/Foundation/Testing/TestCase->call('GET', '/api/dashboard/...', Array, Array, Array, Array, '[]')
#34 C:/laragon/www/usama-fandaqah/vendor/laravel/framework/src/Illuminate/Foundation/Testing/Concerns/MakesHttpRequests.php(381): Illuminate/Foundation/Testing/TestCase->json('GET', '/api/dashboard/...', Array, Array, 0)
#35 C:/laragon/www/usama-fandaqah/tests/Feature/DashboardTest.php(96): Illuminate/Foundation/Testing/TestCase->getJson('/api/dashboard/...')
#36 C:/laragon/www/usama-fandaqah/vendor/phpunit/phpunit/src/Framework/TestCase.php(1667): Tests/Feature/DashboardTest->test_commissions_dashboard_returns_data()
#37 C:/laragon/www/usama-fandaqah/vendor/phpunit/phpunit/src/Framework/TestCase.php(519): PHPUnit/Framework/TestCase->runTest()
#38 C:/laragon/www/usama-fandaqah/vendor/phpunit/phpunit/src/Framework/TestRunner/TestRunner.php(87): PHPUnit/Framework/TestCase->runBare()
#39 C:/laragon/www/usama-fandaqah/vendor/phpunit/phpunit/src/Framework/TestCase.php(365): PHPUnit/Framework/TestRunner->run(Object(Tests/Feature/DashboardTest))
#40 C:/laragon/www/usama-fandaqah/vendor/phpunit/phpunit/src/Framework/TestSuite.php(369): PHPUnit/Framework/TestCase->run()
#41 C:/laragon/www/usama-fandaqah/vendor/phpunit/phpunit/src/TextUI/TestRunner.php(64): PHPUnit/Framework/TestSuite->run()
#42 C:/laragon/www/usama-fandaqah/vendor/phpunit/phpunit/src/TextUI/Application.php(211): PHPUnit/TextUI/TestRunner->run(Object(PHPUnit/TextUI/Configuration/Configuration), Object(PHPUnit/Runner/ResultCache/DefaultResultCache), Object(PHPUnit/Framework/TestSuite))
#43 C:/laragon/www/usama-fandaqah/vendor/phpunit/phpunit/phpunit(104): PHPUnit/TextUI/Application->run(Array)
#44 C:/laragon/www/usama-fandaqah/vendor/bin/phpunit(122): include('C://laragon//www//...')
#45 {main}
"} 
[2026-04-30 14:10:21] local.ERROR: syntax error, unexpected token "public" {"userId":14,"exception":"[object] (ParseError(code: 0): syntax error, unexpected token \"public\" at C:/laragon/www/usama-fandaqah/app/Http/Controllers/Api/DashboardController.php:43)
[stacktrace]
#0 C:/laragon/www/usama-fandaqah/vendor/composer/ClassLoader.php(427): Composer/Autoload/{closure}('C://laragon//www//...')
#1 [internal function]: Composer/Autoload/ClassLoader->loadClass('App//Http//Contro...')
#2 C:/laragon/www/usama-fandaqah/vendor/laravel/framework/src/Illuminate/Routing/Route.php(1117): is_a('App//Http//Contro...', 'Illuminate//Rout...', true)
#3 C:/laragon/www/usama-fandaqah/vendor/laravel/framework/src/Illuminate/Routing/Route.php(1054): Illuminate/Routing/Route->controllerMiddleware()
#4 C:/laragon/www/usama-fandaqah/vendor/laravel/framework/src/Illuminate/Routing/Router.php(820): Illuminate/Routing/Route->gatherMiddleware()
#5 C:/laragon/www/usama-fandaqah/vendor/laravel/framework/src/Illuminate/Routing/Router.php(802): Illuminate/Routing/Router->gatherRouteMiddleware(Object(Illuminate/Routing/Route))
#6 C:/laragon/www/usama-fandaqah/vendor/laravel/framework/src/Illuminate/Routing/Router.php(786): Illuminate/Routing/Router->runRouteWithinStack(Object(Illuminate/Routing/Route), Object(Illuminate/Http/Request))
#7 C:/laragon/www/usama-fandaqah/vendor/laravel/framework/src/Illuminate/Routing/Router.php(750): Illuminate/Routing/Router->runRoute(Object(Illuminate/Http/Request), Object(Illuminate/Routing/Route))
#8 C:/laragon/www/usama-fandaqah/vendor/laravel/framework/src/Illuminate/Routing/Router.php(739): Illuminate/Routing/Router->dispatchToRoute(Object(Illuminate/Http/Request))
#9 C:/laragon/www/usama-fandaqah/vendor/laravel/framework/src/Illuminate/Foundation/Http/Kernel.php(201): Illuminate/Routing/Router->dispatch(Object(Illuminate/Http/Request))
#10 C:/laragon/www/usama-fandaqah/vendor/laravel/framework/src/Illuminate/Pipeline/Pipeline.php(170): Illuminate/Foundation/Http/Kernel->Illuminate/Foundation/Http/{closure}(Object(Illuminate/Http/Request))
#11 C:/laragon/www/usama-fandaqah/laravelnova/src/Http/Middleware/ServeNova.php(23): Illuminate/Pipeline/Pipeline->Illuminate/Pipeline/{closure}(Object(Illuminate/Http/Request))
#12 C:/laragon/www/usama-fandaqah/vendor/laravel/framework/src/Illuminate/Pipeline/Pipeline.php(209): Laravel/Nova/Http/Middleware/ServeNova->handle(Object(Illuminate/Http/Request), Object(Closure))
#13 C:/laragon/www/usama-fandaqah/vendor/laravel/framework/src/Illuminate/Foundation/Http/Middleware/TransformsRequest.php(21): Illuminate/Pipeline/Pipeline->Illuminate/Pipeline/{closure}(Object(Illuminate/Http/Request))
#14 C:/laragon/www/usama-fandaqah/vendor/laravel/framework/src/Illuminate/Foundation/Http/Middleware/ConvertEmptyStringsToNull.php(31): Illuminate/Foundation/Http/Middleware/TransformsRequest->handle(Object(Illuminate/Http/Request), Object(Closure))
#15 C:/laragon/www/usama-fandaqah/vendor/laravel/framework/src/Illuminate/Pipeline/Pipeline.php(209): Illuminate/Foundation/Http/Middleware/ConvertEmptyStringsToNull->handle(Object(Illuminate/Http/Request), Object(Closure))
#16 C:/laragon/www/usama-fandaqah/vendor/laravel/framework/src/Illuminate/Foundation/Http/Middleware/TransformsRequest.php(21): Illuminate/Pipeline/Pipeline->Illuminate/Pipeline/{closure}(Object(Illuminate/Http/Request))
#17 C:/laragon/www/usama-fandaqah/vendor/laravel/framework/src/Illuminate/Foundation/Http/Middleware/TrimStrings.php(51): Illuminate/Foundation/Http/Middleware/TransformsRequest->handle(Object(Illuminate/Http/Request), Object(Closure))
#18 C:/laragon/www/usama-fandaqah/vendor/laravel/framework/src/Illuminate/Pipeline/Pipeline.php(209): Illuminate/Foundation/Http/Middleware/TrimStrings->handle(Object(Illuminate/Http/Request), Object(Closure))
#19 C:/laragon/www/usama-fandaqah/vendor/laravel/framework/src/Illuminate/Http/Middleware/ValidatePostSize.php(27): Illuminate/Pipeline/Pipeline->Illuminate/Pipeline/{closure}(Object(Illuminate/Http/Request))
#20 C:/laragon/www/usama-fandaqah/vendor/laravel/framework/src/Illuminate/Pipeline/Pipeline.php(209): Illuminate/Http/Middleware/ValidatePostSize->handle(Object(Illuminate/Http/Request), Object(Closure))
#21 C:/laragon/www/usama-fandaqah/vendor/laravel/framework/src/Illuminate/Foundation/Http/Middleware/PreventRequestsDuringMaintenance.php(110): Illuminate/Pipeline/Pipeline->Illuminate/Pipeline/{closure}(Object(Illuminate/Http/Request))
#22 C:/laragon/www/usama-fandaqah/vendor/laravel/framework/src/Illuminate/Pipeline/Pipeline.php(209): Illuminate/Foundation/Http/Middleware/PreventRequestsDuringMaintenance->handle(Object(Illuminate/Http/Request), Object(Closure))
#23 C:/laragon/www/usama-fandaqah/vendor/laravel/framework/src/Illuminate/Http/Middleware/HandleCors.php(62): Illuminate/Pipeline/Pipeline->Illuminate/Pipeline/{closure}(Object(Illuminate/Http/Request))
#24 C:/laragon/www/usama-fandaqah/vendor/laravel/framework/src/Illuminate/Pipeline/Pipeline.php(209): Illuminate/Http/Middleware/HandleCors->handle(Object(Illuminate/Http/Request), Object(Closure))
#25 C:/laragon/www/usama-fandaqah/vendor/laravel/framework/src/Illuminate/Http/Middleware/TrustProxies.php(58): Illuminate/Pipeline/Pipeline->Illuminate/Pipeline/{closure}(Object(Illuminate/Http/Request))
#26 C:/laragon/www/usama-fandaqah/vendor/laravel/framework/src/Illuminate/Pipeline/Pipeline.php(209): Illuminate/Http/Middleware/TrustProxies->handle(Object(Illuminate/Http/Request), Object(Closure))
#27 C:/laragon/www/usama-fandaqah/vendor/laravel/framework/src/Illuminate/Foundation/Http/Middleware/InvokeDeferredCallbacks.php(22): Illuminate/Pipeline/Pipeline->Illuminate/Pipeline/{closure}(Object(Illuminate/Http/Request))
#28 C:/laragon/www/usama-fandaqah/vendor/laravel/framework/src/Illuminate/Pipeline/Pipeline.php(209): Illuminate/Foundation/Http/Middleware/InvokeDeferredCallbacks->handle(Object(Illuminate/Http/Request), Object(Closure))
#29 C:/laragon/www/usama-fandaqah/vendor/laravel/framework/src/Illuminate/Pipeline/Pipeline.php(127): Illuminate/Pipeline/Pipeline->Illuminate/Pipeline/{closure}(Object(Illuminate/Http/Request))
#30 C:/laragon/www/usama-fandaqah/vendor/laravel/framework/src/Illuminate/Foundation/Http/Kernel.php(176): Illuminate/Pipeline/Pipeline->then(Object(Closure))
#31 C:/laragon/www/usama-fandaqah/vendor/laravel/framework/src/Illuminate/Foundation/Http/Kernel.php(145): Illuminate/Foundation/Http/Kernel->sendRequestThroughRouter(Object(Illuminate/Http/Request))
#32 C:/laragon/www/usama-fandaqah/vendor/laravel/framework/src/Illuminate/Foundation/Testing/Concerns/MakesHttpRequests.php(607): Illuminate/Foundation/Http/Kernel->handle(Object(Illuminate/Http/Request))
#33 C:/laragon/www/usama-fandaqah/vendor/laravel/framework/src/Illuminate/Foundation/Testing/Concerns/MakesHttpRequests.php(573): Illuminate/Foundation/Testing/TestCase->call('GET', '/api/dashboard/...', Array, Array, Array, Array, '[]')
#34 C:/laragon/www/usama-fandaqah/vendor/laravel/framework/src/Illuminate/Foundation/Testing/Concerns/MakesHttpRequests.php(381): Illuminate/Foundation/Testing/TestCase->json('GET', '/api/dashboard/...', Array, Array, 0)
#35 C:/laragon/www/usama-fandaqah/tests/Feature/DashboardTest.php(104): Illuminate/Foundation/Testing/TestCase->getJson('/api/dashboard/...')
#36 C:/laragon/www/usama-fandaqah/vendor/phpunit/phpunit/src/Framework/TestCase.php(1667): Tests/Feature/DashboardTest->test_metabase_dashboard_returns_data()
#37 C:/laragon/www/usama-fandaqah/vendor/phpunit/phpunit/src/Framework/TestCase.php(519): PHPUnit/Framework/TestCase->runTest()
#38 C:/laragon/www/usama-fandaqah/vendor/phpunit/phpunit/src/Framework/TestRunner/TestRunner.php(87): PHPUnit/Framework/TestCase->runBare()
#39 C:/laragon/www/usama-fandaqah/vendor/phpunit/phpunit/src/Framework/TestCase.php(365): PHPUnit/Framework/TestRunner->run(Object(Tests/Feature/DashboardTest))
#40 C:/laragon/www/usama-fandaqah/vendor/phpunit/phpunit/src/Framework/TestSuite.php(369): PHPUnit/Framework/TestCase->run()
#41 C:/laragon/www/usama-fandaqah/vendor/phpunit/phpunit/src/TextUI/TestRunner.php(64): PHPUnit/Framework/TestSuite->run()
#42 C:/laragon/www/usama-fandaqah/vendor/phpunit/phpunit/src/TextUI/Application.php(211): PHPUnit/TextUI/TestRunner->run(Object(PHPUnit/TextUI/Configuration/Configuration), Object(PHPUnit/Runner/ResultCache/DefaultResultCache), Object(PHPUnit/Framework/TestSuite))
#43 C:/laragon/www/usama-fandaqah/vendor/phpunit/phpunit/phpunit(104): PHPUnit/TextUI/Application->run(Array)
#44 C:/laragon/www/usama-fandaqah/vendor/bin/phpunit(122): include('C://laragon//www//...')
#45 {main}
"} 
[2026-04-30 14:11:31] local.ERROR: Call to undefined method App\Http\Controllers\Api\DashboardController::authorize() {"userId":17,"exception":"[object] (Error(code: 0): Call to undefined method App\\Http\\Controllers\\Api\\DashboardController::authorize() at C:/laragon/www/usama-fandaqah/app/Http/Controllers/Api/DashboardController.php:27)
[stacktrace]
#0 C:/laragon/www/usama-fandaqah/vendor/laravel/framework/src/Illuminate/Routing/ControllerDispatcher.php(47): App/Http/Controllers/Api/DashboardController->nightAudit(Object(Illuminate/Http/Request))
#1 C:/laragon/www/usama-fandaqah/vendor/laravel/framework/src/Illuminate/Routing/Route.php(266): Illuminate/Routing/ControllerDispatcher->dispatch(Object(Illuminate/Routing/Route), Object(App/Http/Controllers/Api/DashboardController), 'nightAudit')
#2 C:/laragon/www/usama-fandaqah/vendor/laravel/framework/src/Illuminate/Routing/Route.php(212): Illuminate/Routing/Route->runController()
#3 C:/laragon/www/usama-fandaqah/vendor/laravel/framework/src/Illuminate/Routing/Router.php(808): Illuminate/Routing/Route->run()
#4 C:/laragon/www/usama-fandaqah/vendor/laravel/framework/src/Illuminate/Pipeline/Pipeline.php(170): Illuminate/Routing/Router->Illuminate/Routing/{closure}(Object(Illuminate/Http/Request))
#5 C:/laragon/www/usama-fandaqah/vendor/laravel/framework/src/Illuminate/Routing/Middleware/SubstituteBindings.php(51): Illuminate/Pipeline/Pipeline->Illuminate/Pipeline/{closure}(Object(Illuminate/Http/Request))
#6 C:/laragon/www/usama-fandaqah/vendor/laravel/framework/src/Illuminate/Pipeline/Pipeline.php(209): Illuminate/Routing/Middleware/SubstituteBindings->handle(Object(Illuminate/Http/Request), Object(Closure))
#7 C:/laragon/www/usama-fandaqah/vendor/laravel/framework/src/Illuminate/Auth/Middleware/Authenticate.php(64): Illuminate/Pipeline/Pipeline->Illuminate/Pipeline/{closure}(Object(Illuminate/Http/Request))
#8 C:/laragon/www/usama-fandaqah/vendor/laravel/framework/src/Illuminate/Pipeline/Pipeline.php(209): Illuminate/Auth/Middleware/Authenticate->handle(Object(Illuminate/Http/Request), Object(Closure), 'sanctum')
#9 C:/laragon/www/usama-fandaqah/vendor/laravel/framework/src/Illuminate/Pipeline/Pipeline.php(127): Illuminate/Pipeline/Pipeline->Illuminate/Pipeline/{closure}(Object(Illuminate/Http/Request))
#10 C:/laragon/www/usama-fandaqah/vendor/laravel/framework/src/Illuminate/Routing/Router.php(807): Illuminate/Pipeline/Pipeline->then(Object(Closure))
#11 C:/laragon/www/usama-fandaqah/vendor/laravel/framework/src/Illuminate/Routing/Router.php(786): Illuminate/Routing/Router->runRouteWithinStack(Object(Illuminate/Routing/Route), Object(Illuminate/Http/Request))
#12 C:/laragon/www/usama-fandaqah/vendor/laravel/framework/src/Illuminate/Routing/Router.php(750): Illuminate/Routing/Router->runRoute(Object(Illuminate/Http/Request), Object(Illuminate/Routing/Route))
#13 C:/laragon/www/usama-fandaqah/vendor/laravel/framework/src/Illuminate/Routing/Router.php(739): Illuminate/Routing/Router->dispatchToRoute(Object(Illuminate/Http/Request))
#14 C:/laragon/www/usama-fandaqah/vendor/laravel/framework/src/Illuminate/Foundation/Http/Kernel.php(201): Illuminate/Routing/Router->dispatch(Object(Illuminate/Http/Request))
#15 C:/laragon/www/usama-fandaqah/vendor/laravel/framework/src/Illuminate/Pipeline/Pipeline.php(170): Illuminate/Foundation/Http/Kernel->Illuminate/Foundation/Http/{closure}(Object(Illuminate/Http/Request))
#16 C:/laragon/www/usama-fandaqah/laravelnova/src/Http/Middleware/ServeNova.php(23): Illuminate/Pipeline/Pipeline->Illuminate/Pipeline/{closure}(Object(Illuminate/Http/Request))
#17 C:/laragon/www/usama-fandaqah/vendor/laravel/framework/src/Illuminate/Pipeline/Pipeline.php(209): Laravel/Nova/Http/Middleware/ServeNova->handle(Object(Illuminate/Http/Request), Object(Closure))
#18 C:/laragon/www/usama-fandaqah/vendor/laravel/framework/src/Illuminate/Foundation/Http/Middleware/TransformsRequest.php(21): Illuminate/Pipeline/Pipeline->Illuminate/Pipeline/{closure}(Object(Illuminate/Http/Request))
#19 C:/laragon/www/usama-fandaqah/vendor/laravel/framework/src/Illuminate/Foundation/Http/Middleware/ConvertEmptyStringsToNull.php(31): Illuminate/Foundation/Http/Middleware/TransformsRequest->handle(Object(Illuminate/Http/Request), Object(Closure))
#20 C:/laragon/www/usama-fandaqah/vendor/laravel/framework/src/Illuminate/Pipeline/Pipeline.php(209): Illuminate/Foundation/Http/Middleware/ConvertEmptyStringsToNull->handle(Object(Illuminate/Http/Request), Object(Closure))
#21 C:/laragon/www/usama-fandaqah/vendor/laravel/framework/src/Illuminate/Foundation/Http/Middleware/TransformsRequest.php(21): Illuminate/Pipeline/Pipeline->Illuminate/Pipeline/{closure}(Object(Illuminate/Http/Request))
#22 C:/laragon/www/usama-fandaqah/vendor/laravel/framework/src/Illuminate/Foundation/Http/Middleware/TrimStrings.php(51): Illuminate/Foundation/Http/Middleware/TransformsRequest->handle(Object(Illuminate/Http/Request), Object(Closure))
#23 C:/laragon/www/usama-fandaqah/vendor/laravel/framework/src/Illuminate/Pipeline/Pipeline.php(209): Illuminate/Foundation/Http/Middleware/TrimStrings->handle(Object(Illuminate/Http/Request), Object(Closure))
#24 C:/laragon/www/usama-fandaqah/vendor/laravel/framework/src/Illuminate/Http/Middleware/ValidatePostSize.php(27): Illuminate/Pipeline/Pipeline->Illuminate/Pipeline/{closure}(Object(Illuminate/Http/Request))
#25 C:/laragon/www/usama-fandaqah/vendor/laravel/framework/src/Illuminate/Pipeline/Pipeline.php(209): Illuminate/Http/Middleware/ValidatePostSize->handle(Object(Illuminate/Http/Request), Object(Closure))
#26 C:/laragon/www/usama-fandaqah/vendor/laravel/framework/src/Illuminate/Foundation/Http/Middleware/PreventRequestsDuringMaintenance.php(110): Illuminate/Pipeline/Pipeline->Illuminate/Pipeline/{closure}(Object(Illuminate/Http/Request))
#27 C:/laragon/www/usama-fandaqah/vendor/laravel/framework/src/Illuminate/Pipeline/Pipeline.php(209): Illuminate/Foundation/Http/Middleware/PreventRequestsDuringMaintenance->handle(Object(Illuminate/Http/Request), Object(Closure))
#28 C:/laragon/www/usama-fandaqah/vendor/laravel/framework/src/Illuminate/Http/Middleware/HandleCors.php(62): Illuminate/Pipeline/Pipeline->Illuminate/Pipeline/{closure}(Object(Illuminate/Http/Request))
#29 C:/laragon/www/usama-fandaqah/vendor/laravel/framework/src/Illuminate/Pipeline/Pipeline.php(209): Illuminate/Http/Middleware/HandleCors->handle(Object(Illuminate/Http/Request), Object(Closure))
#30 C:/laragon/www/usama-fandaqah/vendor/laravel/framework/src/Illuminate/Http/Middleware/TrustProxies.php(58): Illuminate/Pipeline/Pipeline->Illuminate/Pipeline/{closure}(Object(Illuminate/Http/Request))
#31 C:/laragon/www/usama-fandaqah/vendor/laravel/framework/src/Illuminate/Pipeline/Pipeline.php(209): Illuminate/Http/Middleware/TrustProxies->handle(Object(Illuminate/Http/Request), Object(Closure))
#32 C:/laragon/www/usama-fandaqah/vendor/laravel/framework/src/Illuminate/Foundation/Http/Middleware/InvokeDeferredCallbacks.php(22): Illuminate/Pipeline/Pipeline->Illuminate/Pipeline/{closure}(Object(Illuminate/Http/Request))
#33 C:/laragon/www/usama-fandaqah/vendor/laravel/framework/src/Illuminate/Pipeline/Pipeline.php(209): Illuminate/Foundation/Http/Middleware/InvokeDeferredCallbacks->handle(Object(Illuminate/Http/Request), Object(Closure))
#34 C:/laragon/www/usama-fandaqah/vendor/laravel/framework/src/Illuminate/Pipeline/Pipeline.php(127): Illuminate/Pipeline/Pipeline->Illuminate/Pipeline/{closure}(Object(Illuminate/Http/Request))
#35 C:/laragon/www/usama-fandaqah/vendor/laravel/framework/src/Illuminate/Foundation/Http/Kernel.php(176): Illuminate/Pipeline/Pipeline->then(Object(Closure))
#36 C:/laragon/www/usama-fandaqah/vendor/laravel/framework/src/Illuminate/Foundation/Http/Kernel.php(145): Illuminate/Foundation/Http/Kernel->sendRequestThroughRouter(Object(Illuminate/Http/Request))
#37 C:/laragon/www/usama-fandaqah/vendor/laravel/framework/src/Illuminate/Foundation/Testing/Concerns/MakesHttpRequests.php(607): Illuminate/Foundation/Http/Kernel->handle(Object(Illuminate/Http/Request))
#38 C:/laragon/www/usama-fandaqah/vendor/laravel/framework/src/Illuminate/Foundation/Testing/Concerns/MakesHttpRequests.php(573): Illuminate/Foundation/Testing/TestCase->call('GET', '/api/dashboard/...', Array, Array, Array, Array, '[]')
#39 C:/laragon/www/usama-fandaqah/vendor/laravel/framework/src/Illuminate/Foundation/Testing/Concerns/MakesHttpRequests.php(381): Illuminate/Foundation/Testing/TestCase->json('GET', '/api/dashboard/...', Array, Array, 0)
#40 C:/laragon/www/usama-fandaqah/tests/Feature/DashboardTest.php(57): Illuminate/Foundation/Testing/TestCase->getJson('/api/dashboard/...')
#41 C:/laragon/www/usama-fandaqah/vendor/phpunit/phpunit/src/Framework/TestCase.php(1667): Tests/Feature/DashboardTest->test_night_audit_dashboard_returns_data()
#42 C:/laragon/www/usama-fandaqah/vendor/phpunit/phpunit/src/Framework/TestCase.php(519): PHPUnit/Framework/TestCase->runTest()
#43 C:/laragon/www/usama-fandaqah/vendor/phpunit/phpunit/src/Framework/TestRunner/TestRunner.php(87): PHPUnit/Framework/TestCase->runBare()
#44 C:/laragon/www/usama-fandaqah/vendor/phpunit/phpunit/src/Framework/TestCase.php(365): PHPUnit/Framework/TestRunner->run(Object(Tests/Feature/DashboardTest))
#45 C:/laragon/www/usama-fandaqah/vendor/phpunit/phpunit/src/Framework/TestSuite.php(369): PHPUnit/Framework/TestCase->run()
#46 C:/laragon/www/usama-fandaqah/vendor/phpunit/phpunit/src/TextUI/TestRunner.php(64): PHPUnit/Framework/TestSuite->run()
#47 C:/laragon/www/usama-fandaqah/vendor/phpunit/phpunit/src/TextUI/Application.php(211): PHPUnit/TextUI/TestRunner->run(Object(PHPUnit/TextUI/Configuration/Configuration), Object(PHPUnit/Runner/ResultCache/DefaultResultCache), Object(PHPUnit/Framework/TestSuite))
#48 C:/laragon/www/usama-fandaqah/vendor/phpunit/phpunit/phpunit(104): PHPUnit/TextUI/Application->run(Array)
#49 C:/laragon/www/usama-fandaqah/vendor/bin/phpunit(122): include('C://laragon//www//...')
#50 {main}
"} 
[2026-04-30 14:11:31] local.ERROR: Call to undefined method App\Http\Controllers\Api\DashboardController::authorize() {"userId":18,"exception":"[object] (Error(code: 0): Call to undefined method App\\Http\\Controllers\\Api\\DashboardController::authorize() at C:/laragon/www/usama-fandaqah/app/Http/Controllers/Api/DashboardController.php:47)
[stacktrace]
#0 C:/laragon/www/usama-fandaqah/vendor/laravel/framework/src/Illuminate/Routing/ControllerDispatcher.php(47): App/Http/Controllers/Api/DashboardController->occupancy(Object(Illuminate/Http/Request))
#1 C:/laragon/www/usama-fandaqah/vendor/laravel/framework/src/Illuminate/Routing/Route.php(266): Illuminate/Routing/ControllerDispatcher->dispatch(Object(Illuminate/Routing/Route), Object(App/Http/Controllers/Api/DashboardController), 'occupancy')
#2 C:/laragon/www/usama-fandaqah/vendor/laravel/framework/src/Illuminate/Routing/Route.php(212): Illuminate/Routing/Route->runController()
#3 C:/laragon/www/usama-fandaqah/vendor/laravel/framework/src/Illuminate/Routing/Router.php(808): Illuminate/Routing/Route->run()
#4 C:/laragon/www/usama-fandaqah/vendor/laravel/framework/src/Illuminate/Pipeline/Pipeline.php(170): Illuminate/Routing/Router->Illuminate/Routing/{closure}(Object(Illuminate/Http/Request))
#5 C:/laragon/www/usama-fandaqah/vendor/laravel/framework/src/Illuminate/Routing/Middleware/SubstituteBindings.php(51): Illuminate/Pipeline/Pipeline->Illuminate/Pipeline/{closure}(Object(Illuminate/Http/Request))
#6 C:/laragon/www/usama-fandaqah/vendor/laravel/framework/src/Illuminate/Pipeline/Pipeline.php(209): Illuminate/Routing/Middleware/SubstituteBindings->handle(Object(Illuminate/Http/Request), Object(Closure))
#7 C:/laragon/www/usama-fandaqah/vendor/laravel/framework/src/Illuminate/Auth/Middleware/Authenticate.php(64): Illuminate/Pipeline/Pipeline->Illuminate/Pipeline/{closure}(Object(Illuminate/Http/Request))
#8 C:/laragon/www/usama-fandaqah/vendor/laravel/framework/src/Illuminate/Pipeline/Pipeline.php(209): Illuminate/Auth/Middleware/Authenticate->handle(Object(Illuminate/Http/Request), Object(Closure), 'sanctum')
#9 C:/laragon/www/usama-fandaqah/vendor/laravel/framework/src/Illuminate/Pipeline/Pipeline.php(127): Illuminate/Pipeline/Pipeline->Illuminate/Pipeline/{closure}(Object(Illuminate/Http/Request))
#10 C:/laragon/www/usama-fandaqah/vendor/laravel/framework/src/Illuminate/Routing/Router.php(807): Illuminate/Pipeline/Pipeline->then(Object(Closure))
#11 C:/laragon/www/usama-fandaqah/vendor/laravel/framework/src/Illuminate/Routing/Router.php(786): Illuminate/Routing/Router->runRouteWithinStack(Object(Illuminate/Routing/Route), Object(Illuminate/Http/Request))
#12 C:/laragon/www/usama-fandaqah/vendor/laravel/framework/src/Illuminate/Routing/Router.php(750): Illuminate/Routing/Router->runRoute(Object(Illuminate/Http/Request), Object(Illuminate/Routing/Route))
#13 C:/laragon/www/usama-fandaqah/vendor/laravel/framework/src/Illuminate/Routing/Router.php(739): Illuminate/Routing/Router->dispatchToRoute(Object(Illuminate/Http/Request))
#14 C:/laragon/www/usama-fandaqah/vendor/laravel/framework/src/Illuminate/Foundation/Http/Kernel.php(201): Illuminate/Routing/Router->dispatch(Object(Illuminate/Http/Request))
#15 C:/laragon/www/usama-fandaqah/vendor/laravel/framework/src/Illuminate/Pipeline/Pipeline.php(170): Illuminate/Foundation/Http/Kernel->Illuminate/Foundation/Http/{closure}(Object(Illuminate/Http/Request))
#16 C:/laragon/www/usama-fandaqah/laravelnova/src/Http/Middleware/ServeNova.php(23): Illuminate/Pipeline/Pipeline->Illuminate/Pipeline/{closure}(Object(Illuminate/Http/Request))
#17 C:/laragon/www/usama-fandaqah/vendor/laravel/framework/src/Illuminate/Pipeline/Pipeline.php(209): Laravel/Nova/Http/Middleware/ServeNova->handle(Object(Illuminate/Http/Request), Object(Closure))
#18 C:/laragon/www/usama-fandaqah/vendor/laravel/framework/src/Illuminate/Foundation/Http/Middleware/TransformsRequest.php(21): Illuminate/Pipeline/Pipeline->Illuminate/Pipeline/{closure}(Object(Illuminate/Http/Request))
#19 C:/laragon/www/usama-fandaqah/vendor/laravel/framework/src/Illuminate/Foundation/Http/Middleware/ConvertEmptyStringsToNull.php(31): Illuminate/Foundation/Http/Middleware/TransformsRequest->handle(Object(Illuminate/Http/Request), Object(Closure))
#20 C:/laragon/www/usama-fandaqah/vendor/laravel/framework/src/Illuminate/Pipeline/Pipeline.php(209): Illuminate/Foundation/Http/Middleware/ConvertEmptyStringsToNull->handle(Object(Illuminate/Http/Request), Object(Closure))
#21 C:/laragon/www/usama-fandaqah/vendor/laravel/framework/src/Illuminate/Foundation/Http/Middleware/TransformsRequest.php(21): Illuminate/Pipeline/Pipeline->Illuminate/Pipeline/{closure}(Object(Illuminate/Http/Request))
#22 C:/laragon/www/usama-fandaqah/vendor/laravel/framework/src/Illuminate/Foundation/Http/Middleware/TrimStrings.php(51): Illuminate/Foundation/Http/Middleware/TransformsRequest->handle(Object(Illuminate/Http/Request), Object(Closure))
#23 C:/laragon/www/usama-fandaqah/vendor/laravel/framework/src/Illuminate/Pipeline/Pipeline.php(209): Illuminate/Foundation/Http/Middleware/TrimStrings->handle(Object(Illuminate/Http/Request), Object(Closure))
#24 C:/laragon/www/usama-fandaqah/vendor/laravel/framework/src/Illuminate/Http/Middleware/ValidatePostSize.php(27): Illuminate/Pipeline/Pipeline->Illuminate/Pipeline/{closure}(Object(Illuminate/Http/Request))
#25 C:/laragon/www/usama-fandaqah/vendor/laravel/framework/src/Illuminate/Pipeline/Pipeline.php(209): Illuminate/Http/Middleware/ValidatePostSize->handle(Object(Illuminate/Http/Request), Object(Closure))
#26 C:/laragon/www/usama-fandaqah/vendor/laravel/framework/src/Illuminate/Foundation/Http/Middleware/PreventRequestsDuringMaintenance.php(110): Illuminate/Pipeline/Pipeline->Illuminate/Pipeline/{closure}(Object(Illuminate/Http/Request))
#27 C:/laragon/www/usama-fandaqah/vendor/laravel/framework/src/Illuminate/Pipeline/Pipeline.php(209): Illuminate/Foundation/Http/Middleware/PreventRequestsDuringMaintenance->handle(Object(Illuminate/Http/Request), Object(Closure))
#28 C:/laragon/www/usama-fandaqah/vendor/laravel/framework/src/Illuminate/Http/Middleware/HandleCors.php(62): Illuminate/Pipeline/Pipeline->Illuminate/Pipeline/{closure}(Object(Illuminate/Http/Request))
#29 C:/laragon/www/usama-fandaqah/vendor/laravel/framework/src/Illuminate/Pipeline/Pipeline.php(209): Illuminate/Http/Middleware/HandleCors->handle(Object(Illuminate/Http/Request), Object(Closure))
#30 C:/laragon/www/usama-fandaqah/vendor/laravel/framework/src/Illuminate/Http/Middleware/TrustProxies.php(58): Illuminate/Pipeline/Pipeline->Illuminate/Pipeline/{closure}(Object(Illuminate/Http/Request))
#31 C:/laragon/www/usama-fandaqah/vendor/laravel/framework/src/Illuminate/Pipeline/Pipeline.php(209): Illuminate/Http/Middleware/TrustProxies->handle(Object(Illuminate/Http/Request), Object(Closure))
#32 C:/laragon/www/usama-fandaqah/vendor/laravel/framework/src/Illuminate/Foundation/Http/Middleware/InvokeDeferredCallbacks.php(22): Illuminate/Pipeline/Pipeline->Illuminate/Pipeline/{closure}(Object(Illuminate/Http/Request))
#33 C:/laragon/www/usama-fandaqah/vendor/laravel/framework/src/Illuminate/Pipeline/Pipeline.php(209): Illuminate/Foundation/Http/Middleware/InvokeDeferredCallbacks->handle(Object(Illuminate/Http/Request), Object(Closure))
#34 C:/laragon/www/usama-fandaqah/vendor/laravel/framework/src/Illuminate/Pipeline/Pipeline.php(127): Illuminate/Pipeline/Pipeline->Illuminate/Pipeline/{closure}(Object(Illuminate/Http/Request))
#35 C:/laragon/www/usama-fandaqah/vendor/laravel/framework/src/Illuminate/Foundation/Http/Kernel.php(176): Illuminate/Pipeline/Pipeline->then(Object(Closure))
#36 C:/laragon/www/usama-fandaqah/vendor/laravel/framework/src/Illuminate/Foundation/Http/Kernel.php(145): Illuminate/Foundation/Http/Kernel->sendRequestThroughRouter(Object(Illuminate/Http/Request))
#37 C:/laragon/www/usama-fandaqah/vendor/laravel/framework/src/Illuminate/Foundation/Testing/Concerns/MakesHttpRequests.php(607): Illuminate/Foundation/Http/Kernel->handle(Object(Illuminate/Http/Request))
#38 C:/laragon/www/usama-fandaqah/vendor/laravel/framework/src/Illuminate/Foundation/Testing/Concerns/MakesHttpRequests.php(573): Illuminate/Foundation/Testing/TestCase->call('GET', '/api/dashboard/...', Array, Array, Array, Array, '[]')
#39 C:/laragon/www/usama-fandaqah/vendor/laravel/framework/src/Illuminate/Foundation/Testing/Concerns/MakesHttpRequests.php(381): Illuminate/Foundation/Testing/TestCase->json('GET', '/api/dashboard/...', Array, Array, 0)
#40 C:/laragon/www/usama-fandaqah/tests/Feature/DashboardTest.php(65): Illuminate/Foundation/Testing/TestCase->getJson('/api/dashboard/...')
#41 C:/laragon/www/usama-fandaqah/vendor/phpunit/phpunit/src/Framework/TestCase.php(1667): Tests/Feature/DashboardTest->test_occupancy_dashboard_returns_data()
#42 C:/laragon/www/usama-fandaqah/vendor/phpunit/phpunit/src/Framework/TestCase.php(519): PHPUnit/Framework/TestCase->runTest()
#43 C:/laragon/www/usama-fandaqah/vendor/phpunit/phpunit/src/Framework/TestRunner/TestRunner.php(87): PHPUnit/Framework/TestCase->runBare()
#44 C:/laragon/www/usama-fandaqah/vendor/phpunit/phpunit/src/Framework/TestCase.php(365): PHPUnit/Framework/TestRunner->run(Object(Tests/Feature/DashboardTest))
#45 C:/laragon/www/usama-fandaqah/vendor/phpunit/phpunit/src/Framework/TestSuite.php(369): PHPUnit/Framework/TestCase->run()
#46 C:/laragon/www/usama-fandaqah/vendor/phpunit/phpunit/src/TextUI/TestRunner.php(64): PHPUnit/Framework/TestSuite->run()
#47 C:/laragon/www/usama-fandaqah/vendor/phpunit/phpunit/src/TextUI/Application.php(211): PHPUnit/TextUI/TestRunner->run(Object(PHPUnit/TextUI/Configuration/Configuration), Object(PHPUnit/Runner/ResultCache/DefaultResultCache), Object(PHPUnit/Framework/TestSuite))
#48 C:/laragon/www/usama-fandaqah/vendor/phpunit/phpunit/phpunit(104): PHPUnit/TextUI/Application->run(Array)
#49 C:/laragon/www/usama-fandaqah/vendor/bin/phpunit(122): include('C://laragon//www//...')
#50 {main}
"} 
[2026-04-30 14:11:31] local.ERROR: Call to undefined method App\Http\Controllers\Api\DashboardController::authorize() {"userId":19,"exception":"[object] (Error(code: 0): Call to undefined method App\\Http\\Controllers\\Api\\DashboardController::authorize() at C:/laragon/www/usama-fandaqah/app/Http/Controllers/Api/DashboardController.php:67)
[stacktrace]
#0 C:/laragon/www/usama-fandaqah/vendor/laravel/framework/src/Illuminate/Routing/ControllerDispatcher.php(47): App/Http/Controllers/Api/DashboardController->revenue(Object(Illuminate/Http/Request))
#1 C:/laragon/www/usama-fandaqah/vendor/laravel/framework/src/Illuminate/Routing/Route.php(266): Illuminate/Routing/ControllerDispatcher->dispatch(Object(Illuminate/Routing/Route), Object(App/Http/Controllers/Api/DashboardController), 'revenue')
#2 C:/laragon/www/usama-fandaqah/vendor/laravel/framework/src/Illuminate/Routing/Route.php(212): Illuminate/Routing/Route->runController()
#3 C:/laragon/www/usama-fandaqah/vendor/laravel/framework/src/Illuminate/Routing/Router.php(808): Illuminate/Routing/Route->run()
#4 C:/laragon/www/usama-fandaqah/vendor/laravel/framework/src/Illuminate/Pipeline/Pipeline.php(170): Illuminate/Routing/Router->Illuminate/Routing/{closure}(Object(Illuminate/Http/Request))
#5 C:/laragon/www/usama-fandaqah/vendor/laravel/framework/src/Illuminate/Routing/Middleware/SubstituteBindings.php(51): Illuminate/Pipeline/Pipeline->Illuminate/Pipeline/{closure}(Object(Illuminate/Http/Request))
#6 C:/laragon/www/usama-fandaqah/vendor/laravel/framework/src/Illuminate/Pipeline/Pipeline.php(209): Illuminate/Routing/Middleware/SubstituteBindings->handle(Object(Illuminate/Http/Request), Object(Closure))
#7 C:/laragon/www/usama-fandaqah/vendor/laravel/framework/src/Illuminate/Auth/Middleware/Authenticate.php(64): Illuminate/Pipeline/Pipeline->Illuminate/Pipeline/{closure}(Object(Illuminate/Http/Request))
#8 C:/laragon/www/usama-fandaqah/vendor/laravel/framework/src/Illuminate/Pipeline/Pipeline.php(209): Illuminate/Auth/Middleware/Authenticate->handle(Object(Illuminate/Http/Request), Object(Closure), 'sanctum')
#9 C:/laragon/www/usama-fandaqah/vendor/laravel/framework/src/Illuminate/Pipeline/Pipeline.php(127): Illuminate/Pipeline/Pipeline->Illuminate/Pipeline/{closure}(Object(Illuminate/Http/Request))
#10 C:/laragon/www/usama-fandaqah/vendor/laravel/framework/src/Illuminate/Routing/Router.php(807): Illuminate/Pipeline/Pipeline->then(Object(Closure))
#11 C:/laragon/www/usama-fandaqah/vendor/laravel/framework/src/Illuminate/Routing/Router.php(786): Illuminate/Routing/Router->runRouteWithinStack(Object(Illuminate/Routing/Route), Object(Illuminate/Http/Request))
#12 C:/laragon/www/usama-fandaqah/vendor/laravel/framework/src/Illuminate/Routing/Router.php(750): Illuminate/Routing/Router->runRoute(Object(Illuminate/Http/Request), Object(Illuminate/Routing/Route))
#13 C:/laragon/www/usama-fandaqah/vendor/laravel/framework/src/Illuminate/Routing/Router.php(739): Illuminate/Routing/Router->dispatchToRoute(Object(Illuminate/Http/Request))
#14 C:/laragon/www/usama-fandaqah/vendor/laravel/framework/src/Illuminate/Foundation/Http/Kernel.php(201): Illuminate/Routing/Router->dispatch(Object(Illuminate/Http/Request))
#15 C:/laragon/www/usama-fandaqah/vendor/laravel/framework/src/Illuminate/Pipeline/Pipeline.php(170): Illuminate/Foundation/Http/Kernel->Illuminate/Foundation/Http/{closure}(Object(Illuminate/Http/Request))
#16 C:/laragon/www/usama-fandaqah/laravelnova/src/Http/Middleware/ServeNova.php(23): Illuminate/Pipeline/Pipeline->Illuminate/Pipeline/{closure}(Object(Illuminate/Http/Request))
#17 C:/laragon/www/usama-fandaqah/vendor/laravel/framework/src/Illuminate/Pipeline/Pipeline.php(209): Laravel/Nova/Http/Middleware/ServeNova->handle(Object(Illuminate/Http/Request), Object(Closure))
#18 C:/laragon/www/usama-fandaqah/vendor/laravel/framework/src/Illuminate/Foundation/Http/Middleware/TransformsRequest.php(21): Illuminate/Pipeline/Pipeline->Illuminate/Pipeline/{closure}(Object(Illuminate/Http/Request))
#19 C:/laragon/www/usama-fandaqah/vendor/laravel/framework/src/Illuminate/Foundation/Http/Middleware/ConvertEmptyStringsToNull.php(31): Illuminate/Foundation/Http/Middleware/TransformsRequest->handle(Object(Illuminate/Http/Request), Object(Closure))
#20 C:/laragon/www/usama-fandaqah/vendor/laravel/framework/src/Illuminate/Pipeline/Pipeline.php(209): Illuminate/Foundation/Http/Middleware/ConvertEmptyStringsToNull->handle(Object(Illuminate/Http/Request), Object(Closure))
#21 C:/laragon/www/usama-fandaqah/vendor/laravel/framework/src/Illuminate/Foundation/Http/Middleware/TransformsRequest.php(21): Illuminate/Pipeline/Pipeline->Illuminate/Pipeline/{closure}(Object(Illuminate/Http/Request))
#22 C:/laragon/www/usama-fandaqah/vendor/laravel/framework/src/Illuminate/Foundation/Http/Middleware/TrimStrings.php(51): Illuminate/Foundation/Http/Middleware/TransformsRequest->handle(Object(Illuminate/Http/Request), Object(Closure))
#23 C:/laragon/www/usama-fandaqah/vendor/laravel/framework/src/Illuminate/Pipeline/Pipeline.php(209): Illuminate/Foundation/Http/Middleware/TrimStrings->handle(Object(Illuminate/Http/Request), Object(Closure))
#24 C:/laragon/www/usama-fandaqah/vendor/laravel/framework/src/Illuminate/Http/Middleware/ValidatePostSize.php(27): Illuminate/Pipeline/Pipeline->Illuminate/Pipeline/{closure}(Object(Illuminate/Http/Request))
#25 C:/laragon/www/usama-fandaqah/vendor/laravel/framework/src/Illuminate/Pipeline/Pipeline.php(209): Illuminate/Http/Middleware/ValidatePostSize->handle(Object(Illuminate/Http/Request), Object(Closure))
#26 C:/laragon/www/usama-fandaqah/vendor/laravel/framework/src/Illuminate/Foundation/Http/Middleware/PreventRequestsDuringMaintenance.php(110): Illuminate/Pipeline/Pipeline->Illuminate/Pipeline/{closure}(Object(Illuminate/Http/Request))
#27 C:/laragon/www/usama-fandaqah/vendor/laravel/framework/src/Illuminate/Pipeline/Pipeline.php(209): Illuminate/Foundation/Http/Middleware/PreventRequestsDuringMaintenance->handle(Object(Illuminate/Http/Request), Object(Closure))
#28 C:/laragon/www/usama-fandaqah/vendor/laravel/framework/src/Illuminate/Http/Middleware/HandleCors.php(62): Illuminate/Pipeline/Pipeline->Illuminate/Pipeline/{closure}(Object(Illuminate/Http/Request))
#29 C:/laragon/www/usama-fandaqah/vendor/laravel/framework/src/Illuminate/Pipeline/Pipeline.php(209): Illuminate/Http/Middleware/HandleCors->handle(Object(Illuminate/Http/Request), Object(Closure))
#30 C:/laragon/www/usama-fandaqah/vendor/laravel/framework/src/Illuminate/Http/Middleware/TrustProxies.php(58): Illuminate/Pipeline/Pipeline->Illuminate/Pipeline/{closure}(Object(Illuminate/Http/Request))
#31 C:/laragon/www/usama-fandaqah/vendor/laravel/framework/src/Illuminate/Pipeline/Pipeline.php(209): Illuminate/Http/Middleware/TrustProxies->handle(Object(Illuminate/Http/Request), Object(Closure))
#32 C:/laragon/www/usama-fandaqah/vendor/laravel/framework/src/Illuminate/Foundation/Http/Middleware/InvokeDeferredCallbacks.php(22): Illuminate/Pipeline/Pipeline->Illuminate/Pipeline/{closure}(Object(Illuminate/Http/Request))
#33 C:/laragon/www/usama-fandaqah/vendor/laravel/framework/src/Illuminate/Pipeline/Pipeline.php(209): Illuminate/Foundation/Http/Middleware/InvokeDeferredCallbacks->handle(Object(Illuminate/Http/Request), Object(Closure))
#34 C:/laragon/www/usama-fandaqah/vendor/laravel/framework/src/Illuminate/Pipeline/Pipeline.php(127): Illuminate/Pipeline/Pipeline->Illuminate/Pipeline/{closure}(Object(Illuminate/Http/Request))
#35 C:/laragon/www/usama-fandaqah/vendor/laravel/framework/src/Illuminate/Foundation/Http/Kernel.php(176): Illuminate/Pipeline/Pipeline->then(Object(Closure))
#36 C:/laragon/www/usama-fandaqah/vendor/laravel/framework/src/Illuminate/Foundation/Http/Kernel.php(145): Illuminate/Foundation/Http/Kernel->sendRequestThroughRouter(Object(Illuminate/Http/Request))
#37 C:/laragon/www/usama-fandaqah/vendor/laravel/framework/src/Illuminate/Foundation/Testing/Concerns/MakesHttpRequests.php(607): Illuminate/Foundation/Http/Kernel->handle(Object(Illuminate/Http/Request))
#38 C:/laragon/www/usama-fandaqah/vendor/laravel/framework/src/Illuminate/Foundation/Testing/Concerns/MakesHttpRequests.php(573): Illuminate/Foundation/Testing/TestCase->call('GET', '/api/dashboard/...', Array, Array, Array, Array, '[]')
#39 C:/laragon/www/usama-fandaqah/vendor/laravel/framework/src/Illuminate/Foundation/Testing/Concerns/MakesHttpRequests.php(381): Illuminate/Foundation/Testing/TestCase->json('GET', '/api/dashboard/...', Array, Array, 0)
#40 C:/laragon/www/usama-fandaqah/tests/Feature/DashboardTest.php(73): Illuminate/Foundation/Testing/TestCase->getJson('/api/dashboard/...')
#41 C:/laragon/www/usama-fandaqah/vendor/phpunit/phpunit/src/Framework/TestCase.php(1667): Tests/Feature/DashboardTest->test_revenue_dashboard_returns_data()
#42 C:/laragon/www/usama-fandaqah/vendor/phpunit/phpunit/src/Framework/TestCase.php(519): PHPUnit/Framework/TestCase->runTest()
#43 C:/laragon/www/usama-fandaqah/vendor/phpunit/phpunit/src/Framework/TestRunner/TestRunner.php(87): PHPUnit/Framework/TestCase->runBare()
#44 C:/laragon/www/usama-fandaqah/vendor/phpunit/phpunit/src/Framework/TestCase.php(365): PHPUnit/Framework/TestRunner->run(Object(Tests/Feature/DashboardTest))
#45 C:/laragon/www/usama-fandaqah/vendor/phpunit/phpunit/src/Framework/TestSuite.php(369): PHPUnit/Framework/TestCase->run()
#46 C:/laragon/www/usama-fandaqah/vendor/phpunit/phpunit/src/TextUI/TestRunner.php(64): PHPUnit/Framework/TestSuite->run()
#47 C:/laragon/www/usama-fandaqah/vendor/phpunit/phpunit/src/TextUI/Application.php(211): PHPUnit/TextUI/TestRunner->run(Object(PHPUnit/TextUI/Configuration/Configuration), Object(PHPUnit/Runner/ResultCache/DefaultResultCache), Object(PHPUnit/Framework/TestSuite))
#48 C:/laragon/www/usama-fandaqah/vendor/phpunit/phpunit/phpunit(104): PHPUnit/TextUI/Application->run(Array)
#49 C:/laragon/www/usama-fandaqah/vendor/bin/phpunit(122): include('C://laragon//www//...')
#50 {main}
"} 
[2026-04-30 14:11:32] local.ERROR: Call to undefined method App\Http\Controllers\Api\DashboardController::authorize() {"userId":20,"exception":"[object] (Error(code: 0): Call to undefined method App\\Http\\Controllers\\Api\\DashboardController::authorize() at C:/laragon/www/usama-fandaqah/app/Http/Controllers/Api/DashboardController.php:88)
[stacktrace]
#0 C:/laragon/www/usama-fandaqah/vendor/laravel/framework/src/Illuminate/Routing/ControllerDispatcher.php(47): App/Http/Controllers/Api/DashboardController->ar(Object(Illuminate/Http/Request))
#1 C:/laragon/www/usama-fandaqah/vendor/laravel/framework/src/Illuminate/Routing/Route.php(266): Illuminate/Routing/ControllerDispatcher->dispatch(Object(Illuminate/Routing/Route), Object(App/Http/Controllers/Api/DashboardController), 'ar')
#2 C:/laragon/www/usama-fandaqah/vendor/laravel/framework/src/Illuminate/Routing/Route.php(212): Illuminate/Routing/Route->runController()
#3 C:/laragon/www/usama-fandaqah/vendor/laravel/framework/src/Illuminate/Routing/Router.php(808): Illuminate/Routing/Route->run()
#4 C:/laragon/www/usama-fandaqah/vendor/laravel/framework/src/Illuminate/Pipeline/Pipeline.php(170): Illuminate/Routing/Router->Illuminate/Routing/{closure}(Object(Illuminate/Http/Request))
#5 C:/laragon/www/usama-fandaqah/vendor/laravel/framework/src/Illuminate/Routing/Middleware/SubstituteBindings.php(51): Illuminate/Pipeline/Pipeline->Illuminate/Pipeline/{closure}(Object(Illuminate/Http/Request))
#6 C:/laragon/www/usama-fandaqah/vendor/laravel/framework/src/Illuminate/Pipeline/Pipeline.php(209): Illuminate/Routing/Middleware/SubstituteBindings->handle(Object(Illuminate/Http/Request), Object(Closure))
#7 C:/laragon/www/usama-fandaqah/vendor/laravel/framework/src/Illuminate/Auth/Middleware/Authenticate.php(64): Illuminate/Pipeline/Pipeline->Illuminate/Pipeline/{closure}(Object(Illuminate/Http/Request))
#8 C:/laragon/www/usama-fandaqah/vendor/laravel/framework/src/Illuminate/Pipeline/Pipeline.php(209): Illuminate/Auth/Middleware/Authenticate->handle(Object(Illuminate/Http/Request), Object(Closure), 'sanctum')
#9 C:/laragon/www/usama-fandaqah/vendor/laravel/framework/src/Illuminate/Pipeline/Pipeline.php(127): Illuminate/Pipeline/Pipeline->Illuminate/Pipeline/{closure}(Object(Illuminate/Http/Request))
#10 C:/laragon/www/usama-fandaqah/vendor/laravel/framework/src/Illuminate/Routing/Router.php(807): Illuminate/Pipeline/Pipeline->then(Object(Closure))
#11 C:/laragon/www/usama-fandaqah/vendor/laravel/framework/src/Illuminate/Routing/Router.php(786): Illuminate/Routing/Router->runRouteWithinStack(Object(Illuminate/Routing/Route), Object(Illuminate/Http/Request))
#12 C:/laragon/www/usama-fandaqah/vendor/laravel/framework/src/Illuminate/Routing/Router.php(750): Illuminate/Routing/Router->runRoute(Object(Illuminate/Http/Request), Object(Illuminate/Routing/Route))
#13 C:/laragon/www/usama-fandaqah/vendor/laravel/framework/src/Illuminate/Routing/Router.php(739): Illuminate/Routing/Router->dispatchToRoute(Object(Illuminate/Http/Request))
#14 C:/laragon/www/usama-fandaqah/vendor/laravel/framework/src/Illuminate/Foundation/Http/Kernel.php(201): Illuminate/Routing/Router->dispatch(Object(Illuminate/Http/Request))
#15 C:/laragon/www/usama-fandaqah/vendor/laravel/framework/src/Illuminate/Pipeline/Pipeline.php(170): Illuminate/Foundation/Http/Kernel->Illuminate/Foundation/Http/{closure}(Object(Illuminate/Http/Request))
#16 C:/laragon/www/usama-fandaqah/laravelnova/src/Http/Middleware/ServeNova.php(23): Illuminate/Pipeline/Pipeline->Illuminate/Pipeline/{closure}(Object(Illuminate/Http/Request))
#17 C:/laragon/www/usama-fandaqah/vendor/laravel/framework/src/Illuminate/Pipeline/Pipeline.php(209): Laravel/Nova/Http/Middleware/ServeNova->handle(Object(Illuminate/Http/Request), Object(Closure))
#18 C:/laragon/www/usama-fandaqah/vendor/laravel/framework/src/Illuminate/Foundation/Http/Middleware/TransformsRequest.php(21): Illuminate/Pipeline/Pipeline->Illuminate/Pipeline/{closure}(Object(Illuminate/Http/Request))
#19 C:/laragon/www/usama-fandaqah/vendor/laravel/framework/src/Illuminate/Foundation/Http/Middleware/ConvertEmptyStringsToNull.php(31): Illuminate/Foundation/Http/Middleware/TransformsRequest->handle(Object(Illuminate/Http/Request), Object(Closure))
#20 C:/laragon/www/usama-fandaqah/vendor/laravel/framework/src/Illuminate/Pipeline/Pipeline.php(209): Illuminate/Foundation/Http/Middleware/ConvertEmptyStringsToNull->handle(Object(Illuminate/Http/Request), Object(Closure))
#21 C:/laragon/www/usama-fandaqah/vendor/laravel/framework/src/Illuminate/Foundation/Http/Middleware/TransformsRequest.php(21): Illuminate/Pipeline/Pipeline->Illuminate/Pipeline/{closure}(Object(Illuminate/Http/Request))
#22 C:/laragon/www/usama-fandaqah/vendor/laravel/framework/src/Illuminate/Foundation/Http/Middleware/TrimStrings.php(51): Illuminate/Foundation/Http/Middleware/TransformsRequest->handle(Object(Illuminate/Http/Request), Object(Closure))
#23 C:/laragon/www/usama-fandaqah/vendor/laravel/framework/src/Illuminate/Pipeline/Pipeline.php(209): Illuminate/Foundation/Http/Middleware/TrimStrings->handle(Object(Illuminate/Http/Request), Object(Closure))
#24 C:/laragon/www/usama-fandaqah/vendor/laravel/framework/src/Illuminate/Http/Middleware/ValidatePostSize.php(27): Illuminate/Pipeline/Pipeline->Illuminate/Pipeline/{closure}(Object(Illuminate/Http/Request))
#25 C:/laragon/www/usama-fandaqah/vendor/laravel/framework/src/Illuminate/Pipeline/Pipeline.php(209): Illuminate/Http/Middleware/ValidatePostSize->handle(Object(Illuminate/Http/Request), Object(Closure))
#26 C:/laragon/www/usama-fandaqah/vendor/laravel/framework/src/Illuminate/Foundation/Http/Middleware/PreventRequestsDuringMaintenance.php(110): Illuminate/Pipeline/Pipeline->Illuminate/Pipeline/{closure}(Object(Illuminate/Http/Request))
#27 C:/laragon/www/usama-fandaqah/vendor/laravel/framework/src/Illuminate/Pipeline/Pipeline.php(209): Illuminate/Foundation/Http/Middleware/PreventRequestsDuringMaintenance->handle(Object(Illuminate/Http/Request), Object(Closure))
#28 C:/laragon/www/usama-fandaqah/vendor/laravel/framework/src/Illuminate/Http/Middleware/HandleCors.php(62): Illuminate/Pipeline/Pipeline->Illuminate/Pipeline/{closure}(Object(Illuminate/Http/Request))
#29 C:/laragon/www/usama-fandaqah/vendor/laravel/framework/src/Illuminate/Pipeline/Pipeline.php(209): Illuminate/Http/Middleware/HandleCors->handle(Object(Illuminate/Http/Request), Object(Closure))
#30 C:/laragon/www/usama-fandaqah/vendor/laravel/framework/src/Illuminate/Http/Middleware/TrustProxies.php(58): Illuminate/Pipeline/Pipeline->Illuminate/Pipeline/{closure}(Object(Illuminate/Http/Request))
#31 C:/laragon/www/usama-fandaqah/vendor/laravel/framework/src/Illuminate/Pipeline/Pipeline.php(209): Illuminate/Http/Middleware/TrustProxies->handle(Object(Illuminate/Http/Request), Object(Closure))
#32 C:/laragon/www/usama-fandaqah/vendor/laravel/framework/src/Illuminate/Foundation/Http/Middleware/InvokeDeferredCallbacks.php(22): Illuminate/Pipeline/Pipeline->Illuminate/Pipeline/{closure}(Object(Illuminate/Http/Request))
#33 C:/laragon/www/usama-fandaqah/vendor/laravel/framework/src/Illuminate/Pipeline/Pipeline.php(209): Illuminate/Foundation/Http/Middleware/InvokeDeferredCallbacks->handle(Object(Illuminate/Http/Request), Object(Closure))
#34 C:/laragon/www/usama-fandaqah/vendor/laravel/framework/src/Illuminate/Pipeline/Pipeline.php(127): Illuminate/Pipeline/Pipeline->Illuminate/Pipeline/{closure}(Object(Illuminate/Http/Request))
#35 C:/laragon/www/usama-fandaqah/vendor/laravel/framework/src/Illuminate/Foundation/Http/Kernel.php(176): Illuminate/Pipeline/Pipeline->then(Object(Closure))
#36 C:/laragon/www/usama-fandaqah/vendor/laravel/framework/src/Illuminate/Foundation/Http/Kernel.php(145): Illuminate/Foundation/Http/Kernel->sendRequestThroughRouter(Object(Illuminate/Http/Request))
#37 C:/laragon/www/usama-fandaqah/vendor/laravel/framework/src/Illuminate/Foundation/Testing/Concerns/MakesHttpRequests.php(607): Illuminate/Foundation/Http/Kernel->handle(Object(Illuminate/Http/Request))
#38 C:/laragon/www/usama-fandaqah/vendor/laravel/framework/src/Illuminate/Foundation/Testing/Concerns/MakesHttpRequests.php(573): Illuminate/Foundation/Testing/TestCase->call('GET', '/api/dashboard/...', Array, Array, Array, Array, '[]')
#39 C:/laragon/www/usama-fandaqah/vendor/laravel/framework/src/Illuminate/Foundation/Testing/Concerns/MakesHttpRequests.php(381): Illuminate/Foundation/Testing/TestCase->json('GET', '/api/dashboard/...', Array, Array, 0)
#40 C:/laragon/www/usama-fandaqah/tests/Feature/DashboardTest.php(81): Illuminate/Foundation/Testing/TestCase->getJson('/api/dashboard/...')
#41 C:/laragon/www/usama-fandaqah/vendor/phpunit/phpunit/src/Framework/TestCase.php(1667): Tests/Feature/DashboardTest->test_ar_dashboard_returns_data()
#42 C:/laragon/www/usama-fandaqah/vendor/phpunit/phpunit/src/Framework/TestCase.php(519): PHPUnit/Framework/TestCase->runTest()
#43 C:/laragon/www/usama-fandaqah/vendor/phpunit/phpunit/src/Framework/TestRunner/TestRunner.php(87): PHPUnit/Framework/TestCase->runBare()
#44 C:/laragon/www/usama-fandaqah/vendor/phpunit/phpunit/src/Framework/TestCase.php(365): PHPUnit/Framework/TestRunner->run(Object(Tests/Feature/DashboardTest))
#45 C:/laragon/www/usama-fandaqah/vendor/phpunit/phpunit/src/Framework/TestSuite.php(369): PHPUnit/Framework/TestCase->run()
#46 C:/laragon/www/usama-fandaqah/vendor/phpunit/phpunit/src/TextUI/TestRunner.php(64): PHPUnit/Framework/TestSuite->run()
#47 C:/laragon/www/usama-fandaqah/vendor/phpunit/phpunit/src/TextUI/Application.php(211): PHPUnit/TextUI/TestRunner->run(Object(PHPUnit/TextUI/Configuration/Configuration), Object(PHPUnit/Runner/ResultCache/DefaultResultCache), Object(PHPUnit/Framework/TestSuite))
#48 C:/laragon/www/usama-fandaqah/vendor/phpunit/phpunit/phpunit(104): PHPUnit/TextUI/Application->run(Array)
#49 C:/laragon/www/usama-fandaqah/vendor/bin/phpunit(122): include('C://laragon//www//...')
#50 {main}
"} 
[2026-04-30 14:11:32] local.ERROR: Call to undefined method App\Http\Controllers\Api\DashboardController::authorize() {"userId":21,"exception":"[object] (Error(code: 0): Call to undefined method App\\Http\\Controllers\\Api\\DashboardController::authorize() at C:/laragon/www/usama-fandaqah/app/Http/Controllers/Api/DashboardController.php:111)
[stacktrace]
#0 C:/laragon/www/usama-fandaqah/vendor/laravel/framework/src/Illuminate/Routing/ControllerDispatcher.php(47): App/Http/Controllers/Api/DashboardController->cashier(Object(Illuminate/Http/Request))
#1 C:/laragon/www/usama-fandaqah/vendor/laravel/framework/src/Illuminate/Routing/Route.php(266): Illuminate/Routing/ControllerDispatcher->dispatch(Object(Illuminate/Routing/Route), Object(App/Http/Controllers/Api/DashboardController), 'cashier')
#2 C:/laragon/www/usama-fandaqah/vendor/laravel/framework/src/Illuminate/Routing/Route.php(212): Illuminate/Routing/Route->runController()
#3 C:/laragon/www/usama-fandaqah/vendor/laravel/framework/src/Illuminate/Routing/Router.php(808): Illuminate/Routing/Route->run()
#4 C:/laragon/www/usama-fandaqah/vendor/laravel/framework/src/Illuminate/Pipeline/Pipeline.php(170): Illuminate/Routing/Router->Illuminate/Routing/{closure}(Object(Illuminate/Http/Request))
#5 C:/laragon/www/usama-fandaqah/vendor/laravel/framework/src/Illuminate/Routing/Middleware/SubstituteBindings.php(51): Illuminate/Pipeline/Pipeline->Illuminate/Pipeline/{closure}(Object(Illuminate/Http/Request))
#6 C:/laragon/www/usama-fandaqah/vendor/laravel/framework/src/Illuminate/Pipeline/Pipeline.php(209): Illuminate/Routing/Middleware/SubstituteBindings->handle(Object(Illuminate/Http/Request), Object(Closure))
#7 C:/laragon/www/usama-fandaqah/vendor/laravel/framework/src/Illuminate/Auth/Middleware/Authenticate.php(64): Illuminate/Pipeline/Pipeline->Illuminate/Pipeline/{closure}(Object(Illuminate/Http/Request))
#8 C:/laragon/www/usama-fandaqah/vendor/laravel/framework/src/Illuminate/Pipeline/Pipeline.php(209): Illuminate/Auth/Middleware/Authenticate->handle(Object(Illuminate/Http/Request), Object(Closure), 'sanctum')
#9 C:/laragon/www/usama-fandaqah/vendor/laravel/framework/src/Illuminate/Pipeline/Pipeline.php(127): Illuminate/Pipeline/Pipeline->Illuminate/Pipeline/{closure}(Object(Illuminate/Http/Request))
#10 C:/laragon/www/usama-fandaqah/vendor/laravel/framework/src/Illuminate/Routing/Router.php(807): Illuminate/Pipeline/Pipeline->then(Object(Closure))
#11 C:/laragon/www/usama-fandaqah/vendor/laravel/framework/src/Illuminate/Routing/Router.php(786): Illuminate/Routing/Router->runRouteWithinStack(Object(Illuminate/Routing/Route), Object(Illuminate/Http/Request))
#12 C:/laragon/www/usama-fandaqah/vendor/laravel/framework/src/Illuminate/Routing/Router.php(750): Illuminate/Routing/Router->runRoute(Object(Illuminate/Http/Request), Object(Illuminate/Routing/Route))
#13 C:/laragon/www/usama-fandaqah/vendor/laravel/framework/src/Illuminate/Routing/Router.php(739): Illuminate/Routing/Router->dispatchToRoute(Object(Illuminate/Http/Request))
#14 C:/laragon/www/usama-fandaqah/vendor/laravel/framework/src/Illuminate/Foundation/Http/Kernel.php(201): Illuminate/Routing/Router->dispatch(Object(Illuminate/Http/Request))
#15 C:/laragon/www/usama-fandaqah/vendor/laravel/framework/src/Illuminate/Pipeline/Pipeline.php(170): Illuminate/Foundation/Http/Kernel->Illuminate/Foundation/Http/{closure}(Object(Illuminate/Http/Request))
#16 C:/laragon/www/usama-fandaqah/laravelnova/src/Http/Middleware/ServeNova.php(23): Illuminate/Pipeline/Pipeline->Illuminate/Pipeline/{closure}(Object(Illuminate/Http/Request))
#17 C:/laragon/www/usama-fandaqah/vendor/laravel/framework/src/Illuminate/Pipeline/Pipeline.php(209): Laravel/Nova/Http/Middleware/ServeNova->handle(Object(Illuminate/Http/Request), Object(Closure))
#18 C:/laragon/www/usama-fandaqah/vendor/laravel/framework/src/Illuminate/Foundation/Http/Middleware/TransformsRequest.php(21): Illuminate/Pipeline/Pipeline->Illuminate/Pipeline/{closure}(Object(Illuminate/Http/Request))
#19 C:/laragon/www/usama-fandaqah/vendor/laravel/framework/src/Illuminate/Foundation/Http/Middleware/ConvertEmptyStringsToNull.php(31): Illuminate/Foundation/Http/Middleware/TransformsRequest->handle(Object(Illuminate/Http/Request), Object(Closure))
#20 C:/laragon/www/usama-fandaqah/vendor/laravel/framework/src/Illuminate/Pipeline/Pipeline.php(209): Illuminate/Foundation/Http/Middleware/ConvertEmptyStringsToNull->handle(Object(Illuminate/Http/Request), Object(Closure))
#21 C:/laragon/www/usama-fandaqah/vendor/laravel/framework/src/Illuminate/Foundation/Http/Middleware/TransformsRequest.php(21): Illuminate/Pipeline/Pipeline->Illuminate/Pipeline/{closure}(Object(Illuminate/Http/Request))
#22 C:/laragon/www/usama-fandaqah/vendor/laravel/framework/src/Illuminate/Foundation/Http/Middleware/TrimStrings.php(51): Illuminate/Foundation/Http/Middleware/TransformsRequest->handle(Object(Illuminate/Http/Request), Object(Closure))
#23 C:/laragon/www/usama-fandaqah/vendor/laravel/framework/src/Illuminate/Pipeline/Pipeline.php(209): Illuminate/Foundation/Http/Middleware/TrimStrings->handle(Object(Illuminate/Http/Request), Object(Closure))
#24 C:/laragon/www/usama-fandaqah/vendor/laravel/framework/src/Illuminate/Http/Middleware/ValidatePostSize.php(27): Illuminate/Pipeline/Pipeline->Illuminate/Pipeline/{closure}(Object(Illuminate/Http/Request))
#25 C:/laragon/www/usama-fandaqah/vendor/laravel/framework/src/Illuminate/Pipeline/Pipeline.php(209): Illuminate/Http/Middleware/ValidatePostSize->handle(Object(Illuminate/Http/Request), Object(Closure))
#26 C:/laragon/www/usama-fandaqah/vendor/laravel/framework/src/Illuminate/Foundation/Http/Middleware/PreventRequestsDuringMaintenance.php(110): Illuminate/Pipeline/Pipeline->Illuminate/Pipeline/{closure}(Object(Illuminate/Http/Request))
#27 C:/laragon/www/usama-fandaqah/vendor/laravel/framework/src/Illuminate/Pipeline/Pipeline.php(209): Illuminate/Foundation/Http/Middleware/PreventRequestsDuringMaintenance->handle(Object(Illuminate/Http/Request), Object(Closure))
#28 C:/laragon/www/usama-fandaqah/vendor/laravel/framework/src/Illuminate/Http/Middleware/HandleCors.php(62): Illuminate/Pipeline/Pipeline->Illuminate/Pipeline/{closure}(Object(Illuminate/Http/Request))
#29 C:/laragon/www/usama-fandaqah/vendor/laravel/framework/src/Illuminate/Pipeline/Pipeline.php(209): Illuminate/Http/Middleware/HandleCors->handle(Object(Illuminate/Http/Request), Object(Closure))
#30 C:/laragon/www/usama-fandaqah/vendor/laravel/framework/src/Illuminate/Http/Middleware/TrustProxies.php(58): Illuminate/Pipeline/Pipeline->Illuminate/Pipeline/{closure}(Object(Illuminate/Http/Request))
#31 C:/laragon/www/usama-fandaqah/vendor/laravel/framework/src/Illuminate/Pipeline/Pipeline.php(209): Illuminate/Http/Middleware/TrustProxies->handle(Object(Illuminate/Http/Request), Object(Closure))
#32 C:/laragon/www/usama-fandaqah/vendor/laravel/framework/src/Illuminate/Foundation/Http/Middleware/InvokeDeferredCallbacks.php(22): Illuminate/Pipeline/Pipeline->Illuminate/Pipeline/{closure}(Object(Illuminate/Http/Request))
#33 C:/laragon/www/usama-fandaqah/vendor/laravel/framework/src/Illuminate/Pipeline/Pipeline.php(209): Illuminate/Foundation/Http/Middleware/InvokeDeferredCallbacks->handle(Object(Illuminate/Http/Request), Object(Closure))
#34 C:/laragon/www/usama-fandaqah/vendor/laravel/framework/src/Illuminate/Pipeline/Pipeline.php(127): Illuminate/Pipeline/Pipeline->Illuminate/Pipeline/{closure}(Object(Illuminate/Http/Request))
#35 C:/laragon/www/usama-fandaqah/vendor/laravel/framework/src/Illuminate/Foundation/Http/Kernel.php(176): Illuminate/Pipeline/Pipeline->then(Object(Closure))
#36 C:/laragon/www/usama-fandaqah/vendor/laravel/framework/src/Illuminate/Foundation/Http/Kernel.php(145): Illuminate/Foundation/Http/Kernel->sendRequestThroughRouter(Object(Illuminate/Http/Request))
#37 C:/laragon/www/usama-fandaqah/vendor/laravel/framework/src/Illuminate/Foundation/Testing/Concerns/MakesHttpRequests.php(607): Illuminate/Foundation/Http/Kernel->handle(Object(Illuminate/Http/Request))
#38 C:/laragon/www/usama-fandaqah/vendor/laravel/framework/src/Illuminate/Foundation/Testing/Concerns/MakesHttpRequests.php(573): Illuminate/Foundation/Testing/TestCase->call('GET', '/api/dashboard/...', Array, Array, Array, Array, '[]')
#39 C:/laragon/www/usama-fandaqah/vendor/laravel/framework/src/Illuminate/Foundation/Testing/Concerns/MakesHttpRequests.php(381): Illuminate/Foundation/Testing/TestCase->json('GET', '/api/dashboard/...', Array, Array, 0)
#40 C:/laragon/www/usama-fandaqah/tests/Feature/DashboardTest.php(89): Illuminate/Foundation/Testing/TestCase->getJson('/api/dashboard/...')
#41 C:/laragon/www/usama-fandaqah/vendor/phpunit/phpunit/src/Framework/TestCase.php(1667): Tests/Feature/DashboardTest->test_cashier_dashboard_returns_data()
#42 C:/laragon/www/usama-fandaqah/vendor/phpunit/phpunit/src/Framework/TestCase.php(519): PHPUnit/Framework/TestCase->runTest()
#43 C:/laragon/www/usama-fandaqah/vendor/phpunit/phpunit/src/Framework/TestRunner/TestRunner.php(87): PHPUnit/Framework/TestCase->runBare()
#44 C:/laragon/www/usama-fandaqah/vendor/phpunit/phpunit/src/Framework/TestCase.php(365): PHPUnit/Framework/TestRunner->run(Object(Tests/Feature/DashboardTest))
#45 C:/laragon/www/usama-fandaqah/vendor/phpunit/phpunit/src/Framework/TestSuite.php(369): PHPUnit/Framework/TestCase->run()
#46 C:/laragon/www/usama-fandaqah/vendor/phpunit/phpunit/src/TextUI/TestRunner.php(64): PHPUnit/Framework/TestSuite->run()
#47 C:/laragon/www/usama-fandaqah/vendor/phpunit/phpunit/src/TextUI/Application.php(211): PHPUnit/TextUI/TestRunner->run(Object(PHPUnit/TextUI/Configuration/Configuration), Object(PHPUnit/Runner/ResultCache/DefaultResultCache), Object(PHPUnit/Framework/TestSuite))
#48 C:/laragon/www/usama-fandaqah/vendor/phpunit/phpunit/phpunit(104): PHPUnit/TextUI/Application->run(Array)
#49 C:/laragon/www/usama-fandaqah/vendor/bin/phpunit(122): include('C://laragon//www//...')
#50 {main}
"} 
[2026-04-30 14:11:32] local.ERROR: Call to undefined method App\Http\Controllers\Api\DashboardController::authorize() {"userId":22,"exception":"[object] (Error(code: 0): Call to undefined method App\\Http\\Controllers\\Api\\DashboardController::authorize() at C:/laragon/www/usama-fandaqah/app/Http/Controllers/Api/DashboardController.php:129)
[stacktrace]
#0 C:/laragon/www/usama-fandaqah/vendor/laravel/framework/src/Illuminate/Routing/ControllerDispatcher.php(47): App/Http/Controllers/Api/DashboardController->commissions(Object(Illuminate/Http/Request))
#1 C:/laragon/www/usama-fandaqah/vendor/laravel/framework/src/Illuminate/Routing/Route.php(266): Illuminate/Routing/ControllerDispatcher->dispatch(Object(Illuminate/Routing/Route), Object(App/Http/Controllers/Api/DashboardController), 'commissions')
#2 C:/laragon/www/usama-fandaqah/vendor/laravel/framework/src/Illuminate/Routing/Route.php(212): Illuminate/Routing/Route->runController()
#3 C:/laragon/www/usama-fandaqah/vendor/laravel/framework/src/Illuminate/Routing/Router.php(808): Illuminate/Routing/Route->run()
#4 C:/laragon/www/usama-fandaqah/vendor/laravel/framework/src/Illuminate/Pipeline/Pipeline.php(170): Illuminate/Routing/Router->Illuminate/Routing/{closure}(Object(Illuminate/Http/Request))
#5 C:/laragon/www/usama-fandaqah/vendor/laravel/framework/src/Illuminate/Routing/Middleware/SubstituteBindings.php(51): Illuminate/Pipeline/Pipeline->Illuminate/Pipeline/{closure}(Object(Illuminate/Http/Request))
#6 C:/laragon/www/usama-fandaqah/vendor/laravel/framework/src/Illuminate/Pipeline/Pipeline.php(209): Illuminate/Routing/Middleware/SubstituteBindings->handle(Object(Illuminate/Http/Request), Object(Closure))
#7 C:/laragon/www/usama-fandaqah/vendor/laravel/framework/src/Illuminate/Auth/Middleware/Authenticate.php(64): Illuminate/Pipeline/Pipeline->Illuminate/Pipeline/{closure}(Object(Illuminate/Http/Request))
#8 C:/laragon/www/usama-fandaqah/vendor/laravel/framework/src/Illuminate/Pipeline/Pipeline.php(209): Illuminate/Auth/Middleware/Authenticate->handle(Object(Illuminate/Http/Request), Object(Closure), 'sanctum')
#9 C:/laragon/www/usama-fandaqah/vendor/laravel/framework/src/Illuminate/Pipeline/Pipeline.php(127): Illuminate/Pipeline/Pipeline->Illuminate/Pipeline/{closure}(Object(Illuminate/Http/Request))
#10 C:/laragon/www/usama-fandaqah/vendor/laravel/framework/src/Illuminate/Routing/Router.php(807): Illuminate/Pipeline/Pipeline->then(Object(Closure))
#11 C:/laragon/www/usama-fandaqah/vendor/laravel/framework/src/Illuminate/Routing/Router.php(786): Illuminate/Routing/Router->runRouteWithinStack(Object(Illuminate/Routing/Route), Object(Illuminate/Http/Request))
#12 C:/laragon/www/usama-fandaqah/vendor/laravel/framework/src/Illuminate/Routing/Router.php(750): Illuminate/Routing/Router->runRoute(Object(Illuminate/Http/Request), Object(Illuminate/Routing/Route))
#13 C:/laragon/www/usama-fandaqah/vendor/laravel/framework/src/Illuminate/Routing/Router.php(739): Illuminate/Routing/Router->dispatchToRoute(Object(Illuminate/Http/Request))
#14 C:/laragon/www/usama-fandaqah/vendor/laravel/framework/src/Illuminate/Foundation/Http/Kernel.php(201): Illuminate/Routing/Router->dispatch(Object(Illuminate/Http/Request))
#15 C:/laragon/www/usama-fandaqah/vendor/laravel/framework/src/Illuminate/Pipeline/Pipeline.php(170): Illuminate/Foundation/Http/Kernel->Illuminate/Foundation/Http/{closure}(Object(Illuminate/Http/Request))
#16 C:/laragon/www/usama-fandaqah/laravelnova/src/Http/Middleware/ServeNova.php(23): Illuminate/Pipeline/Pipeline->Illuminate/Pipeline/{closure}(Object(Illuminate/Http/Request))
#17 C:/laragon/www/usama-fandaqah/vendor/laravel/framework/src/Illuminate/Pipeline/Pipeline.php(209): Laravel/Nova/Http/Middleware/ServeNova->handle(Object(Illuminate/Http/Request), Object(Closure))
#18 C:/laragon/www/usama-fandaqah/vendor/laravel/framework/src/Illuminate/Foundation/Http/Middleware/TransformsRequest.php(21): Illuminate/Pipeline/Pipeline->Illuminate/Pipeline/{closure}(Object(Illuminate/Http/Request))
#19 C:/laragon/www/usama-fandaqah/vendor/laravel/framework/src/Illuminate/Foundation/Http/Middleware/ConvertEmptyStringsToNull.php(31): Illuminate/Foundation/Http/Middleware/TransformsRequest->handle(Object(Illuminate/Http/Request), Object(Closure))
#20 C:/laragon/www/usama-fandaqah/vendor/laravel/framework/src/Illuminate/Pipeline/Pipeline.php(209): Illuminate/Foundation/Http/Middleware/ConvertEmptyStringsToNull->handle(Object(Illuminate/Http/Request), Object(Closure))
#21 C:/laragon/www/usama-fandaqah/vendor/laravel/framework/src/Illuminate/Foundation/Http/Middleware/TransformsRequest.php(21): Illuminate/Pipeline/Pipeline->Illuminate/Pipeline/{closure}(Object(Illuminate/Http/Request))
#22 C:/laragon/www/usama-fandaqah/vendor/laravel/framework/src/Illuminate/Foundation/Http/Middleware/TrimStrings.php(51): Illuminate/Foundation/Http/Middleware/TransformsRequest->handle(Object(Illuminate/Http/Request), Object(Closure))
#23 C:/laragon/www/usama-fandaqah/vendor/laravel/framework/src/Illuminate/Pipeline/Pipeline.php(209): Illuminate/Foundation/Http/Middleware/TrimStrings->handle(Object(Illuminate/Http/Request), Object(Closure))
#24 C:/laragon/www/usama-fandaqah/vendor/laravel/framework/src/Illuminate/Http/Middleware/ValidatePostSize.php(27): Illuminate/Pipeline/Pipeline->Illuminate/Pipeline/{closure}(Object(Illuminate/Http/Request))
#25 C:/laragon/www/usama-fandaqah/vendor/laravel/framework/src/Illuminate/Pipeline/Pipeline.php(209): Illuminate/Http/Middleware/ValidatePostSize->handle(Object(Illuminate/Http/Request), Object(Closure))
#26 C:/laragon/www/usama-fandaqah/vendor/laravel/framework/src/Illuminate/Foundation/Http/Middleware/PreventRequestsDuringMaintenance.php(110): Illuminate/Pipeline/Pipeline->Illuminate/Pipeline/{closure}(Object(Illuminate/Http/Request))
#27 C:/laragon/www/usama-fandaqah/vendor/laravel/framework/src/Illuminate/Pipeline/Pipeline.php(209): Illuminate/Foundation/Http/Middleware/PreventRequestsDuringMaintenance->handle(Object(Illuminate/Http/Request), Object(Closure))
#28 C:/laragon/www/usama-fandaqah/vendor/laravel/framework/src/Illuminate/Http/Middleware/HandleCors.php(62): Illuminate/Pipeline/Pipeline->Illuminate/Pipeline/{closure}(Object(Illuminate/Http/Request))
#29 C:/laragon/www/usama-fandaqah/vendor/laravel/framework/src/Illuminate/Pipeline/Pipeline.php(209): Illuminate/Http/Middleware/HandleCors->handle(Object(Illuminate/Http/Request), Object(Closure))
#30 C:/laragon/www/usama-fandaqah/vendor/laravel/framework/src/Illuminate/Http/Middleware/TrustProxies.php(58): Illuminate/Pipeline/Pipeline->Illuminate/Pipeline/{closure}(Object(Illuminate/Http/Request))
#31 C:/laragon/www/usama-fandaqah/vendor/laravel/framework/src/Illuminate/Pipeline/Pipeline.php(209): Illuminate/Http/Middleware/TrustProxies->handle(Object(Illuminate/Http/Request), Object(Closure))
#32 C:/laragon/www/usama-fandaqah/vendor/laravel/framework/src/Illuminate/Foundation/Http/Middleware/InvokeDeferredCallbacks.php(22): Illuminate/Pipeline/Pipeline->Illuminate/Pipeline/{closure}(Object(Illuminate/Http/Request))
#33 C:/laragon/www/usama-fandaqah/vendor/laravel/framework/src/Illuminate/Pipeline/Pipeline.php(209): Illuminate/Foundation/Http/Middleware/InvokeDeferredCallbacks->handle(Object(Illuminate/Http/Request), Object(Closure))
#34 C:/laragon/www/usama-fandaqah/vendor/laravel/framework/src/Illuminate/Pipeline/Pipeline.php(127): Illuminate/Pipeline/Pipeline->Illuminate/Pipeline/{closure}(Object(Illuminate/Http/Request))
#35 C:/laragon/www/usama-fandaqah/vendor/laravel/framework/src/Illuminate/Foundation/Http/Kernel.php(176): Illuminate/Pipeline/Pipeline->then(Object(Closure))
#36 C:/laragon/www/usama-fandaqah/vendor/laravel/framework/src/Illuminate/Foundation/Http/Kernel.php(145): Illuminate/Foundation/Http/Kernel->sendRequestThroughRouter(Object(Illuminate/Http/Request))
#37 C:/laragon/www/usama-fandaqah/vendor/laravel/framework/src/Illuminate/Foundation/Testing/Concerns/MakesHttpRequests.php(607): Illuminate/Foundation/Http/Kernel->handle(Object(Illuminate/Http/Request))
#38 C:/laragon/www/usama-fandaqah/vendor/laravel/framework/src/Illuminate/Foundation/Testing/Concerns/MakesHttpRequests.php(573): Illuminate/Foundation/Testing/TestCase->call('GET', '/api/dashboard/...', Array, Array, Array, Array, '[]')
#39 C:/laragon/www/usama-fandaqah/vendor/laravel/framework/src/Illuminate/Foundation/Testing/Concerns/MakesHttpRequests.php(381): Illuminate/Foundation/Testing/TestCase->json('GET', '/api/dashboard/...', Array, Array, 0)
#40 C:/laragon/www/usama-fandaqah/tests/Feature/DashboardTest.php(97): Illuminate/Foundation/Testing/TestCase->getJson('/api/dashboard/...')
#41 C:/laragon/www/usama-fandaqah/vendor/phpunit/phpunit/src/Framework/TestCase.php(1667): Tests/Feature/DashboardTest->test_commissions_dashboard_returns_data()
#42 C:/laragon/www/usama-fandaqah/vendor/phpunit/phpunit/src/Framework/TestCase.php(519): PHPUnit/Framework/TestCase->runTest()
#43 C:/laragon/www/usama-fandaqah/vendor/phpunit/phpunit/src/Framework/TestRunner/TestRunner.php(87): PHPUnit/Framework/TestCase->runBare()
#44 C:/laragon/www/usama-fandaqah/vendor/phpunit/phpunit/src/Framework/TestCase.php(365): PHPUnit/Framework/TestRunner->run(Object(Tests/Feature/DashboardTest))
#45 C:/laragon/www/usama-fandaqah/vendor/phpunit/phpunit/src/Framework/TestSuite.php(369): PHPUnit/Framework/TestCase->run()
#46 C:/laragon/www/usama-fandaqah/vendor/phpunit/phpunit/src/TextUI/TestRunner.php(64): PHPUnit/Framework/TestSuite->run()
#47 C:/laragon/www/usama-fandaqah/vendor/phpunit/phpunit/src/TextUI/Application.php(211): PHPUnit/TextUI/TestRunner->run(Object(PHPUnit/TextUI/Configuration/Configuration), Object(PHPUnit/Runner/ResultCache/DefaultResultCache), Object(PHPUnit/Framework/TestSuite))
#48 C:/laragon/www/usama-fandaqah/vendor/phpunit/phpunit/phpunit(104): PHPUnit/TextUI/Application->run(Array)
#49 C:/laragon/www/usama-fandaqah/vendor/bin/phpunit(122): include('C://laragon//www//...')
#50 {main}
"} 
[2026-04-30 14:11:33] local.ERROR: Call to undefined method App\Http\Controllers\Api\DashboardController::authorize() {"userId":23,"exception":"[object] (Error(code: 0): Call to undefined method App\\Http\\Controllers\\Api\\DashboardController::authorize() at C:/laragon/www/usama-fandaqah/app/Http/Controllers/Api/DashboardController.php:147)
[stacktrace]
#0 C:/laragon/www/usama-fandaqah/vendor/laravel/framework/src/Illuminate/Routing/ControllerDispatcher.php(47): App/Http/Controllers/Api/DashboardController->metabase(Object(Illuminate/Http/Request))
#1 C:/laragon/www/usama-fandaqah/vendor/laravel/framework/src/Illuminate/Routing/Route.php(266): Illuminate/Routing/ControllerDispatcher->dispatch(Object(Illuminate/Routing/Route), Object(App/Http/Controllers/Api/DashboardController), 'metabase')
#2 C:/laragon/www/usama-fandaqah/vendor/laravel/framework/src/Illuminate/Routing/Route.php(212): Illuminate/Routing/Route->runController()
#3 C:/laragon/www/usama-fandaqah/vendor/laravel/framework/src/Illuminate/Routing/Router.php(808): Illuminate/Routing/Route->run()
#4 C:/laragon/www/usama-fandaqah/vendor/laravel/framework/src/Illuminate/Pipeline/Pipeline.php(170): Illuminate/Routing/Router->Illuminate/Routing/{closure}(Object(Illuminate/Http/Request))
#5 C:/laragon/www/usama-fandaqah/vendor/laravel/framework/src/Illuminate/Routing/Middleware/SubstituteBindings.php(51): Illuminate/Pipeline/Pipeline->Illuminate/Pipeline/{closure}(Object(Illuminate/Http/Request))
#6 C:/laragon/www/usama-fandaqah/vendor/laravel/framework/src/Illuminate/Pipeline/Pipeline.php(209): Illuminate/Routing/Middleware/SubstituteBindings->handle(Object(Illuminate/Http/Request), Object(Closure))
#7 C:/laragon/www/usama-fandaqah/vendor/laravel/framework/src/Illuminate/Auth/Middleware/Authenticate.php(64): Illuminate/Pipeline/Pipeline->Illuminate/Pipeline/{closure}(Object(Illuminate/Http/Request))
#8 C:/laragon/www/usama-fandaqah/vendor/laravel/framework/src/Illuminate/Pipeline/Pipeline.php(209): Illuminate/Auth/Middleware/Authenticate->handle(Object(Illuminate/Http/Request), Object(Closure), 'sanctum')
#9 C:/laragon/www/usama-fandaqah/vendor/laravel/framework/src/Illuminate/Pipeline/Pipeline.php(127): Illuminate/Pipeline/Pipeline->Illuminate/Pipeline/{closure}(Object(Illuminate/Http/Request))
#10 C:/laragon/www/usama-fandaqah/vendor/laravel/framework/src/Illuminate/Routing/Router.php(807): Illuminate/Pipeline/Pipeline->then(Object(Closure))
#11 C:/laragon/www/usama-fandaqah/vendor/laravel/framework/src/Illuminate/Routing/Router.php(786): Illuminate/Routing/Router->runRouteWithinStack(Object(Illuminate/Routing/Route), Object(Illuminate/Http/Request))
#12 C:/laragon/www/usama-fandaqah/vendor/laravel/framework/src/Illuminate/Routing/Router.php(750): Illuminate/Routing/Router->runRoute(Object(Illuminate/Http/Request), Object(Illuminate/Routing/Route))
#13 C:/laragon/www/usama-fandaqah/vendor/laravel/framework/src/Illuminate/Routing/Router.php(739): Illuminate/Routing/Router->dispatchToRoute(Object(Illuminate/Http/Request))
#14 C:/laragon/www/usama-fandaqah/vendor/laravel/framework/src/Illuminate/Foundation/Http/Kernel.php(201): Illuminate/Routing/Router->dispatch(Object(Illuminate/Http/Request))
#15 C:/laragon/www/usama-fandaqah/vendor/laravel/framework/src/Illuminate/Pipeline/Pipeline.php(170): Illuminate/Foundation/Http/Kernel->Illuminate/Foundation/Http/{closure}(Object(Illuminate/Http/Request))
#16 C:/laragon/www/usama-fandaqah/laravelnova/src/Http/Middleware/ServeNova.php(23): Illuminate/Pipeline/Pipeline->Illuminate/Pipeline/{closure}(Object(Illuminate/Http/Request))
#17 C:/laragon/www/usama-fandaqah/vendor/laravel/framework/src/Illuminate/Pipeline/Pipeline.php(209): Laravel/Nova/Http/Middleware/ServeNova->handle(Object(Illuminate/Http/Request), Object(Closure))
#18 C:/laragon/www/usama-fandaqah/vendor/laravel/framework/src/Illuminate/Foundation/Http/Middleware/TransformsRequest.php(21): Illuminate/Pipeline/Pipeline->Illuminate/Pipeline/{closure}(Object(Illuminate/Http/Request))
#19 C:/laragon/www/usama-fandaqah/vendor/laravel/framework/src/Illuminate/Foundation/Http/Middleware/ConvertEmptyStringsToNull.php(31): Illuminate/Foundation/Http/Middleware/TransformsRequest->handle(Object(Illuminate/Http/Request), Object(Closure))
#20 C:/laragon/www/usama-fandaqah/vendor/laravel/framework/src/Illuminate/Pipeline/Pipeline.php(209): Illuminate/Foundation/Http/Middleware/ConvertEmptyStringsToNull->handle(Object(Illuminate/Http/Request), Object(Closure))
#21 C:/laragon/www/usama-fandaqah/vendor/laravel/framework/src/Illuminate/Foundation/Http/Middleware/TransformsRequest.php(21): Illuminate/Pipeline/Pipeline->Illuminate/Pipeline/{closure}(Object(Illuminate/Http/Request))
#22 C:/laragon/www/usama-fandaqah/vendor/laravel/framework/src/Illuminate/Foundation/Http/Middleware/TrimStrings.php(51): Illuminate/Foundation/Http/Middleware/TransformsRequest->handle(Object(Illuminate/Http/Request), Object(Closure))
#23 C:/laragon/www/usama-fandaqah/vendor/laravel/framework/src/Illuminate/Pipeline/Pipeline.php(209): Illuminate/Foundation/Http/Middleware/TrimStrings->handle(Object(Illuminate/Http/Request), Object(Closure))
#24 C:/laragon/www/usama-fandaqah/vendor/laravel/framework/src/Illuminate/Http/Middleware/ValidatePostSize.php(27): Illuminate/Pipeline/Pipeline->Illuminate/Pipeline/{closure}(Object(Illuminate/Http/Request))
#25 C:/laragon/www/usama-fandaqah/vendor/laravel/framework/src/Illuminate/Pipeline/Pipeline.php(209): Illuminate/Http/Middleware/ValidatePostSize->handle(Object(Illuminate/Http/Request), Object(Closure))
#26 C:/laragon/www/usama-fandaqah/vendor/laravel/framework/src/Illuminate/Foundation/Http/Middleware/PreventRequestsDuringMaintenance.php(110): Illuminate/Pipeline/Pipeline->Illuminate/Pipeline/{closure}(Object(Illuminate/Http/Request))
#27 C:/laragon/www/usama-fandaqah/vendor/laravel/framework/src/Illuminate/Pipeline/Pipeline.php(209): Illuminate/Foundation/Http/Middleware/PreventRequestsDuringMaintenance->handle(Object(Illuminate/Http/Request), Object(Closure))
#28 C:/laragon/www/usama-fandaqah/vendor/laravel/framework/src/Illuminate/Http/Middleware/HandleCors.php(62): Illuminate/Pipeline/Pipeline->Illuminate/Pipeline/{closure}(Object(Illuminate/Http/Request))
#29 C:/laragon/www/usama-fandaqah/vendor/laravel/framework/src/Illuminate/Pipeline/Pipeline.php(209): Illuminate/Http/Middleware/HandleCors->handle(Object(Illuminate/Http/Request), Object(Closure))
#30 C:/laragon/www/usama-fandaqah/vendor/laravel/framework/src/Illuminate/Http/Middleware/TrustProxies.php(58): Illuminate/Pipeline/Pipeline->Illuminate/Pipeline/{closure}(Object(Illuminate/Http/Request))
#31 C:/laragon/www/usama-fandaqah/vendor/laravel/framework/src/Illuminate/Pipeline/Pipeline.php(209): Illuminate/Http/Middleware/TrustProxies->handle(Object(Illuminate/Http/Request), Object(Closure))
#32 C:/laragon/www/usama-fandaqah/vendor/laravel/framework/src/Illuminate/Foundation/Http/Middleware/InvokeDeferredCallbacks.php(22): Illuminate/Pipeline/Pipeline->Illuminate/Pipeline/{closure}(Object(Illuminate/Http/Request))
#33 C:/laragon/www/usama-fandaqah/vendor/laravel/framework/src/Illuminate/Pipeline/Pipeline.php(209): Illuminate/Foundation/Http/Middleware/InvokeDeferredCallbacks->handle(Object(Illuminate/Http/Request), Object(Closure))
#34 C:/laragon/www/usama-fandaqah/vendor/laravel/framework/src/Illuminate/Pipeline/Pipeline.php(127): Illuminate/Pipeline/Pipeline->Illuminate/Pipeline/{closure}(Object(Illuminate/Http/Request))
#35 C:/laragon/www/usama-fandaqah/vendor/laravel/framework/src/Illuminate/Foundation/Http/Kernel.php(176): Illuminate/Pipeline/Pipeline->then(Object(Closure))
#36 C:/laragon/www/usama-fandaqah/vendor/laravel/framework/src/Illuminate/Foundation/Http/Kernel.php(145): Illuminate/Foundation/Http/Kernel->sendRequestThroughRouter(Object(Illuminate/Http/Request))
#37 C:/laragon/www/usama-fandaqah/vendor/laravel/framework/src/Illuminate/Foundation/Testing/Concerns/MakesHttpRequests.php(607): Illuminate/Foundation/Http/Kernel->handle(Object(Illuminate/Http/Request))
#38 C:/laragon/www/usama-fandaqah/vendor/laravel/framework/src/Illuminate/Foundation/Testing/Concerns/MakesHttpRequests.php(573): Illuminate/Foundation/Testing/TestCase->call('GET', '/api/dashboard/...', Array, Array, Array, Array, '[]')
#39 C:/laragon/www/usama-fandaqah/vendor/laravel/framework/src/Illuminate/Foundation/Testing/Concerns/MakesHttpRequests.php(381): Illuminate/Foundation/Testing/TestCase->json('GET', '/api/dashboard/...', Array, Array, 0)
#40 C:/laragon/www/usama-fandaqah/tests/Feature/DashboardTest.php(105): Illuminate/Foundation/Testing/TestCase->getJson('/api/dashboard/...')
#41 C:/laragon/www/usama-fandaqah/vendor/phpunit/phpunit/src/Framework/TestCase.php(1667): Tests/Feature/DashboardTest->test_metabase_dashboard_returns_data()
#42 C:/laragon/www/usama-fandaqah/vendor/phpunit/phpunit/src/Framework/TestCase.php(519): PHPUnit/Framework/TestCase->runTest()
#43 C:/laragon/www/usama-fandaqah/vendor/phpunit/phpunit/src/Framework/TestRunner/TestRunner.php(87): PHPUnit/Framework/TestCase->runBare()
#44 C:/laragon/www/usama-fandaqah/vendor/phpunit/phpunit/src/Framework/TestCase.php(365): PHPUnit/Framework/TestRunner->run(Object(Tests/Feature/DashboardTest))
#45 C:/laragon/www/usama-fandaqah/vendor/phpunit/phpunit/src/Framework/TestSuite.php(369): PHPUnit/Framework/TestCase->run()
#46 C:/laragon/www/usama-fandaqah/vendor/phpunit/phpunit/src/TextUI/TestRunner.php(64): PHPUnit/Framework/TestSuite->run()
#47 C:/laragon/www/usama-fandaqah/vendor/phpunit/phpunit/src/TextUI/Application.php(211): PHPUnit/TextUI/TestRunner->run(Object(PHPUnit/TextUI/Configuration/Configuration), Object(PHPUnit/Runner/ResultCache/DefaultResultCache), Object(PHPUnit/Framework/TestSuite))
#48 C:/laragon/www/usama-fandaqah/vendor/phpunit/phpunit/phpunit(104): PHPUnit/TextUI/Application->run(Array)
#49 C:/laragon/www/usama-fandaqah/vendor/bin/phpunit(122): include('C://laragon//www//...')
#50 {main}
"} 
[2026-04-30 14:29:43] local.ERROR: Target class [Database\Seeders\PermissionSeeder] does not exist. {"exception":"[object] (Illuminate\\Contracts\\Container\\BindingResolutionException(code: 0): Target class [Database\\Seeders\\PermissionSeeder] does not exist. at C:/laragon/www/usama-fandaqah/vendor/laravel/framework/src/Illuminate/Container/Container.php:961)
[stacktrace]
#0 C:/laragon/www/usama-fandaqah/vendor/laravel/framework/src/Illuminate/Container/Container.php(832): Illuminate/Container/Container->build('Database//Seeder...')
#1 C:/laragon/www/usama-fandaqah/vendor/laravel/framework/src/Illuminate/Foundation/Application.php(1078): Illuminate/Container/Container->resolve('Database//Seeder...', Array, true)
#2 C:/laragon/www/usama-fandaqah/vendor/laravel/framework/src/Illuminate/Container/Container.php(763): Illuminate/Foundation/Application->resolve('Database//Seeder...', Array)
#3 C:/laragon/www/usama-fandaqah/vendor/laravel/framework/src/Illuminate/Foundation/Application.php(1058): Illuminate/Container/Container->make('Database//Seeder...', Array)
#4 C:/laragon/www/usama-fandaqah/vendor/laravel/framework/src/Illuminate/Database/Console/Seeds/SeedCommand.php(98): Illuminate/Foundation/Application->make('Database//Seeder...')
#5 C:/laragon/www/usama-fandaqah/vendor/laravel/framework/src/Illuminate/Database/Console/Seeds/SeedCommand.php(70): Illuminate/Database/Console/Seeds/SeedCommand->getSeeder()
#6 C:/laragon/www/usama-fandaqah/vendor/laravel/framework/src/Illuminate/Database/Eloquent/Concerns/GuardsAttributes.php(155): Illuminate/Database/Console/Seeds/SeedCommand->Illuminate/Database/Console/Seeds/{closure}()
#7 C:/laragon/www/usama-fandaqah/vendor/laravel/framework/src/Illuminate/Database/Console/Seeds/SeedCommand.php(69): Illuminate/Database/Eloquent/Model::unguarded(Object(Closure))
#8 C:/laragon/www/usama-fandaqah/vendor/laravel/framework/src/Illuminate/Container/BoundMethod.php(36): Illuminate/Database/Console/Seeds/SeedCommand->handle()
#9 C:/laragon/www/usama-fandaqah/vendor/laravel/framework/src/Illuminate/Container/Util.php(43): Illuminate/Container/BoundMethod::Illuminate/Container/{closure}()
#10 C:/laragon/www/usama-fandaqah/vendor/laravel/framework/src/Illuminate/Container/BoundMethod.php(95): Illuminate/Container/Util::unwrapIfClosure(Object(Closure))
#11 C:/laragon/www/usama-fandaqah/vendor/laravel/framework/src/Illuminate/Container/BoundMethod.php(35): Illuminate/Container/BoundMethod::callBoundMethod(Object(Illuminate/Foundation/Application), Array, Object(Closure))
#12 C:/laragon/www/usama-fandaqah/vendor/laravel/framework/src/Illuminate/Container/Container.php(696): Illuminate/Container/BoundMethod::call(Object(Illuminate/Foundation/Application), Array, Array, NULL)
#13 C:/laragon/www/usama-fandaqah/vendor/laravel/framework/src/Illuminate/Console/Command.php(213): Illuminate/Container/Container->call(Array)
#14 C:/laragon/www/usama-fandaqah/vendor/symfony/console/Command/Command.php(341): Illuminate/Console/Command->execute(Object(Symfony/Component/Console/Input/ArgvInput), Object(Illuminate/Console/OutputStyle))
#15 C:/laragon/www/usama-fandaqah/vendor/laravel/framework/src/Illuminate/Console/Command.php(182): Symfony/Component/Console/Command/Command->run(Object(Symfony/Component/Console/Input/ArgvInput), Object(Illuminate/Console/OutputStyle))
#16 C:/laragon/www/usama-fandaqah/vendor/symfony/console/Application.php(1117): Illuminate/Console/Command->run(Object(Symfony/Component/Console/Input/ArgvInput), Object(Symfony/Component/Console/Output/ConsoleOutput))
#17 C:/laragon/www/usama-fandaqah/vendor/symfony/console/Application.php(356): Symfony/Component/Console/Application->doRunCommand(Object(Illuminate/Database/Console/Seeds/SeedCommand), Object(Symfony/Component/Console/Input/ArgvInput), Object(Symfony/Component/Console/Output/ConsoleOutput))
#18 C:/laragon/www/usama-fandaqah/vendor/symfony/console/Application.php(195): Symfony/Component/Console/Application->doRun(Object(Symfony/Component/Console/Input/ArgvInput), Object(Symfony/Component/Console/Output/ConsoleOutput))
#19 C:/laragon/www/usama-fandaqah/vendor/laravel/framework/src/Illuminate/Foundation/Console/Kernel.php(198): Symfony/Component/Console/Application->run(Object(Symfony/Component/Console/Input/ArgvInput), Object(Symfony/Component/Console/Output/ConsoleOutput))
#20 C:/laragon/www/usama-fandaqah/vendor/laravel/framework/src/Illuminate/Foundation/Application.php(1235): Illuminate/Foundation/Console/Kernel->handle(Object(Symfony/Component/Console/Input/ArgvInput), Object(Symfony/Component/Console/Output/ConsoleOutput))
#21 C:/laragon/www/usama-fandaqah/artisan(20): Illuminate/Foundation/Application->handleCommand(Object(Symfony/Component/Console/Input/ArgvInput))
#22 {main}

[previous exception] [object] (ReflectionException(code: -1): Class \"Database\\Seeders\\PermissionSeeder\" does not exist at C:/laragon/www/usama-fandaqah/vendor/laravel/framework/src/Illuminate/Container/Container.php:959)
[stacktrace]
#0 C:/laragon/www/usama-fandaqah/vendor/laravel/framework/src/Illuminate/Container/Container.php(959): ReflectionClass->__construct('Database//Seeder...')
#1 C:/laragon/www/usama-fandaqah/vendor/laravel/framework/src/Illuminate/Container/Container.php(832): Illuminate/Container/Container->build('Database//Seeder...')
#2 C:/laragon/www/usama-fandaqah/vendor/laravel/framework/src/Illuminate/Foundation/Application.php(1078): Illuminate/Container/Container->resolve('Database//Seeder...', Array, true)
#3 C:/laragon/www/usama-fandaqah/vendor/laravel/framework/src/Illuminate/Container/Container.php(763): Illuminate/Foundation/Application->resolve('Database//Seeder...', Array)
#4 C:/laragon/www/usama-fandaqah/vendor/laravel/framework/src/Illuminate/Foundation/Application.php(1058): Illuminate/Container/Container->make('Database//Seeder...', Array)
#5 C:/laragon/www/usama-fandaqah/vendor/laravel/framework/src/Illuminate/Database/Console/Seeds/SeedCommand.php(98): Illuminate/Foundation/Application->make('Database//Seeder...')
#6 C:/laragon/www/usama-fandaqah/vendor/laravel/framework/src/Illuminate/Database/Console/Seeds/SeedCommand.php(70): Illuminate/Database/Console/Seeds/SeedCommand->getSeeder()
#7 C:/laragon/www/usama-fandaqah/vendor/laravel/framework/src/Illuminate/Database/Eloquent/Concerns/GuardsAttributes.php(155): Illuminate/Database/Console/Seeds/SeedCommand->Illuminate/Database/Console/Seeds/{closure}()
#8 C:/laragon/www/usama-fandaqah/vendor/laravel/framework/src/Illuminate/Database/Console/Seeds/SeedCommand.php(69): Illuminate/Database/Eloquent/Model::unguarded(Object(Closure))
#9 C:/laragon/www/usama-fandaqah/vendor/laravel/framework/src/Illuminate/Container/BoundMethod.php(36): Illuminate/Database/Console/Seeds/SeedCommand->handle()
#10 C:/laragon/www/usama-fandaqah/vendor/laravel/framework/src/Illuminate/Container/Util.php(43): Illuminate/Container/BoundMethod::Illuminate/Container/{closure}()
#11 C:/laragon/www/usama-fandaqah/vendor/laravel/framework/src/Illuminate/Container/BoundMethod.php(95): Illuminate/Container/Util::unwrapIfClosure(Object(Closure))
#12 C:/laragon/www/usama-fandaqah/vendor/laravel/framework/src/Illuminate/Container/BoundMethod.php(35): Illuminate/Container/BoundMethod::callBoundMethod(Object(Illuminate/Foundation/Application), Array, Object(Closure))
#13 C:/laragon/www/usama-fandaqah/vendor/laravel/framework/src/Illuminate/Container/Container.php(696): Illuminate/Container/BoundMethod::call(Object(Illuminate/Foundation/Application), Array, Array, NULL)
#14 C:/laragon/www/usama-fandaqah/vendor/laravel/framework/src/Illuminate/Console/Command.php(213): Illuminate/Container/Container->call(Array)
#15 C:/laragon/www/usama-fandaqah/vendor/symfony/console/Command/Command.php(341): Illuminate/Console/Command->execute(Object(Symfony/Component/Console/Input/ArgvInput), Object(Illuminate/Console/OutputStyle))
#16 C:/laragon/www/usama-fandaqah/vendor/laravel/framework/src/Illuminate/Console/Command.php(182): Symfony/Component/Console/Command/Command->run(Object(Symfony/Component/Console/Input/ArgvInput), Object(Illuminate/Console/OutputStyle))
#17 C:/laragon/www/usama-fandaqah/vendor/symfony/console/Application.php(1117): Illuminate/Console/Command->run(Object(Symfony/Component/Console/Input/ArgvInput), Object(Symfony/Component/Console/Output/ConsoleOutput))
#18 C:/laragon/www/usama-fandaqah/vendor/symfony/console/Application.php(356): Symfony/Component/Console/Application->doRunCommand(Object(Illuminate/Database/Console/Seeds/SeedCommand), Object(Symfony/Component/Console/Input/ArgvInput), Object(Symfony/Component/Console/Output/ConsoleOutput))
#19 C:/laragon/www/usama-fandaqah/vendor/symfony/console/Application.php(195): Symfony/Component/Console/Application->doRun(Object(Symfony/Component/Console/Input/ArgvInput), Object(Symfony/Component/Console/Output/ConsoleOutput))
#20 C:/laragon/www/usama-fandaqah/vendor/laravel/framework/src/Illuminate/Foundation/Console/Kernel.php(198): Symfony/Component/Console/Application->run(Object(Symfony/Component/Console/Input/ArgvInput), Object(Symfony/Component/Console/Output/ConsoleOutput))
#21 C:/laragon/www/usama-fandaqah/vendor/laravel/framework/src/Illuminate/Foundation/Application.php(1235): Illuminate/Foundation/Console/Kernel->handle(Object(Symfony/Component/Console/Input/ArgvInput), Object(Symfony/Component/Console/Output/ConsoleOutput))
#22 C:/laragon/www/usama-fandaqah/artisan(20): Illuminate/Foundation/Application->handleCommand(Object(Symfony/Component/Console/Input/ArgvInput))
#23 {main}
"} 
[2026-04-30 14:32:17] local.ERROR: Call to undefined method App\Http\Controllers\Api\NightAuditController::authorize() {"userId":33,"exception":"[object] (Error(code: 0): Call to undefined method App\\Http\\Controllers\\Api\\NightAuditController::authorize() at C:/laragon/www/usama-fandaqah/app/Http/Controllers/Api/NightAuditController.php:30)
[stacktrace]
#0 C:/laragon/www/usama-fandaqah/vendor/laravel/framework/src/Illuminate/Routing/ControllerDispatcher.php(47): App/Http/Controllers/Api/NightAuditController->run(Object(Illuminate/Http/Request))
#1 C:/laragon/www/usama-fandaqah/vendor/laravel/framework/src/Illuminate/Routing/Route.php(266): Illuminate/Routing/ControllerDispatcher->dispatch(Object(Illuminate/Routing/Route), Object(App/Http/Controllers/Api/NightAuditController), 'run')
#2 C:/laragon/www/usama-fandaqah/vendor/laravel/framework/src/Illuminate/Routing/Route.php(212): Illuminate/Routing/Route->runController()
#3 C:/laragon/www/usama-fandaqah/vendor/laravel/framework/src/Illuminate/Routing/Router.php(808): Illuminate/Routing/Route->run()
#4 C:/laragon/www/usama-fandaqah/vendor/laravel/framework/src/Illuminate/Pipeline/Pipeline.php(170): Illuminate/Routing/Router->Illuminate/Routing/{closure}(Object(Illuminate/Http/Request))
#5 C:/laragon/www/usama-fandaqah/vendor/laravel/framework/src/Illuminate/Routing/Middleware/SubstituteBindings.php(51): Illuminate/Pipeline/Pipeline->Illuminate/Pipeline/{closure}(Object(Illuminate/Http/Request))
#6 C:/laragon/www/usama-fandaqah/vendor/laravel/framework/src/Illuminate/Pipeline/Pipeline.php(209): Illuminate/Routing/Middleware/SubstituteBindings->handle(Object(Illuminate/Http/Request), Object(Closure))
#7 C:/laragon/www/usama-fandaqah/vendor/laravel/framework/src/Illuminate/Auth/Middleware/Authenticate.php(64): Illuminate/Pipeline/Pipeline->Illuminate/Pipeline/{closure}(Object(Illuminate/Http/Request))
#8 C:/laragon/www/usama-fandaqah/vendor/laravel/framework/src/Illuminate/Pipeline/Pipeline.php(209): Illuminate/Auth/Middleware/Authenticate->handle(Object(Illuminate/Http/Request), Object(Closure), 'sanctum')
#9 C:/laragon/www/usama-fandaqah/vendor/laravel/framework/src/Illuminate/Pipeline/Pipeline.php(127): Illuminate/Pipeline/Pipeline->Illuminate/Pipeline/{closure}(Object(Illuminate/Http/Request))
#10 C:/laragon/www/usama-fandaqah/vendor/laravel/framework/src/Illuminate/Routing/Router.php(807): Illuminate/Pipeline/Pipeline->then(Object(Closure))
#11 C:/laragon/www/usama-fandaqah/vendor/laravel/framework/src/Illuminate/Routing/Router.php(786): Illuminate/Routing/Router->runRouteWithinStack(Object(Illuminate/Routing/Route), Object(Illuminate/Http/Request))
#12 C:/laragon/www/usama-fandaqah/vendor/laravel/framework/src/Illuminate/Routing/Router.php(750): Illuminate/Routing/Router->runRoute(Object(Illuminate/Http/Request), Object(Illuminate/Routing/Route))
#13 C:/laragon/www/usama-fandaqah/vendor/laravel/framework/src/Illuminate/Routing/Router.php(739): Illuminate/Routing/Router->dispatchToRoute(Object(Illuminate/Http/Request))
#14 C:/laragon/www/usama-fandaqah/vendor/laravel/framework/src/Illuminate/Foundation/Http/Kernel.php(201): Illuminate/Routing/Router->dispatch(Object(Illuminate/Http/Request))
#15 C:/laragon/www/usama-fandaqah/vendor/laravel/framework/src/Illuminate/Pipeline/Pipeline.php(170): Illuminate/Foundation/Http/Kernel->Illuminate/Foundation/Http/{closure}(Object(Illuminate/Http/Request))
#16 C:/laragon/www/usama-fandaqah/laravelnova/src/Http/Middleware/ServeNova.php(23): Illuminate/Pipeline/Pipeline->Illuminate/Pipeline/{closure}(Object(Illuminate/Http/Request))
#17 C:/laragon/www/usama-fandaqah/vendor/laravel/framework/src/Illuminate/Pipeline/Pipeline.php(209): Laravel/Nova/Http/Middleware/ServeNova->handle(Object(Illuminate/Http/Request), Object(Closure))
#18 C:/laragon/www/usama-fandaqah/vendor/laravel/framework/src/Illuminate/Foundation/Http/Middleware/TransformsRequest.php(21): Illuminate/Pipeline/Pipeline->Illuminate/Pipeline/{closure}(Object(Illuminate/Http/Request))
#19 C:/laragon/www/usama-fandaqah/vendor/laravel/framework/src/Illuminate/Foundation/Http/Middleware/ConvertEmptyStringsToNull.php(31): Illuminate/Foundation/Http/Middleware/TransformsRequest->handle(Object(Illuminate/Http/Request), Object(Closure))
#20 C:/laragon/www/usama-fandaqah/vendor/laravel/framework/src/Illuminate/Pipeline/Pipeline.php(209): Illuminate/Foundation/Http/Middleware/ConvertEmptyStringsToNull->handle(Object(Illuminate/Http/Request), Object(Closure))
#21 C:/laragon/www/usama-fandaqah/vendor/laravel/framework/src/Illuminate/Foundation/Http/Middleware/TransformsRequest.php(21): Illuminate/Pipeline/Pipeline->Illuminate/Pipeline/{closure}(Object(Illuminate/Http/Request))
#22 C:/laragon/www/usama-fandaqah/vendor/laravel/framework/src/Illuminate/Foundation/Http/Middleware/TrimStrings.php(51): Illuminate/Foundation/Http/Middleware/TransformsRequest->handle(Object(Illuminate/Http/Request), Object(Closure))
#23 C:/laragon/www/usama-fandaqah/vendor/laravel/framework/src/Illuminate/Pipeline/Pipeline.php(209): Illuminate/Foundation/Http/Middleware/TrimStrings->handle(Object(Illuminate/Http/Request), Object(Closure))
#24 C:/laragon/www/usama-fandaqah/vendor/laravel/framework/src/Illuminate/Http/Middleware/ValidatePostSize.php(27): Illuminate/Pipeline/Pipeline->Illuminate/Pipeline/{closure}(Object(Illuminate/Http/Request))
#25 C:/laragon/www/usama-fandaqah/vendor/laravel/framework/src/Illuminate/Pipeline/Pipeline.php(209): Illuminate/Http/Middleware/ValidatePostSize->handle(Object(Illuminate/Http/Request), Object(Closure))
#26 C:/laragon/www/usama-fandaqah/vendor/laravel/framework/src/Illuminate/Foundation/Http/Middleware/PreventRequestsDuringMaintenance.php(110): Illuminate/Pipeline/Pipeline->Illuminate/Pipeline/{closure}(Object(Illuminate/Http/Request))
#27 C:/laragon/www/usama-fandaqah/vendor/laravel/framework/src/Illuminate/Pipeline/Pipeline.php(209): Illuminate/Foundation/Http/Middleware/PreventRequestsDuringMaintenance->handle(Object(Illuminate/Http/Request), Object(Closure))
#28 C:/laragon/www/usama-fandaqah/vendor/laravel/framework/src/Illuminate/Http/Middleware/HandleCors.php(62): Illuminate/Pipeline/Pipeline->Illuminate/Pipeline/{closure}(Object(Illuminate/Http/Request))
#29 C:/laragon/www/usama-fandaqah/vendor/laravel/framework/src/Illuminate/Pipeline/Pipeline.php(209): Illuminate/Http/Middleware/HandleCors->handle(Object(Illuminate/Http/Request), Object(Closure))
#30 C:/laragon/www/usama-fandaqah/vendor/laravel/framework/src/Illuminate/Http/Middleware/TrustProxies.php(58): Illuminate/Pipeline/Pipeline->Illuminate/Pipeline/{closure}(Object(Illuminate/Http/Request))
#31 C:/laragon/www/usama-fandaqah/vendor/laravel/framework/src/Illuminate/Pipeline/Pipeline.php(209): Illuminate/Http/Middleware/TrustProxies->handle(Object(Illuminate/Http/Request), Object(Closure))
#32 C:/laragon/www/usama-fandaqah/vendor/laravel/framework/src/Illuminate/Foundation/Http/Middleware/InvokeDeferredCallbacks.php(22): Illuminate/Pipeline/Pipeline->Illuminate/Pipeline/{closure}(Object(Illuminate/Http/Request))
#33 C:/laragon/www/usama-fandaqah/vendor/laravel/framework/src/Illuminate/Pipeline/Pipeline.php(209): Illuminate/Foundation/Http/Middleware/InvokeDeferredCallbacks->handle(Object(Illuminate/Http/Request), Object(Closure))
#34 C:/laragon/www/usama-fandaqah/vendor/laravel/framework/src/Illuminate/Pipeline/Pipeline.php(127): Illuminate/Pipeline/Pipeline->Illuminate/Pipeline/{closure}(Object(Illuminate/Http/Request))
#35 C:/laragon/www/usama-fandaqah/vendor/laravel/framework/src/Illuminate/Foundation/Http/Kernel.php(176): Illuminate/Pipeline/Pipeline->then(Object(Closure))
#36 C:/laragon/www/usama-fandaqah/vendor/laravel/framework/src/Illuminate/Foundation/Http/Kernel.php(145): Illuminate/Foundation/Http/Kernel->sendRequestThroughRouter(Object(Illuminate/Http/Request))
#37 C:/laragon/www/usama-fandaqah/vendor/laravel/framework/src/Illuminate/Foundation/Testing/Concerns/MakesHttpRequests.php(607): Illuminate/Foundation/Http/Kernel->handle(Object(Illuminate/Http/Request))
#38 C:/laragon/www/usama-fandaqah/vendor/laravel/framework/src/Illuminate/Foundation/Testing/Concerns/MakesHttpRequests.php(573): Illuminate/Foundation/Testing/TestCase->call('POST', '/api/night-audi...', Array, Array, Array, Array, '[]')
#39 C:/laragon/www/usama-fandaqah/vendor/laravel/framework/src/Illuminate/Foundation/Testing/Concerns/MakesHttpRequests.php(411): Illuminate/Foundation/Testing/TestCase->json('POST', '/api/night-audi...', Array, Array, 0)
#40 C:/laragon/www/usama-fandaqah/tests/Feature/NightAuditEngineTest.php(96): Illuminate/Foundation/Testing/TestCase->postJson('/api/night-audi...')
#41 C:/laragon/www/usama-fandaqah/vendor/phpunit/phpunit/src/Framework/TestCase.php(1667): Tests/Feature/NightAuditEngineTest->test_audit_runs_successfully_and_advances_date()
#42 C:/laragon/www/usama-fandaqah/vendor/phpunit/phpunit/src/Framework/TestCase.php(519): PHPUnit/Framework/TestCase->runTest()
#43 C:/laragon/www/usama-fandaqah/vendor/phpunit/phpunit/src/Framework/TestRunner/TestRunner.php(87): PHPUnit/Framework/TestCase->runBare()
#44 C:/laragon/www/usama-fandaqah/vendor/phpunit/phpunit/src/Framework/TestCase.php(365): PHPUnit/Framework/TestRunner->run(Object(Tests/Feature/NightAuditEngineTest))
#45 C:/laragon/www/usama-fandaqah/vendor/phpunit/phpunit/src/Framework/TestSuite.php(369): PHPUnit/Framework/TestCase->run()
#46 C:/laragon/www/usama-fandaqah/vendor/phpunit/phpunit/src/TextUI/TestRunner.php(64): PHPUnit/Framework/TestSuite->run()
#47 C:/laragon/www/usama-fandaqah/vendor/phpunit/phpunit/src/TextUI/Application.php(211): PHPUnit/TextUI/TestRunner->run(Object(PHPUnit/TextUI/Configuration/Configuration), Object(PHPUnit/Runner/ResultCache/DefaultResultCache), Object(PHPUnit/Framework/TestSuite))
#48 C:/laragon/www/usama-fandaqah/vendor/phpunit/phpunit/phpunit(104): PHPUnit/TextUI/Application->run(Array)
#49 C:/laragon/www/usama-fandaqah/vendor/bin/phpunit(122): include('C://laragon//www//...')
#50 {main}
"} 
[2026-04-30 14:32:17] local.ERROR: Call to undefined method App\Http\Controllers\Api\NightAuditController::authorize() {"userId":34,"exception":"[object] (Error(code: 0): Call to undefined method App\\Http\\Controllers\\Api\\NightAuditController::authorize() at C:/laragon/www/usama-fandaqah/app/Http/Controllers/Api/NightAuditController.php:30)
[stacktrace]
#0 C:/laragon/www/usama-fandaqah/vendor/laravel/framework/src/Illuminate/Routing/ControllerDispatcher.php(47): App/Http/Controllers/Api/NightAuditController->run(Object(Illuminate/Http/Request))
#1 C:/laragon/www/usama-fandaqah/vendor/laravel/framework/src/Illuminate/Routing/Route.php(266): Illuminate/Routing/ControllerDispatcher->dispatch(Object(Illuminate/Routing/Route), Object(App/Http/Controllers/Api/NightAuditController), 'run')
#2 C:/laragon/www/usama-fandaqah/vendor/laravel/framework/src/Illuminate/Routing/Route.php(212): Illuminate/Routing/Route->runController()
#3 C:/laragon/www/usama-fandaqah/vendor/laravel/framework/src/Illuminate/Routing/Router.php(808): Illuminate/Routing/Route->run()
#4 C:/laragon/www/usama-fandaqah/vendor/laravel/framework/src/Illuminate/Pipeline/Pipeline.php(170): Illuminate/Routing/Router->Illuminate/Routing/{closure}(Object(Illuminate/Http/Request))
#5 C:/laragon/www/usama-fandaqah/vendor/laravel/framework/src/Illuminate/Routing/Middleware/SubstituteBindings.php(51): Illuminate/Pipeline/Pipeline->Illuminate/Pipeline/{closure}(Object(Illuminate/Http/Request))
#6 C:/laragon/www/usama-fandaqah/vendor/laravel/framework/src/Illuminate/Pipeline/Pipeline.php(209): Illuminate/Routing/Middleware/SubstituteBindings->handle(Object(Illuminate/Http/Request), Object(Closure))
#7 C:/laragon/www/usama-fandaqah/vendor/laravel/framework/src/Illuminate/Auth/Middleware/Authenticate.php(64): Illuminate/Pipeline/Pipeline->Illuminate/Pipeline/{closure}(Object(Illuminate/Http/Request))
#8 C:/laragon/www/usama-fandaqah/vendor/laravel/framework/src/Illuminate/Pipeline/Pipeline.php(209): Illuminate/Auth/Middleware/Authenticate->handle(Object(Illuminate/Http/Request), Object(Closure), 'sanctum')
#9 C:/laragon/www/usama-fandaqah/vendor/laravel/framework/src/Illuminate/Pipeline/Pipeline.php(127): Illuminate/Pipeline/Pipeline->Illuminate/Pipeline/{closure}(Object(Illuminate/Http/Request))
#10 C:/laragon/www/usama-fandaqah/vendor/laravel/framework/src/Illuminate/Routing/Router.php(807): Illuminate/Pipeline/Pipeline->then(Object(Closure))
#11 C:/laragon/www/usama-fandaqah/vendor/laravel/framework/src/Illuminate/Routing/Router.php(786): Illuminate/Routing/Router->runRouteWithinStack(Object(Illuminate/Routing/Route), Object(Illuminate/Http/Request))
#12 C:/laragon/www/usama-fandaqah/vendor/laravel/framework/src/Illuminate/Routing/Router.php(750): Illuminate/Routing/Router->runRoute(Object(Illuminate/Http/Request), Object(Illuminate/Routing/Route))
#13 C:/laragon/www/usama-fandaqah/vendor/laravel/framework/src/Illuminate/Routing/Router.php(739): Illuminate/Routing/Router->dispatchToRoute(Object(Illuminate/Http/Request))
#14 C:/laragon/www/usama-fandaqah/vendor/laravel/framework/src/Illuminate/Foundation/Http/Kernel.php(201): Illuminate/Routing/Router->dispatch(Object(Illuminate/Http/Request))
#15 C:/laragon/www/usama-fandaqah/vendor/laravel/framework/src/Illuminate/Pipeline/Pipeline.php(170): Illuminate/Foundation/Http/Kernel->Illuminate/Foundation/Http/{closure}(Object(Illuminate/Http/Request))
#16 C:/laragon/www/usama-fandaqah/laravelnova/src/Http/Middleware/ServeNova.php(23): Illuminate/Pipeline/Pipeline->Illuminate/Pipeline/{closure}(Object(Illuminate/Http/Request))
#17 C:/laragon/www/usama-fandaqah/vendor/laravel/framework/src/Illuminate/Pipeline/Pipeline.php(209): Laravel/Nova/Http/Middleware/ServeNova->handle(Object(Illuminate/Http/Request), Object(Closure))
#18 C:/laragon/www/usama-fandaqah/vendor/laravel/framework/src/Illuminate/Foundation/Http/Middleware/TransformsRequest.php(21): Illuminate/Pipeline/Pipeline->Illuminate/Pipeline/{closure}(Object(Illuminate/Http/Request))
#19 C:/laragon/www/usama-fandaqah/vendor/laravel/framework/src/Illuminate/Foundation/Http/Middleware/ConvertEmptyStringsToNull.php(31): Illuminate/Foundation/Http/Middleware/TransformsRequest->handle(Object(Illuminate/Http/Request), Object(Closure))
#20 C:/laragon/www/usama-fandaqah/vendor/laravel/framework/src/Illuminate/Pipeline/Pipeline.php(209): Illuminate/Foundation/Http/Middleware/ConvertEmptyStringsToNull->handle(Object(Illuminate/Http/Request), Object(Closure))
#21 C:/laragon/www/usama-fandaqah/vendor/laravel/framework/src/Illuminate/Foundation/Http/Middleware/TransformsRequest.php(21): Illuminate/Pipeline/Pipeline->Illuminate/Pipeline/{closure}(Object(Illuminate/Http/Request))
#22 C:/laragon/www/usama-fandaqah/vendor/laravel/framework/src/Illuminate/Foundation/Http/Middleware/TrimStrings.php(51): Illuminate/Foundation/Http/Middleware/TransformsRequest->handle(Object(Illuminate/Http/Request), Object(Closure))
#23 C:/laragon/www/usama-fandaqah/vendor/laravel/framework/src/Illuminate/Pipeline/Pipeline.php(209): Illuminate/Foundation/Http/Middleware/TrimStrings->handle(Object(Illuminate/Http/Request), Object(Closure))
#24 C:/laragon/www/usama-fandaqah/vendor/laravel/framework/src/Illuminate/Http/Middleware/ValidatePostSize.php(27): Illuminate/Pipeline/Pipeline->Illuminate/Pipeline/{closure}(Object(Illuminate/Http/Request))
#25 C:/laragon/www/usama-fandaqah/vendor/laravel/framework/src/Illuminate/Pipeline/Pipeline.php(209): Illuminate/Http/Middleware/ValidatePostSize->handle(Object(Illuminate/Http/Request), Object(Closure))
#26 C:/laragon/www/usama-fandaqah/vendor/laravel/framework/src/Illuminate/Foundation/Http/Middleware/PreventRequestsDuringMaintenance.php(110): Illuminate/Pipeline/Pipeline->Illuminate/Pipeline/{closure}(Object(Illuminate/Http/Request))
#27 C:/laragon/www/usama-fandaqah/vendor/laravel/framework/src/Illuminate/Pipeline/Pipeline.php(209): Illuminate/Foundation/Http/Middleware/PreventRequestsDuringMaintenance->handle(Object(Illuminate/Http/Request), Object(Closure))
#28 C:/laragon/www/usama-fandaqah/vendor/laravel/framework/src/Illuminate/Http/Middleware/HandleCors.php(62): Illuminate/Pipeline/Pipeline->Illuminate/Pipeline/{closure}(Object(Illuminate/Http/Request))
#29 C:/laragon/www/usama-fandaqah/vendor/laravel/framework/src/Illuminate/Pipeline/Pipeline.php(209): Illuminate/Http/Middleware/HandleCors->handle(Object(Illuminate/Http/Request), Object(Closure))
#30 C:/laragon/www/usama-fandaqah/vendor/laravel/framework/src/Illuminate/Http/Middleware/TrustProxies.php(58): Illuminate/Pipeline/Pipeline->Illuminate/Pipeline/{closure}(Object(Illuminate/Http/Request))
#31 C:/laragon/www/usama-fandaqah/vendor/laravel/framework/src/Illuminate/Pipeline/Pipeline.php(209): Illuminate/Http/Middleware/TrustProxies->handle(Object(Illuminate/Http/Request), Object(Closure))
#32 C:/laragon/www/usama-fandaqah/vendor/laravel/framework/src/Illuminate/Foundation/Http/Middleware/InvokeDeferredCallbacks.php(22): Illuminate/Pipeline/Pipeline->Illuminate/Pipeline/{closure}(Object(Illuminate/Http/Request))
#33 C:/laragon/www/usama-fandaqah/vendor/laravel/framework/src/Illuminate/Pipeline/Pipeline.php(209): Illuminate/Foundation/Http/Middleware/InvokeDeferredCallbacks->handle(Object(Illuminate/Http/Request), Object(Closure))
#34 C:/laragon/www/usama-fandaqah/vendor/laravel/framework/src/Illuminate/Pipeline/Pipeline.php(127): Illuminate/Pipeline/Pipeline->Illuminate/Pipeline/{closure}(Object(Illuminate/Http/Request))
#35 C:/laragon/www/usama-fandaqah/vendor/laravel/framework/src/Illuminate/Foundation/Http/Kernel.php(176): Illuminate/Pipeline/Pipeline->then(Object(Closure))
#36 C:/laragon/www/usama-fandaqah/vendor/laravel/framework/src/Illuminate/Foundation/Http/Kernel.php(145): Illuminate/Foundation/Http/Kernel->sendRequestThroughRouter(Object(Illuminate/Http/Request))
#37 C:/laragon/www/usama-fandaqah/vendor/laravel/framework/src/Illuminate/Foundation/Testing/Concerns/MakesHttpRequests.php(607): Illuminate/Foundation/Http/Kernel->handle(Object(Illuminate/Http/Request))
#38 C:/laragon/www/usama-fandaqah/vendor/laravel/framework/src/Illuminate/Foundation/Testing/Concerns/MakesHttpRequests.php(573): Illuminate/Foundation/Testing/TestCase->call('POST', '/api/night-audi...', Array, Array, Array, Array, '[]')
#39 C:/laragon/www/usama-fandaqah/vendor/laravel/framework/src/Illuminate/Foundation/Testing/Concerns/MakesHttpRequests.php(411): Illuminate/Foundation/Testing/TestCase->json('POST', '/api/night-audi...', Array, Array, 0)
#40 C:/laragon/www/usama-fandaqah/tests/Feature/NightAuditEngineTest.php(127): Illuminate/Foundation/Testing/TestCase->postJson('/api/night-audi...')
#41 C:/laragon/www/usama-fandaqah/vendor/phpunit/phpunit/src/Framework/TestCase.php(1667): Tests/Feature/NightAuditEngineTest->test_transactions_are_frozen_after_audit()
#42 C:/laragon/www/usama-fandaqah/vendor/phpunit/phpunit/src/Framework/TestCase.php(519): PHPUnit/Framework/TestCase->runTest()
#43 C:/laragon/www/usama-fandaqah/vendor/phpunit/phpunit/src/Framework/TestRunner/TestRunner.php(87): PHPUnit/Framework/TestCase->runBare()
#44 C:/laragon/www/usama-fandaqah/vendor/phpunit/phpunit/src/Framework/TestCase.php(365): PHPUnit/Framework/TestRunner->run(Object(Tests/Feature/NightAuditEngineTest))
#45 C:/laragon/www/usama-fandaqah/vendor/phpunit/phpunit/src/Framework/TestSuite.php(369): PHPUnit/Framework/TestCase->run()
#46 C:/laragon/www/usama-fandaqah/vendor/phpunit/phpunit/src/TextUI/TestRunner.php(64): PHPUnit/Framework/TestSuite->run()
#47 C:/laragon/www/usama-fandaqah/vendor/phpunit/phpunit/src/TextUI/Application.php(211): PHPUnit/TextUI/TestRunner->run(Object(PHPUnit/TextUI/Configuration/Configuration), Object(PHPUnit/Runner/ResultCache/DefaultResultCache), Object(PHPUnit/Framework/TestSuite))
#48 C:/laragon/www/usama-fandaqah/vendor/phpunit/phpunit/phpunit(104): PHPUnit/TextUI/Application->run(Array)
#49 C:/laragon/www/usama-fandaqah/vendor/bin/phpunit(122): include('C://laragon//www//...')
#50 {main}
"} 
[2026-04-30 14:33:17] local.ERROR: Trait "Spatie\Translatable\HasTranslations" not found {"userId":35,"exception":"[object] (Symfony\\Component\\ErrorHandler\\Error\\FatalError(code: 0): Trait \"Spatie\\Translatable\\HasTranslations\" not found at C:/laragon/www/usama-fandaqah/app/Country.php:9)
[stacktrace]
#0 {main}
"} 
[2026-04-30 14:35:23] local.ERROR: Trait "Spatie\Translatable\HasTranslations" not found {"userId":36,"exception":"[object] (Symfony\\Component\\ErrorHandler\\Error\\FatalError(code: 0): Trait \"Spatie\\Translatable\\HasTranslations\" not found at C:/laragon/www/usama-fandaqah/app/Country.php:9)
[stacktrace]
#0 {main}
"} 
[2026-04-30 14:36:05] local.ERROR: Call to undefined method App\Http\Controllers\Api\NightAuditController::authorize() {"userId":38,"exception":"[object] (Error(code: 0): Call to undefined method App\\Http\\Controllers\\Api\\NightAuditController::authorize() at C:/laragon/www/usama-fandaqah/app/Http/Controllers/Api/NightAuditController.php:30)
[stacktrace]
#0 C:/laragon/www/usama-fandaqah/vendor/laravel/framework/src/Illuminate/Routing/ControllerDispatcher.php(47): App/Http/Controllers/Api/NightAuditController->run(Object(Illuminate/Http/Request))
#1 C:/laragon/www/usama-fandaqah/vendor/laravel/framework/src/Illuminate/Routing/Route.php(266): Illuminate/Routing/ControllerDispatcher->dispatch(Object(Illuminate/Routing/Route), Object(App/Http/Controllers/Api/NightAuditController), 'run')
#2 C:/laragon/www/usama-fandaqah/vendor/laravel/framework/src/Illuminate/Routing/Route.php(212): Illuminate/Routing/Route->runController()
#3 C:/laragon/www/usama-fandaqah/vendor/laravel/framework/src/Illuminate/Routing/Router.php(808): Illuminate/Routing/Route->run()
#4 C:/laragon/www/usama-fandaqah/vendor/laravel/framework/src/Illuminate/Pipeline/Pipeline.php(170): Illuminate/Routing/Router->Illuminate/Routing/{closure}(Object(Illuminate/Http/Request))
#5 C:/laragon/www/usama-fandaqah/vendor/laravel/framework/src/Illuminate/Routing/Middleware/SubstituteBindings.php(51): Illuminate/Pipeline/Pipeline->Illuminate/Pipeline/{closure}(Object(Illuminate/Http/Request))
#6 C:/laragon/www/usama-fandaqah/vendor/laravel/framework/src/Illuminate/Pipeline/Pipeline.php(209): Illuminate/Routing/Middleware/SubstituteBindings->handle(Object(Illuminate/Http/Request), Object(Closure))
#7 C:/laragon/www/usama-fandaqah/vendor/laravel/framework/src/Illuminate/Auth/Middleware/Authenticate.php(64): Illuminate/Pipeline/Pipeline->Illuminate/Pipeline/{closure}(Object(Illuminate/Http/Request))
#8 C:/laragon/www/usama-fandaqah/vendor/laravel/framework/src/Illuminate/Pipeline/Pipeline.php(209): Illuminate/Auth/Middleware/Authenticate->handle(Object(Illuminate/Http/Request), Object(Closure), 'sanctum')
#9 C:/laragon/www/usama-fandaqah/vendor/laravel/framework/src/Illuminate/Pipeline/Pipeline.php(127): Illuminate/Pipeline/Pipeline->Illuminate/Pipeline/{closure}(Object(Illuminate/Http/Request))
#10 C:/laragon/www/usama-fandaqah/vendor/laravel/framework/src/Illuminate/Routing/Router.php(807): Illuminate/Pipeline/Pipeline->then(Object(Closure))
#11 C:/laragon/www/usama-fandaqah/vendor/laravel/framework/src/Illuminate/Routing/Router.php(786): Illuminate/Routing/Router->runRouteWithinStack(Object(Illuminate/Routing/Route), Object(Illuminate/Http/Request))
#12 C:/laragon/www/usama-fandaqah/vendor/laravel/framework/src/Illuminate/Routing/Router.php(750): Illuminate/Routing/Router->runRoute(Object(Illuminate/Http/Request), Object(Illuminate/Routing/Route))
#13 C:/laragon/www/usama-fandaqah/vendor/laravel/framework/src/Illuminate/Routing/Router.php(739): Illuminate/Routing/Router->dispatchToRoute(Object(Illuminate/Http/Request))
#14 C:/laragon/www/usama-fandaqah/vendor/laravel/framework/src/Illuminate/Foundation/Http/Kernel.php(201): Illuminate/Routing/Router->dispatch(Object(Illuminate/Http/Request))
#15 C:/laragon/www/usama-fandaqah/vendor/laravel/framework/src/Illuminate/Pipeline/Pipeline.php(170): Illuminate/Foundation/Http/Kernel->Illuminate/Foundation/Http/{closure}(Object(Illuminate/Http/Request))
#16 C:/laragon/www/usama-fandaqah/laravelnova/src/Http/Middleware/ServeNova.php(23): Illuminate/Pipeline/Pipeline->Illuminate/Pipeline/{closure}(Object(Illuminate/Http/Request))
#17 C:/laragon/www/usama-fandaqah/vendor/laravel/framework/src/Illuminate/Pipeline/Pipeline.php(209): Laravel/Nova/Http/Middleware/ServeNova->handle(Object(Illuminate/Http/Request), Object(Closure))
#18 C:/laragon/www/usama-fandaqah/vendor/laravel/framework/src/Illuminate/Foundation/Http/Middleware/TransformsRequest.php(21): Illuminate/Pipeline/Pipeline->Illuminate/Pipeline/{closure}(Object(Illuminate/Http/Request))
#19 C:/laragon/www/usama-fandaqah/vendor/laravel/framework/src/Illuminate/Foundation/Http/Middleware/ConvertEmptyStringsToNull.php(31): Illuminate/Foundation/Http/Middleware/TransformsRequest->handle(Object(Illuminate/Http/Request), Object(Closure))
#20 C:/laragon/www/usama-fandaqah/vendor/laravel/framework/src/Illuminate/Pipeline/Pipeline.php(209): Illuminate/Foundation/Http/Middleware/ConvertEmptyStringsToNull->handle(Object(Illuminate/Http/Request), Object(Closure))
#21 C:/laragon/www/usama-fandaqah/vendor/laravel/framework/src/Illuminate/Foundation/Http/Middleware/TransformsRequest.php(21): Illuminate/Pipeline/Pipeline->Illuminate/Pipeline/{closure}(Object(Illuminate/Http/Request))
#22 C:/laragon/www/usama-fandaqah/vendor/laravel/framework/src/Illuminate/Foundation/Http/Middleware/TrimStrings.php(51): Illuminate/Foundation/Http/Middleware/TransformsRequest->handle(Object(Illuminate/Http/Request), Object(Closure))
#23 C:/laragon/www/usama-fandaqah/vendor/laravel/framework/src/Illuminate/Pipeline/Pipeline.php(209): Illuminate/Foundation/Http/Middleware/TrimStrings->handle(Object(Illuminate/Http/Request), Object(Closure))
#24 C:/laragon/www/usama-fandaqah/vendor/laravel/framework/src/Illuminate/Http/Middleware/ValidatePostSize.php(27): Illuminate/Pipeline/Pipeline->Illuminate/Pipeline/{closure}(Object(Illuminate/Http/Request))
#25 C:/laragon/www/usama-fandaqah/vendor/laravel/framework/src/Illuminate/Pipeline/Pipeline.php(209): Illuminate/Http/Middleware/ValidatePostSize->handle(Object(Illuminate/Http/Request), Object(Closure))
#26 C:/laragon/www/usama-fandaqah/vendor/laravel/framework/src/Illuminate/Foundation/Http/Middleware/PreventRequestsDuringMaintenance.php(110): Illuminate/Pipeline/Pipeline->Illuminate/Pipeline/{closure}(Object(Illuminate/Http/Request))
#27 C:/laragon/www/usama-fandaqah/vendor/laravel/framework/src/Illuminate/Pipeline/Pipeline.php(209): Illuminate/Foundation/Http/Middleware/PreventRequestsDuringMaintenance->handle(Object(Illuminate/Http/Request), Object(Closure))
#28 C:/laragon/www/usama-fandaqah/vendor/laravel/framework/src/Illuminate/Http/Middleware/HandleCors.php(62): Illuminate/Pipeline/Pipeline->Illuminate/Pipeline/{closure}(Object(Illuminate/Http/Request))
#29 C:/laragon/www/usama-fandaqah/vendor/laravel/framework/src/Illuminate/Pipeline/Pipeline.php(209): Illuminate/Http/Middleware/HandleCors->handle(Object(Illuminate/Http/Request), Object(Closure))
#30 C:/laragon/www/usama-fandaqah/vendor/laravel/framework/src/Illuminate/Http/Middleware/TrustProxies.php(58): Illuminate/Pipeline/Pipeline->Illuminate/Pipeline/{closure}(Object(Illuminate/Http/Request))
#31 C:/laragon/www/usama-fandaqah/vendor/laravel/framework/src/Illuminate/Pipeline/Pipeline.php(209): Illuminate/Http/Middleware/TrustProxies->handle(Object(Illuminate/Http/Request), Object(Closure))
#32 C:/laragon/www/usama-fandaqah/vendor/laravel/framework/src/Illuminate/Foundation/Http/Middleware/InvokeDeferredCallbacks.php(22): Illuminate/Pipeline/Pipeline->Illuminate/Pipeline/{closure}(Object(Illuminate/Http/Request))
#33 C:/laragon/www/usama-fandaqah/vendor/laravel/framework/src/Illuminate/Pipeline/Pipeline.php(209): Illuminate/Foundation/Http/Middleware/InvokeDeferredCallbacks->handle(Object(Illuminate/Http/Request), Object(Closure))
#34 C:/laragon/www/usama-fandaqah/vendor/laravel/framework/src/Illuminate/Pipeline/Pipeline.php(127): Illuminate/Pipeline/Pipeline->Illuminate/Pipeline/{closure}(Object(Illuminate/Http/Request))
#35 C:/laragon/www/usama-fandaqah/vendor/laravel/framework/src/Illuminate/Foundation/Http/Kernel.php(176): Illuminate/Pipeline/Pipeline->then(Object(Closure))
#36 C:/laragon/www/usama-fandaqah/vendor/laravel/framework/src/Illuminate/Foundation/Http/Kernel.php(145): Illuminate/Foundation/Http/Kernel->sendRequestThroughRouter(Object(Illuminate/Http/Request))
#37 C:/laragon/www/usama-fandaqah/vendor/laravel/framework/src/Illuminate/Foundation/Testing/Concerns/MakesHttpRequests.php(607): Illuminate/Foundation/Http/Kernel->handle(Object(Illuminate/Http/Request))
#38 C:/laragon/www/usama-fandaqah/vendor/laravel/framework/src/Illuminate/Foundation/Testing/Concerns/MakesHttpRequests.php(573): Illuminate/Foundation/Testing/TestCase->call('POST', '/api/night-audi...', Array, Array, Array, Array, '[]')
#39 C:/laragon/www/usama-fandaqah/vendor/laravel/framework/src/Illuminate/Foundation/Testing/Concerns/MakesHttpRequests.php(411): Illuminate/Foundation/Testing/TestCase->json('POST', '/api/night-audi...', Array, Array, 0)
#40 C:/laragon/www/usama-fandaqah/tests/Feature/NightAuditEngineTest.php(96): Illuminate/Foundation/Testing/TestCase->postJson('/api/night-audi...')
#41 C:/laragon/www/usama-fandaqah/vendor/phpunit/phpunit/src/Framework/TestCase.php(1667): Tests/Feature/NightAuditEngineTest->test_audit_runs_successfully_and_advances_date()
#42 C:/laragon/www/usama-fandaqah/vendor/phpunit/phpunit/src/Framework/TestCase.php(519): PHPUnit/Framework/TestCase->runTest()
#43 C:/laragon/www/usama-fandaqah/vendor/phpunit/phpunit/src/Framework/TestRunner/TestRunner.php(87): PHPUnit/Framework/TestCase->runBare()
#44 C:/laragon/www/usama-fandaqah/vendor/phpunit/phpunit/src/Framework/TestCase.php(365): PHPUnit/Framework/TestRunner->run(Object(Tests/Feature/NightAuditEngineTest))
#45 C:/laragon/www/usama-fandaqah/vendor/phpunit/phpunit/src/Framework/TestSuite.php(369): PHPUnit/Framework/TestCase->run()
#46 C:/laragon/www/usama-fandaqah/vendor/phpunit/phpunit/src/TextUI/TestRunner.php(64): PHPUnit/Framework/TestSuite->run()
#47 C:/laragon/www/usama-fandaqah/vendor/phpunit/phpunit/src/TextUI/Application.php(211): PHPUnit/TextUI/TestRunner->run(Object(PHPUnit/TextUI/Configuration/Configuration), Object(PHPUnit/Runner/ResultCache/DefaultResultCache), Object(PHPUnit/Framework/TestSuite))
#48 C:/laragon/www/usama-fandaqah/vendor/phpunit/phpunit/phpunit(104): PHPUnit/TextUI/Application->run(Array)
#49 C:/laragon/www/usama-fandaqah/vendor/bin/phpunit(122): include('C://laragon//www//...')
#50 {main}
"} 
[2026-04-30 14:36:07] local.ERROR: Call to undefined method App\Http\Controllers\Api\NightAuditController::authorize() {"userId":39,"exception":"[object] (Error(code: 0): Call to undefined method App\\Http\\Controllers\\Api\\NightAuditController::authorize() at C:/laragon/www/usama-fandaqah/app/Http/Controllers/Api/NightAuditController.php:30)
[stacktrace]
#0 C:/laragon/www/usama-fandaqah/vendor/laravel/framework/src/Illuminate/Routing/ControllerDispatcher.php(47): App/Http/Controllers/Api/NightAuditController->run(Object(Illuminate/Http/Request))
#1 C:/laragon/www/usama-fandaqah/vendor/laravel/framework/src/Illuminate/Routing/Route.php(266): Illuminate/Routing/ControllerDispatcher->dispatch(Object(Illuminate/Routing/Route), Object(App/Http/Controllers/Api/NightAuditController), 'run')
#2 C:/laragon/www/usama-fandaqah/vendor/laravel/framework/src/Illuminate/Routing/Route.php(212): Illuminate/Routing/Route->runController()
#3 C:/laragon/www/usama-fandaqah/vendor/laravel/framework/src/Illuminate/Routing/Router.php(808): Illuminate/Routing/Route->run()
#4 C:/laragon/www/usama-fandaqah/vendor/laravel/framework/src/Illuminate/Pipeline/Pipeline.php(170): Illuminate/Routing/Router->Illuminate/Routing/{closure}(Object(Illuminate/Http/Request))
#5 C:/laragon/www/usama-fandaqah/vendor/laravel/framework/src/Illuminate/Routing/Middleware/SubstituteBindings.php(51): Illuminate/Pipeline/Pipeline->Illuminate/Pipeline/{closure}(Object(Illuminate/Http/Request))
#6 C:/laragon/www/usama-fandaqah/vendor/laravel/framework/src/Illuminate/Pipeline/Pipeline.php(209): Illuminate/Routing/Middleware/SubstituteBindings->handle(Object(Illuminate/Http/Request), Object(Closure))
#7 C:/laragon/www/usama-fandaqah/vendor/laravel/framework/src/Illuminate/Auth/Middleware/Authenticate.php(64): Illuminate/Pipeline/Pipeline->Illuminate/Pipeline/{closure}(Object(Illuminate/Http/Request))
#8 C:/laragon/www/usama-fandaqah/vendor/laravel/framework/src/Illuminate/Pipeline/Pipeline.php(209): Illuminate/Auth/Middleware/Authenticate->handle(Object(Illuminate/Http/Request), Object(Closure), 'sanctum')
#9 C:/laragon/www/usama-fandaqah/vendor/laravel/framework/src/Illuminate/Pipeline/Pipeline.php(127): Illuminate/Pipeline/Pipeline->Illuminate/Pipeline/{closure}(Object(Illuminate/Http/Request))
#10 C:/laragon/www/usama-fandaqah/vendor/laravel/framework/src/Illuminate/Routing/Router.php(807): Illuminate/Pipeline/Pipeline->then(Object(Closure))
#11 C:/laragon/www/usama-fandaqah/vendor/laravel/framework/src/Illuminate/Routing/Router.php(786): Illuminate/Routing/Router->runRouteWithinStack(Object(Illuminate/Routing/Route), Object(Illuminate/Http/Request))
#12 C:/laragon/www/usama-fandaqah/vendor/laravel/framework/src/Illuminate/Routing/Router.php(750): Illuminate/Routing/Router->runRoute(Object(Illuminate/Http/Request), Object(Illuminate/Routing/Route))
#13 C:/laragon/www/usama-fandaqah/vendor/laravel/framework/src/Illuminate/Routing/Router.php(739): Illuminate/Routing/Router->dispatchToRoute(Object(Illuminate/Http/Request))
#14 C:/laragon/www/usama-fandaqah/vendor/laravel/framework/src/Illuminate/Foundation/Http/Kernel.php(201): Illuminate/Routing/Router->dispatch(Object(Illuminate/Http/Request))
#15 C:/laragon/www/usama-fandaqah/vendor/laravel/framework/src/Illuminate/Pipeline/Pipeline.php(170): Illuminate/Foundation/Http/Kernel->Illuminate/Foundation/Http/{closure}(Object(Illuminate/Http/Request))
#16 C:/laragon/www/usama-fandaqah/laravelnova/src/Http/Middleware/ServeNova.php(23): Illuminate/Pipeline/Pipeline->Illuminate/Pipeline/{closure}(Object(Illuminate/Http/Request))
#17 C:/laragon/www/usama-fandaqah/vendor/laravel/framework/src/Illuminate/Pipeline/Pipeline.php(209): Laravel/Nova/Http/Middleware/ServeNova->handle(Object(Illuminate/Http/Request), Object(Closure))
#18 C:/laragon/www/usama-fandaqah/vendor/laravel/framework/src/Illuminate/Foundation/Http/Middleware/TransformsRequest.php(21): Illuminate/Pipeline/Pipeline->Illuminate/Pipeline/{closure}(Object(Illuminate/Http/Request))
#19 C:/laragon/www/usama-fandaqah/vendor/laravel/framework/src/Illuminate/Foundation/Http/Middleware/ConvertEmptyStringsToNull.php(31): Illuminate/Foundation/Http/Middleware/TransformsRequest->handle(Object(Illuminate/Http/Request), Object(Closure))
#20 C:/laragon/www/usama-fandaqah/vendor/laravel/framework/src/Illuminate/Pipeline/Pipeline.php(209): Illuminate/Foundation/Http/Middleware/ConvertEmptyStringsToNull->handle(Object(Illuminate/Http/Request), Object(Closure))
#21 C:/laragon/www/usama-fandaqah/vendor/laravel/framework/src/Illuminate/Foundation/Http/Middleware/TransformsRequest.php(21): Illuminate/Pipeline/Pipeline->Illuminate/Pipeline/{closure}(Object(Illuminate/Http/Request))
#22 C:/laragon/www/usama-fandaqah/vendor/laravel/framework/src/Illuminate/Foundation/Http/Middleware/TrimStrings.php(51): Illuminate/Foundation/Http/Middleware/TransformsRequest->handle(Object(Illuminate/Http/Request), Object(Closure))
#23 C:/laragon/www/usama-fandaqah/vendor/laravel/framework/src/Illuminate/Pipeline/Pipeline.php(209): Illuminate/Foundation/Http/Middleware/TrimStrings->handle(Object(Illuminate/Http/Request), Object(Closure))
#24 C:/laragon/www/usama-fandaqah/vendor/laravel/framework/src/Illuminate/Http/Middleware/ValidatePostSize.php(27): Illuminate/Pipeline/Pipeline->Illuminate/Pipeline/{closure}(Object(Illuminate/Http/Request))
#25 C:/laragon/www/usama-fandaqah/vendor/laravel/framework/src/Illuminate/Pipeline/Pipeline.php(209): Illuminate/Http/Middleware/ValidatePostSize->handle(Object(Illuminate/Http/Request), Object(Closure))
#26 C:/laragon/www/usama-fandaqah/vendor/laravel/framework/src/Illuminate/Foundation/Http/Middleware/PreventRequestsDuringMaintenance.php(110): Illuminate/Pipeline/Pipeline->Illuminate/Pipeline/{closure}(Object(Illuminate/Http/Request))
#27 C:/laragon/www/usama-fandaqah/vendor/laravel/framework/src/Illuminate/Pipeline/Pipeline.php(209): Illuminate/Foundation/Http/Middleware/PreventRequestsDuringMaintenance->handle(Object(Illuminate/Http/Request), Object(Closure))
#28 C:/laragon/www/usama-fandaqah/vendor/laravel/framework/src/Illuminate/Http/Middleware/HandleCors.php(62): Illuminate/Pipeline/Pipeline->Illuminate/Pipeline/{closure}(Object(Illuminate/Http/Request))
#29 C:/laragon/www/usama-fandaqah/vendor/laravel/framework/src/Illuminate/Pipeline/Pipeline.php(209): Illuminate/Http/Middleware/HandleCors->handle(Object(Illuminate/Http/Request), Object(Closure))
#30 C:/laragon/www/usama-fandaqah/vendor/laravel/framework/src/Illuminate/Http/Middleware/TrustProxies.php(58): Illuminate/Pipeline/Pipeline->Illuminate/Pipeline/{closure}(Object(Illuminate/Http/Request))
#31 C:/laragon/www/usama-fandaqah/vendor/laravel/framework/src/Illuminate/Pipeline/Pipeline.php(209): Illuminate/Http/Middleware/TrustProxies->handle(Object(Illuminate/Http/Request), Object(Closure))
#32 C:/laragon/www/usama-fandaqah/vendor/laravel/framework/src/Illuminate/Foundation/Http/Middleware/InvokeDeferredCallbacks.php(22): Illuminate/Pipeline/Pipeline->Illuminate/Pipeline/{closure}(Object(Illuminate/Http/Request))
#33 C:/laragon/www/usama-fandaqah/vendor/laravel/framework/src/Illuminate/Pipeline/Pipeline.php(209): Illuminate/Foundation/Http/Middleware/InvokeDeferredCallbacks->handle(Object(Illuminate/Http/Request), Object(Closure))
#34 C:/laragon/www/usama-fandaqah/vendor/laravel/framework/src/Illuminate/Pipeline/Pipeline.php(127): Illuminate/Pipeline/Pipeline->Illuminate/Pipeline/{closure}(Object(Illuminate/Http/Request))
#35 C:/laragon/www/usama-fandaqah/vendor/laravel/framework/src/Illuminate/Foundation/Http/Kernel.php(176): Illuminate/Pipeline/Pipeline->then(Object(Closure))
#36 C:/laragon/www/usama-fandaqah/vendor/laravel/framework/src/Illuminate/Foundation/Http/Kernel.php(145): Illuminate/Foundation/Http/Kernel->sendRequestThroughRouter(Object(Illuminate/Http/Request))
#37 C:/laragon/www/usama-fandaqah/vendor/laravel/framework/src/Illuminate/Foundation/Testing/Concerns/MakesHttpRequests.php(607): Illuminate/Foundation/Http/Kernel->handle(Object(Illuminate/Http/Request))
#38 C:/laragon/www/usama-fandaqah/vendor/laravel/framework/src/Illuminate/Foundation/Testing/Concerns/MakesHttpRequests.php(573): Illuminate/Foundation/Testing/TestCase->call('POST', '/api/night-audi...', Array, Array, Array, Array, '[]')
#39 C:/laragon/www/usama-fandaqah/vendor/laravel/framework/src/Illuminate/Foundation/Testing/Concerns/MakesHttpRequests.php(411): Illuminate/Foundation/Testing/TestCase->json('POST', '/api/night-audi...', Array, Array, 0)
#40 C:/laragon/www/usama-fandaqah/tests/Feature/NightAuditEngineTest.php(127): Illuminate/Foundation/Testing/TestCase->postJson('/api/night-audi...')
#41 C:/laragon/www/usama-fandaqah/vendor/phpunit/phpunit/src/Framework/TestCase.php(1667): Tests/Feature/NightAuditEngineTest->test_transactions_are_frozen_after_audit()
#42 C:/laragon/www/usama-fandaqah/vendor/phpunit/phpunit/src/Framework/TestCase.php(519): PHPUnit/Framework/TestCase->runTest()
#43 C:/laragon/www/usama-fandaqah/vendor/phpunit/phpunit/src/Framework/TestRunner/TestRunner.php(87): PHPUnit/Framework/TestCase->runBare()
#44 C:/laragon/www/usama-fandaqah/vendor/phpunit/phpunit/src/Framework/TestCase.php(365): PHPUnit/Framework/TestRunner->run(Object(Tests/Feature/NightAuditEngineTest))
#45 C:/laragon/www/usama-fandaqah/vendor/phpunit/phpunit/src/Framework/TestSuite.php(369): PHPUnit/Framework/TestCase->run()
#46 C:/laragon/www/usama-fandaqah/vendor/phpunit/phpunit/src/TextUI/TestRunner.php(64): PHPUnit/Framework/TestSuite->run()
#47 C:/laragon/www/usama-fandaqah/vendor/phpunit/phpunit/src/TextUI/Application.php(211): PHPUnit/TextUI/TestRunner->run(Object(PHPUnit/TextUI/Configuration/Configuration), Object(PHPUnit/Runner/ResultCache/DefaultResultCache), Object(PHPUnit/Framework/TestSuite))
#48 C:/laragon/www/usama-fandaqah/vendor/phpunit/phpunit/phpunit(104): PHPUnit/TextUI/Application->run(Array)
#49 C:/laragon/www/usama-fandaqah/vendor/bin/phpunit(122): include('C://laragon//www//...')
#50 {main}
"} 
[2026-04-30 14:36:24] local.ERROR: Call to undefined method App\Http\Controllers\Api\NightAuditController::authorize() {"userId":41,"exception":"[object] (Error(code: 0): Call to undefined method App\\Http\\Controllers\\Api\\NightAuditController::authorize() at C:/laragon/www/usama-fandaqah/app/Http/Controllers/Api/NightAuditController.php:30)
[stacktrace]
#0 C:/laragon/www/usama-fandaqah/vendor/laravel/framework/src/Illuminate/Routing/ControllerDispatcher.php(47): App/Http/Controllers/Api/NightAuditController->run(Object(Illuminate/Http/Request))
#1 C:/laragon/www/usama-fandaqah/vendor/laravel/framework/src/Illuminate/Routing/Route.php(266): Illuminate/Routing/ControllerDispatcher->dispatch(Object(Illuminate/Routing/Route), Object(App/Http/Controllers/Api/NightAuditController), 'run')
#2 C:/laragon/www/usama-fandaqah/vendor/laravel/framework/src/Illuminate/Routing/Route.php(212): Illuminate/Routing/Route->runController()
#3 C:/laragon/www/usama-fandaqah/vendor/laravel/framework/src/Illuminate/Routing/Router.php(808): Illuminate/Routing/Route->run()
#4 C:/laragon/www/usama-fandaqah/vendor/laravel/framework/src/Illuminate/Pipeline/Pipeline.php(170): Illuminate/Routing/Router->Illuminate/Routing/{closure}(Object(Illuminate/Http/Request))
#5 C:/laragon/www/usama-fandaqah/vendor/laravel/framework/src/Illuminate/Routing/Middleware/SubstituteBindings.php(51): Illuminate/Pipeline/Pipeline->Illuminate/Pipeline/{closure}(Object(Illuminate/Http/Request))
#6 C:/laragon/www/usama-fandaqah/vendor/laravel/framework/src/Illuminate/Pipeline/Pipeline.php(209): Illuminate/Routing/Middleware/SubstituteBindings->handle(Object(Illuminate/Http/Request), Object(Closure))
#7 C:/laragon/www/usama-fandaqah/vendor/laravel/framework/src/Illuminate/Auth/Middleware/Authenticate.php(64): Illuminate/Pipeline/Pipeline->Illuminate/Pipeline/{closure}(Object(Illuminate/Http/Request))
#8 C:/laragon/www/usama-fandaqah/vendor/laravel/framework/src/Illuminate/Pipeline/Pipeline.php(209): Illuminate/Auth/Middleware/Authenticate->handle(Object(Illuminate/Http/Request), Object(Closure), 'sanctum')
#9 C:/laragon/www/usama-fandaqah/vendor/laravel/framework/src/Illuminate/Pipeline/Pipeline.php(127): Illuminate/Pipeline/Pipeline->Illuminate/Pipeline/{closure}(Object(Illuminate/Http/Request))
#10 C:/laragon/www/usama-fandaqah/vendor/laravel/framework/src/Illuminate/Routing/Router.php(807): Illuminate/Pipeline/Pipeline->then(Object(Closure))
#11 C:/laragon/www/usama-fandaqah/vendor/laravel/framework/src/Illuminate/Routing/Router.php(786): Illuminate/Routing/Router->runRouteWithinStack(Object(Illuminate/Routing/Route), Object(Illuminate/Http/Request))
#12 C:/laragon/www/usama-fandaqah/vendor/laravel/framework/src/Illuminate/Routing/Router.php(750): Illuminate/Routing/Router->runRoute(Object(Illuminate/Http/Request), Object(Illuminate/Routing/Route))
#13 C:/laragon/www/usama-fandaqah/vendor/laravel/framework/src/Illuminate/Routing/Router.php(739): Illuminate/Routing/Router->dispatchToRoute(Object(Illuminate/Http/Request))
#14 C:/laragon/www/usama-fandaqah/vendor/laravel/framework/src/Illuminate/Foundation/Http/Kernel.php(201): Illuminate/Routing/Router->dispatch(Object(Illuminate/Http/Request))
#15 C:/laragon/www/usama-fandaqah/vendor/laravel/framework/src/Illuminate/Pipeline/Pipeline.php(170): Illuminate/Foundation/Http/Kernel->Illuminate/Foundation/Http/{closure}(Object(Illuminate/Http/Request))
#16 C:/laragon/www/usama-fandaqah/laravelnova/src/Http/Middleware/ServeNova.php(23): Illuminate/Pipeline/Pipeline->Illuminate/Pipeline/{closure}(Object(Illuminate/Http/Request))
#17 C:/laragon/www/usama-fandaqah/vendor/laravel/framework/src/Illuminate/Pipeline/Pipeline.php(209): Laravel/Nova/Http/Middleware/ServeNova->handle(Object(Illuminate/Http/Request), Object(Closure))
#18 C:/laragon/www/usama-fandaqah/vendor/laravel/framework/src/Illuminate/Foundation/Http/Middleware/TransformsRequest.php(21): Illuminate/Pipeline/Pipeline->Illuminate/Pipeline/{closure}(Object(Illuminate/Http/Request))
#19 C:/laragon/www/usama-fandaqah/vendor/laravel/framework/src/Illuminate/Foundation/Http/Middleware/ConvertEmptyStringsToNull.php(31): Illuminate/Foundation/Http/Middleware/TransformsRequest->handle(Object(Illuminate/Http/Request), Object(Closure))
#20 C:/laragon/www/usama-fandaqah/vendor/laravel/framework/src/Illuminate/Pipeline/Pipeline.php(209): Illuminate/Foundation/Http/Middleware/ConvertEmptyStringsToNull->handle(Object(Illuminate/Http/Request), Object(Closure))
#21 C:/laragon/www/usama-fandaqah/vendor/laravel/framework/src/Illuminate/Foundation/Http/Middleware/TransformsRequest.php(21): Illuminate/Pipeline/Pipeline->Illuminate/Pipeline/{closure}(Object(Illuminate/Http/Request))
#22 C:/laragon/www/usama-fandaqah/vendor/laravel/framework/src/Illuminate/Foundation/Http/Middleware/TrimStrings.php(51): Illuminate/Foundation/Http/Middleware/TransformsRequest->handle(Object(Illuminate/Http/Request), Object(Closure))
#23 C:/laragon/www/usama-fandaqah/vendor/laravel/framework/src/Illuminate/Pipeline/Pipeline.php(209): Illuminate/Foundation/Http/Middleware/TrimStrings->handle(Object(Illuminate/Http/Request), Object(Closure))
#24 C:/laragon/www/usama-fandaqah/vendor/laravel/framework/src/Illuminate/Http/Middleware/ValidatePostSize.php(27): Illuminate/Pipeline/Pipeline->Illuminate/Pipeline/{closure}(Object(Illuminate/Http/Request))
#25 C:/laragon/www/usama-fandaqah/vendor/laravel/framework/src/Illuminate/Pipeline/Pipeline.php(209): Illuminate/Http/Middleware/ValidatePostSize->handle(Object(Illuminate/Http/Request), Object(Closure))
#26 C:/laragon/www/usama-fandaqah/vendor/laravel/framework/src/Illuminate/Foundation/Http/Middleware/PreventRequestsDuringMaintenance.php(110): Illuminate/Pipeline/Pipeline->Illuminate/Pipeline/{closure}(Object(Illuminate/Http/Request))
#27 C:/laragon/www/usama-fandaqah/vendor/laravel/framework/src/Illuminate/Pipeline/Pipeline.php(209): Illuminate/Foundation/Http/Middleware/PreventRequestsDuringMaintenance->handle(Object(Illuminate/Http/Request), Object(Closure))
#28 C:/laragon/www/usama-fandaqah/vendor/laravel/framework/src/Illuminate/Http/Middleware/HandleCors.php(62): Illuminate/Pipeline/Pipeline->Illuminate/Pipeline/{closure}(Object(Illuminate/Http/Request))
#29 C:/laragon/www/usama-fandaqah/vendor/laravel/framework/src/Illuminate/Pipeline/Pipeline.php(209): Illuminate/Http/Middleware/HandleCors->handle(Object(Illuminate/Http/Request), Object(Closure))
#30 C:/laragon/www/usama-fandaqah/vendor/laravel/framework/src/Illuminate/Http/Middleware/TrustProxies.php(58): Illuminate/Pipeline/Pipeline->Illuminate/Pipeline/{closure}(Object(Illuminate/Http/Request))
#31 C:/laragon/www/usama-fandaqah/vendor/laravel/framework/src/Illuminate/Pipeline/Pipeline.php(209): Illuminate/Http/Middleware/TrustProxies->handle(Object(Illuminate/Http/Request), Object(Closure))
#32 C:/laragon/www/usama-fandaqah/vendor/laravel/framework/src/Illuminate/Foundation/Http/Middleware/InvokeDeferredCallbacks.php(22): Illuminate/Pipeline/Pipeline->Illuminate/Pipeline/{closure}(Object(Illuminate/Http/Request))
#33 C:/laragon/www/usama-fandaqah/vendor/laravel/framework/src/Illuminate/Pipeline/Pipeline.php(209): Illuminate/Foundation/Http/Middleware/InvokeDeferredCallbacks->handle(Object(Illuminate/Http/Request), Object(Closure))
#34 C:/laragon/www/usama-fandaqah/vendor/laravel/framework/src/Illuminate/Pipeline/Pipeline.php(127): Illuminate/Pipeline/Pipeline->Illuminate/Pipeline/{closure}(Object(Illuminate/Http/Request))
#35 C:/laragon/www/usama-fandaqah/vendor/laravel/framework/src/Illuminate/Foundation/Http/Kernel.php(176): Illuminate/Pipeline/Pipeline->then(Object(Closure))
#36 C:/laragon/www/usama-fandaqah/vendor/laravel/framework/src/Illuminate/Foundation/Http/Kernel.php(145): Illuminate/Foundation/Http/Kernel->sendRequestThroughRouter(Object(Illuminate/Http/Request))
#37 C:/laragon/www/usama-fandaqah/vendor/laravel/framework/src/Illuminate/Foundation/Testing/Concerns/MakesHttpRequests.php(607): Illuminate/Foundation/Http/Kernel->handle(Object(Illuminate/Http/Request))
#38 C:/laragon/www/usama-fandaqah/vendor/laravel/framework/src/Illuminate/Foundation/Testing/Concerns/MakesHttpRequests.php(573): Illuminate/Foundation/Testing/TestCase->call('POST', '/api/night-audi...', Array, Array, Array, Array, '[]')
#39 C:/laragon/www/usama-fandaqah/vendor/laravel/framework/src/Illuminate/Foundation/Testing/Concerns/MakesHttpRequests.php(411): Illuminate/Foundation/Testing/TestCase->json('POST', '/api/night-audi...', Array, Array, 0)
#40 C:/laragon/www/usama-fandaqah/tests/Feature/NightAuditEngineTest.php(96): Illuminate/Foundation/Testing/TestCase->postJson('/api/night-audi...')
#41 C:/laragon/www/usama-fandaqah/vendor/phpunit/phpunit/src/Framework/TestCase.php(1667): Tests/Feature/NightAuditEngineTest->test_audit_runs_successfully_and_advances_date()
#42 C:/laragon/www/usama-fandaqah/vendor/phpunit/phpunit/src/Framework/TestCase.php(519): PHPUnit/Framework/TestCase->runTest()
#43 C:/laragon/www/usama-fandaqah/vendor/phpunit/phpunit/src/Framework/TestRunner/TestRunner.php(87): PHPUnit/Framework/TestCase->runBare()
#44 C:/laragon/www/usama-fandaqah/vendor/phpunit/phpunit/src/Framework/TestCase.php(365): PHPUnit/Framework/TestRunner->run(Object(Tests/Feature/NightAuditEngineTest))
#45 C:/laragon/www/usama-fandaqah/vendor/phpunit/phpunit/src/Framework/TestSuite.php(369): PHPUnit/Framework/TestCase->run()
#46 C:/laragon/www/usama-fandaqah/vendor/phpunit/phpunit/src/TextUI/TestRunner.php(64): PHPUnit/Framework/TestSuite->run()
#47 C:/laragon/www/usama-fandaqah/vendor/phpunit/phpunit/src/TextUI/Application.php(211): PHPUnit/TextUI/TestRunner->run(Object(PHPUnit/TextUI/Configuration/Configuration), Object(PHPUnit/Runner/ResultCache/DefaultResultCache), Object(PHPUnit/Framework/TestSuite))
#48 C:/laragon/www/usama-fandaqah/vendor/phpunit/phpunit/phpunit(104): PHPUnit/TextUI/Application->run(Array)
#49 C:/laragon/www/usama-fandaqah/vendor/bin/phpunit(122): include('C://laragon//www//...')
#50 {main}
"} 
[2026-04-30 14:36:26] local.ERROR: Call to undefined method App\Http\Controllers\Api\NightAuditController::authorize() {"userId":42,"exception":"[object] (Error(code: 0): Call to undefined method App\\Http\\Controllers\\Api\\NightAuditController::authorize() at C:/laragon/www/usama-fandaqah/app/Http/Controllers/Api/NightAuditController.php:30)
[stacktrace]
#0 C:/laragon/www/usama-fandaqah/vendor/laravel/framework/src/Illuminate/Routing/ControllerDispatcher.php(47): App/Http/Controllers/Api/NightAuditController->run(Object(Illuminate/Http/Request))
#1 C:/laragon/www/usama-fandaqah/vendor/laravel/framework/src/Illuminate/Routing/Route.php(266): Illuminate/Routing/ControllerDispatcher->dispatch(Object(Illuminate/Routing/Route), Object(App/Http/Controllers/Api/NightAuditController), 'run')
#2 C:/laragon/www/usama-fandaqah/vendor/laravel/framework/src/Illuminate/Routing/Route.php(212): Illuminate/Routing/Route->runController()
#3 C:/laragon/www/usama-fandaqah/vendor/laravel/framework/src/Illuminate/Routing/Router.php(808): Illuminate/Routing/Route->run()
#4 C:/laragon/www/usama-fandaqah/vendor/laravel/framework/src/Illuminate/Pipeline/Pipeline.php(170): Illuminate/Routing/Router->Illuminate/Routing/{closure}(Object(Illuminate/Http/Request))
#5 C:/laragon/www/usama-fandaqah/vendor/laravel/framework/src/Illuminate/Routing/Middleware/SubstituteBindings.php(51): Illuminate/Pipeline/Pipeline->Illuminate/Pipeline/{closure}(Object(Illuminate/Http/Request))
#6 C:/laragon/www/usama-fandaqah/vendor/laravel/framework/src/Illuminate/Pipeline/Pipeline.php(209): Illuminate/Routing/Middleware/SubstituteBindings->handle(Object(Illuminate/Http/Request), Object(Closure))
#7 C:/laragon/www/usama-fandaqah/vendor/laravel/framework/src/Illuminate/Auth/Middleware/Authenticate.php(64): Illuminate/Pipeline/Pipeline->Illuminate/Pipeline/{closure}(Object(Illuminate/Http/Request))
#8 C:/laragon/www/usama-fandaqah/vendor/laravel/framework/src/Illuminate/Pipeline/Pipeline.php(209): Illuminate/Auth/Middleware/Authenticate->handle(Object(Illuminate/Http/Request), Object(Closure), 'sanctum')
#9 C:/laragon/www/usama-fandaqah/vendor/laravel/framework/src/Illuminate/Pipeline/Pipeline.php(127): Illuminate/Pipeline/Pipeline->Illuminate/Pipeline/{closure}(Object(Illuminate/Http/Request))
#10 C:/laragon/www/usama-fandaqah/vendor/laravel/framework/src/Illuminate/Routing/Router.php(807): Illuminate/Pipeline/Pipeline->then(Object(Closure))
#11 C:/laragon/www/usama-fandaqah/vendor/laravel/framework/src/Illuminate/Routing/Router.php(786): Illuminate/Routing/Router->runRouteWithinStack(Object(Illuminate/Routing/Route), Object(Illuminate/Http/Request))
#12 C:/laragon/www/usama-fandaqah/vendor/laravel/framework/src/Illuminate/Routing/Router.php(750): Illuminate/Routing/Router->runRoute(Object(Illuminate/Http/Request), Object(Illuminate/Routing/Route))
#13 C:/laragon/www/usama-fandaqah/vendor/laravel/framework/src/Illuminate/Routing/Router.php(739): Illuminate/Routing/Router->dispatchToRoute(Object(Illuminate/Http/Request))
#14 C:/laragon/www/usama-fandaqah/vendor/laravel/framework/src/Illuminate/Foundation/Http/Kernel.php(201): Illuminate/Routing/Router->dispatch(Object(Illuminate/Http/Request))
#15 C:/laragon/www/usama-fandaqah/vendor/laravel/framework/src/Illuminate/Pipeline/Pipeline.php(170): Illuminate/Foundation/Http/Kernel->Illuminate/Foundation/Http/{closure}(Object(Illuminate/Http/Request))
#16 C:/laragon/www/usama-fandaqah/laravelnova/src/Http/Middleware/ServeNova.php(23): Illuminate/Pipeline/Pipeline->Illuminate/Pipeline/{closure}(Object(Illuminate/Http/Request))
#17 C:/laragon/www/usama-fandaqah/vendor/laravel/framework/src/Illuminate/Pipeline/Pipeline.php(209): Laravel/Nova/Http/Middleware/ServeNova->handle(Object(Illuminate/Http/Request), Object(Closure))
#18 C:/laragon/www/usama-fandaqah/vendor/laravel/framework/src/Illuminate/Foundation/Http/Middleware/TransformsRequest.php(21): Illuminate/Pipeline/Pipeline->Illuminate/Pipeline/{closure}(Object(Illuminate/Http/Request))
#19 C:/laragon/www/usama-fandaqah/vendor/laravel/framework/src/Illuminate/Foundation/Http/Middleware/ConvertEmptyStringsToNull.php(31): Illuminate/Foundation/Http/Middleware/TransformsRequest->handle(Object(Illuminate/Http/Request), Object(Closure))
#20 C:/laragon/www/usama-fandaqah/vendor/laravel/framework/src/Illuminate/Pipeline/Pipeline.php(209): Illuminate/Foundation/Http/Middleware/ConvertEmptyStringsToNull->handle(Object(Illuminate/Http/Request), Object(Closure))
#21 C:/laragon/www/usama-fandaqah/vendor/laravel/framework/src/Illuminate/Foundation/Http/Middleware/TransformsRequest.php(21): Illuminate/Pipeline/Pipeline->Illuminate/Pipeline/{closure}(Object(Illuminate/Http/Request))
#22 C:/laragon/www/usama-fandaqah/vendor/laravel/framework/src/Illuminate/Foundation/Http/Middleware/TrimStrings.php(51): Illuminate/Foundation/Http/Middleware/TransformsRequest->handle(Object(Illuminate/Http/Request), Object(Closure))
#23 C:/laragon/www/usama-fandaqah/vendor/laravel/framework/src/Illuminate/Pipeline/Pipeline.php(209): Illuminate/Foundation/Http/Middleware/TrimStrings->handle(Object(Illuminate/Http/Request), Object(Closure))
#24 C:/laragon/www/usama-fandaqah/vendor/laravel/framework/src/Illuminate/Http/Middleware/ValidatePostSize.php(27): Illuminate/Pipeline/Pipeline->Illuminate/Pipeline/{closure}(Object(Illuminate/Http/Request))
#25 C:/laragon/www/usama-fandaqah/vendor/laravel/framework/src/Illuminate/Pipeline/Pipeline.php(209): Illuminate/Http/Middleware/ValidatePostSize->handle(Object(Illuminate/Http/Request), Object(Closure))
#26 C:/laragon/www/usama-fandaqah/vendor/laravel/framework/src/Illuminate/Foundation/Http/Middleware/PreventRequestsDuringMaintenance.php(110): Illuminate/Pipeline/Pipeline->Illuminate/Pipeline/{closure}(Object(Illuminate/Http/Request))
#27 C:/laragon/www/usama-fandaqah/vendor/laravel/framework/src/Illuminate/Pipeline/Pipeline.php(209): Illuminate/Foundation/Http/Middleware/PreventRequestsDuringMaintenance->handle(Object(Illuminate/Http/Request), Object(Closure))
#28 C:/laragon/www/usama-fandaqah/vendor/laravel/framework/src/Illuminate/Http/Middleware/HandleCors.php(62): Illuminate/Pipeline/Pipeline->Illuminate/Pipeline/{closure}(Object(Illuminate/Http/Request))
#29 C:/laragon/www/usama-fandaqah/vendor/laravel/framework/src/Illuminate/Pipeline/Pipeline.php(209): Illuminate/Http/Middleware/HandleCors->handle(Object(Illuminate/Http/Request), Object(Closure))
#30 C:/laragon/www/usama-fandaqah/vendor/laravel/framework/src/Illuminate/Http/Middleware/TrustProxies.php(58): Illuminate/Pipeline/Pipeline->Illuminate/Pipeline/{closure}(Object(Illuminate/Http/Request))
#31 C:/laragon/www/usama-fandaqah/vendor/laravel/framework/src/Illuminate/Pipeline/Pipeline.php(209): Illuminate/Http/Middleware/TrustProxies->handle(Object(Illuminate/Http/Request), Object(Closure))
#32 C:/laragon/www/usama-fandaqah/vendor/laravel/framework/src/Illuminate/Foundation/Http/Middleware/InvokeDeferredCallbacks.php(22): Illuminate/Pipeline/Pipeline->Illuminate/Pipeline/{closure}(Object(Illuminate/Http/Request))
#33 C:/laragon/www/usama-fandaqah/vendor/laravel/framework/src/Illuminate/Pipeline/Pipeline.php(209): Illuminate/Foundation/Http/Middleware/InvokeDeferredCallbacks->handle(Object(Illuminate/Http/Request), Object(Closure))
#34 C:/laragon/www/usama-fandaqah/vendor/laravel/framework/src/Illuminate/Pipeline/Pipeline.php(127): Illuminate/Pipeline/Pipeline->Illuminate/Pipeline/{closure}(Object(Illuminate/Http/Request))
#35 C:/laragon/www/usama-fandaqah/vendor/laravel/framework/src/Illuminate/Foundation/Http/Kernel.php(176): Illuminate/Pipeline/Pipeline->then(Object(Closure))
#36 C:/laragon/www/usama-fandaqah/vendor/laravel/framework/src/Illuminate/Foundation/Http/Kernel.php(145): Illuminate/Foundation/Http/Kernel->sendRequestThroughRouter(Object(Illuminate/Http/Request))
#37 C:/laragon/www/usama-fandaqah/vendor/laravel/framework/src/Illuminate/Foundation/Testing/Concerns/MakesHttpRequests.php(607): Illuminate/Foundation/Http/Kernel->handle(Object(Illuminate/Http/Request))
#38 C:/laragon/www/usama-fandaqah/vendor/laravel/framework/src/Illuminate/Foundation/Testing/Concerns/MakesHttpRequests.php(573): Illuminate/Foundation/Testing/TestCase->call('POST', '/api/night-audi...', Array, Array, Array, Array, '[]')
#39 C:/laragon/www/usama-fandaqah/vendor/laravel/framework/src/Illuminate/Foundation/Testing/Concerns/MakesHttpRequests.php(411): Illuminate/Foundation/Testing/TestCase->json('POST', '/api/night-audi...', Array, Array, 0)
#40 C:/laragon/www/usama-fandaqah/tests/Feature/NightAuditEngineTest.php(127): Illuminate/Foundation/Testing/TestCase->postJson('/api/night-audi...')
#41 C:/laragon/www/usama-fandaqah/vendor/phpunit/phpunit/src/Framework/TestCase.php(1667): Tests/Feature/NightAuditEngineTest->test_transactions_are_frozen_after_audit()
#42 C:/laragon/www/usama-fandaqah/vendor/phpunit/phpunit/src/Framework/TestCase.php(519): PHPUnit/Framework/TestCase->runTest()
#43 C:/laragon/www/usama-fandaqah/vendor/phpunit/phpunit/src/Framework/TestRunner/TestRunner.php(87): PHPUnit/Framework/TestCase->runBare()
#44 C:/laragon/www/usama-fandaqah/vendor/phpunit/phpunit/src/Framework/TestCase.php(365): PHPUnit/Framework/TestRunner->run(Object(Tests/Feature/NightAuditEngineTest))
#45 C:/laragon/www/usama-fandaqah/vendor/phpunit/phpunit/src/Framework/TestSuite.php(369): PHPUnit/Framework/TestCase->run()
#46 C:/laragon/www/usama-fandaqah/vendor/phpunit/phpunit/src/TextUI/TestRunner.php(64): PHPUnit/Framework/TestSuite->run()
#47 C:/laragon/www/usama-fandaqah/vendor/phpunit/phpunit/src/TextUI/Application.php(211): PHPUnit/TextUI/TestRunner->run(Object(PHPUnit/TextUI/Configuration/Configuration), Object(PHPUnit/Runner/ResultCache/DefaultResultCache), Object(PHPUnit/Framework/TestSuite))
#48 C:/laragon/www/usama-fandaqah/vendor/phpunit/phpunit/phpunit(104): PHPUnit/TextUI/Application->run(Array)
#49 C:/laragon/www/usama-fandaqah/vendor/bin/phpunit(122): include('C://laragon//www//...')
#50 {main}
"} 
[2026-04-30 14:39:22] local.ERROR: Night Audit Failed for Team 41: SQLSTATE[42S22]: Column not found: 1054 Unknown column 'run_number' in 'field list' (Connection: mysql, SQL: insert into `night_audit_occupancy_snapshot` (`team_id`, `business_date`, `run_number`, `is_final`, `total_rooms`, `rooms_available`, `rooms_occupied`, `rooms_cleaning`, `rooms_maintenance`, `occupancy_pct`, `adr`, `revpar`, `arrivals_count`, `departures_count`, `room_revenue`, `total_revenue`) values (41, 2026-04-30, 1, 1, 1, 1, 0, 0, 0, 0, 0, 0, 0, 0, 0, 0))  
[2026-04-30 14:39:23] local.ERROR: Night Audit Failed for Team 42: SQLSTATE[42S22]: Column not found: 1054 Unknown column 'run_number' in 'field list' (Connection: mysql, SQL: insert into `night_audit_occupancy_snapshot` (`team_id`, `business_date`, `run_number`, `is_final`, `total_rooms`, `rooms_available`, `rooms_occupied`, `rooms_cleaning`, `rooms_maintenance`, `occupancy_pct`, `adr`, `revpar`, `arrivals_count`, `departures_count`, `room_revenue`, `total_revenue`) values (42, 2026-04-30, 1, 1, 1, 1, 0, 0, 0, 0, 0, 100, 0, 0, 100, 100))  
[2026-04-30 14:40:08] local.ERROR: Night Audit Failed for Team 43: SQLSTATE[42S22]: Column not found: 1054 Unknown column 'run_number' in 'field list' (Connection: mysql, SQL: insert into `night_audit_occupancy_snapshot` (`team_id`, `business_date`, `run_number`, `is_final`, `total_rooms`, `rooms_available`, `rooms_occupied`, `rooms_cleaning`, `rooms_maintenance`, `occupancy_pct`, `adr`, `revpar`, `arrivals_count`, `departures_count`, `room_revenue`, `total_revenue`) values (43, 2026-04-30, 1, 1, 1, 1, 0, 0, 0, 0, 0, 0, 0, 0, 0, 0))  
[2026-04-30 14:41:03] local.ERROR: Night Audit Failed for Team 45: SQLSTATE[42S22]: Column not found: 1054 Unknown column 'snapshot_id' in 'field list' (Connection: mysql, SQL: insert into `night_audit_snapshot_queue` (`snapshot_id`, `team_id`, `business_date`, `status`, `queued_at`) values (1, 45, 2026-04-30, pending, 2026-04-30 14:41:03))  
[2026-04-30 14:41:04] local.ERROR: Night Audit Failed for Team 46: SQLSTATE[42S22]: Column not found: 1054 Unknown column 'snapshot_id' in 'field list' (Connection: mysql, SQL: insert into `night_audit_snapshot_queue` (`snapshot_id`, `team_id`, `business_date`, `status`, `queued_at`) values (2, 46, 2026-04-30, pending, 2026-04-30 14:41:04))  
[2026-04-30 14:45:04] local.ERROR: Target class [App\Http\Controllers\Api\NightAuditRerunService] does not exist. {"userId":65,"exception":"[object] (Illuminate\\Contracts\\Container\\BindingResolutionException(code: 0): Target class [App\\Http\\Controllers\\Api\\NightAuditRerunService] does not exist. at C:/laragon/www/usama-fandaqah/vendor/laravel/framework/src/Illuminate/Container/Container.php:961)
[stacktrace]
#0 C:/laragon/www/usama-fandaqah/vendor/laravel/framework/src/Illuminate/Container/Container.php(832): Illuminate/Container/Container->build('App//Http//Contro...')
#1 C:/laragon/www/usama-fandaqah/vendor/laravel/framework/src/Illuminate/Foundation/Application.php(1078): Illuminate/Container/Container->resolve('App//Http//Contro...', Array, true)
#2 C:/laragon/www/usama-fandaqah/vendor/laravel/framework/src/Illuminate/Container/Container.php(763): Illuminate/Foundation/Application->resolve('App//Http//Contro...', Array)
#3 C:/laragon/www/usama-fandaqah/vendor/laravel/framework/src/Illuminate/Foundation/Application.php(1058): Illuminate/Container/Container->make('App//Http//Contro...', Array)
#4 C:/laragon/www/usama-fandaqah/vendor/laravel/framework/src/Illuminate/Container/Container.php(1133): Illuminate/Foundation/Application->make('App//Http//Contro...')
#5 C:/laragon/www/usama-fandaqah/vendor/laravel/framework/src/Illuminate/Container/Container.php(1043): Illuminate/Container/Container->resolveClass(Object(ReflectionParameter))
#6 C:/laragon/www/usama-fandaqah/vendor/laravel/framework/src/Illuminate/Container/Container.php(994): Illuminate/Container/Container->resolveDependencies(Array)
#7 C:/laragon/www/usama-fandaqah/vendor/laravel/framework/src/Illuminate/Container/Container.php(832): Illuminate/Container/Container->build('App//Http//Contro...')
#8 C:/laragon/www/usama-fandaqah/vendor/laravel/framework/src/Illuminate/Foundation/Application.php(1078): Illuminate/Container/Container->resolve('App//Http//Contro...', Array, true)
#9 C:/laragon/www/usama-fandaqah/vendor/laravel/framework/src/Illuminate/Container/Container.php(763): Illuminate/Foundation/Application->resolve('App//Http//Contro...', Array)
#10 C:/laragon/www/usama-fandaqah/vendor/laravel/framework/src/Illuminate/Foundation/Application.php(1058): Illuminate/Container/Container->make('App//Http//Contro...', Array)
#11 C:/laragon/www/usama-fandaqah/vendor/laravel/framework/src/Illuminate/Routing/Route.php(285): Illuminate/Foundation/Application->make('App//Http//Contro...')
#12 C:/laragon/www/usama-fandaqah/vendor/laravel/framework/src/Illuminate/Routing/Route.php(267): Illuminate/Routing/Route->getController()
#13 C:/laragon/www/usama-fandaqah/vendor/laravel/framework/src/Illuminate/Routing/Route.php(212): Illuminate/Routing/Route->runController()
#14 C:/laragon/www/usama-fandaqah/vendor/laravel/framework/src/Illuminate/Routing/Router.php(808): Illuminate/Routing/Route->run()
#15 C:/laragon/www/usama-fandaqah/vendor/laravel/framework/src/Illuminate/Pipeline/Pipeline.php(170): Illuminate/Routing/Router->Illuminate/Routing/{closure}(Object(Illuminate/Http/Request))
#16 C:/laragon/www/usama-fandaqah/vendor/laravel/framework/src/Illuminate/Routing/Middleware/SubstituteBindings.php(51): Illuminate/Pipeline/Pipeline->Illuminate/Pipeline/{closure}(Object(Illuminate/Http/Request))
#17 C:/laragon/www/usama-fandaqah/vendor/laravel/framework/src/Illuminate/Pipeline/Pipeline.php(209): Illuminate/Routing/Middleware/SubstituteBindings->handle(Object(Illuminate/Http/Request), Object(Closure))
#18 C:/laragon/www/usama-fandaqah/vendor/laravel/framework/src/Illuminate/Auth/Middleware/Authenticate.php(64): Illuminate/Pipeline/Pipeline->Illuminate/Pipeline/{closure}(Object(Illuminate/Http/Request))
#19 C:/laragon/www/usama-fandaqah/vendor/laravel/framework/src/Illuminate/Pipeline/Pipeline.php(209): Illuminate/Auth/Middleware/Authenticate->handle(Object(Illuminate/Http/Request), Object(Closure), 'sanctum')
#20 C:/laragon/www/usama-fandaqah/vendor/laravel/framework/src/Illuminate/Pipeline/Pipeline.php(127): Illuminate/Pipeline/Pipeline->Illuminate/Pipeline/{closure}(Object(Illuminate/Http/Request))
#21 C:/laragon/www/usama-fandaqah/vendor/laravel/framework/src/Illuminate/Routing/Router.php(807): Illuminate/Pipeline/Pipeline->then(Object(Closure))
#22 C:/laragon/www/usama-fandaqah/vendor/laravel/framework/src/Illuminate/Routing/Router.php(786): Illuminate/Routing/Router->runRouteWithinStack(Object(Illuminate/Routing/Route), Object(Illuminate/Http/Request))
#23 C:/laragon/www/usama-fandaqah/vendor/laravel/framework/src/Illuminate/Routing/Router.php(750): Illuminate/Routing/Router->runRoute(Object(Illuminate/Http/Request), Object(Illuminate/Routing/Route))
#24 C:/laragon/www/usama-fandaqah/vendor/laravel/framework/src/Illuminate/Routing/Router.php(739): Illuminate/Routing/Router->dispatchToRoute(Object(Illuminate/Http/Request))
#25 C:/laragon/www/usama-fandaqah/vendor/laravel/framework/src/Illuminate/Foundation/Http/Kernel.php(201): Illuminate/Routing/Router->dispatch(Object(Illuminate/Http/Request))
#26 C:/laragon/www/usama-fandaqah/vendor/laravel/framework/src/Illuminate/Pipeline/Pipeline.php(170): Illuminate/Foundation/Http/Kernel->Illuminate/Foundation/Http/{closure}(Object(Illuminate/Http/Request))
#27 C:/laragon/www/usama-fandaqah/laravelnova/src/Http/Middleware/ServeNova.php(23): Illuminate/Pipeline/Pipeline->Illuminate/Pipeline/{closure}(Object(Illuminate/Http/Request))
#28 C:/laragon/www/usama-fandaqah/vendor/laravel/framework/src/Illuminate/Pipeline/Pipeline.php(209): Laravel/Nova/Http/Middleware/ServeNova->handle(Object(Illuminate/Http/Request), Object(Closure))
#29 C:/laragon/www/usama-fandaqah/vendor/laravel/framework/src/Illuminate/Foundation/Http/Middleware/TransformsRequest.php(21): Illuminate/Pipeline/Pipeline->Illuminate/Pipeline/{closure}(Object(Illuminate/Http/Request))
#30 C:/laragon/www/usama-fandaqah/vendor/laravel/framework/src/Illuminate/Foundation/Http/Middleware/ConvertEmptyStringsToNull.php(31): Illuminate/Foundation/Http/Middleware/TransformsRequest->handle(Object(Illuminate/Http/Request), Object(Closure))
#31 C:/laragon/www/usama-fandaqah/vendor/laravel/framework/src/Illuminate/Pipeline/Pipeline.php(209): Illuminate/Foundation/Http/Middleware/ConvertEmptyStringsToNull->handle(Object(Illuminate/Http/Request), Object(Closure))
#32 C:/laragon/www/usama-fandaqah/vendor/laravel/framework/src/Illuminate/Foundation/Http/Middleware/TransformsRequest.php(21): Illuminate/Pipeline/Pipeline->Illuminate/Pipeline/{closure}(Object(Illuminate/Http/Request))
#33 C:/laragon/www/usama-fandaqah/vendor/laravel/framework/src/Illuminate/Foundation/Http/Middleware/TrimStrings.php(51): Illuminate/Foundation/Http/Middleware/TransformsRequest->handle(Object(Illuminate/Http/Request), Object(Closure))
#34 C:/laragon/www/usama-fandaqah/vendor/laravel/framework/src/Illuminate/Pipeline/Pipeline.php(209): Illuminate/Foundation/Http/Middleware/TrimStrings->handle(Object(Illuminate/Http/Request), Object(Closure))
#35 C:/laragon/www/usama-fandaqah/vendor/laravel/framework/src/Illuminate/Http/Middleware/ValidatePostSize.php(27): Illuminate/Pipeline/Pipeline->Illuminate/Pipeline/{closure}(Object(Illuminate/Http/Request))
#36 C:/laragon/www/usama-fandaqah/vendor/laravel/framework/src/Illuminate/Pipeline/Pipeline.php(209): Illuminate/Http/Middleware/ValidatePostSize->handle(Object(Illuminate/Http/Request), Object(Closure))
#37 C:/laragon/www/usama-fandaqah/vendor/laravel/framework/src/Illuminate/Foundation/Http/Middleware/PreventRequestsDuringMaintenance.php(110): Illuminate/Pipeline/Pipeline->Illuminate/Pipeline/{closure}(Object(Illuminate/Http/Request))
#38 C:/laragon/www/usama-fandaqah/vendor/laravel/framework/src/Illuminate/Pipeline/Pipeline.php(209): Illuminate/Foundation/Http/Middleware/PreventRequestsDuringMaintenance->handle(Object(Illuminate/Http/Request), Object(Closure))
#39 C:/laragon/www/usama-fandaqah/vendor/laravel/framework/src/Illuminate/Http/Middleware/HandleCors.php(62): Illuminate/Pipeline/Pipeline->Illuminate/Pipeline/{closure}(Object(Illuminate/Http/Request))
#40 C:/laragon/www/usama-fandaqah/vendor/laravel/framework/src/Illuminate/Pipeline/Pipeline.php(209): Illuminate/Http/Middleware/HandleCors->handle(Object(Illuminate/Http/Request), Object(Closure))
#41 C:/laragon/www/usama-fandaqah/vendor/laravel/framework/src/Illuminate/Http/Middleware/TrustProxies.php(58): Illuminate/Pipeline/Pipeline->Illuminate/Pipeline/{closure}(Object(Illuminate/Http/Request))
#42 C:/laragon/www/usama-fandaqah/vendor/laravel/framework/src/Illuminate/Pipeline/Pipeline.php(209): Illuminate/Http/Middleware/TrustProxies->handle(Object(Illuminate/Http/Request), Object(Closure))
#43 C:/laragon/www/usama-fandaqah/vendor/laravel/framework/src/Illuminate/Foundation/Http/Middleware/InvokeDeferredCallbacks.php(22): Illuminate/Pipeline/Pipeline->Illuminate/Pipeline/{closure}(Object(Illuminate/Http/Request))
#44 C:/laragon/www/usama-fandaqah/vendor/laravel/framework/src/Illuminate/Pipeline/Pipeline.php(209): Illuminate/Foundation/Http/Middleware/InvokeDeferredCallbacks->handle(Object(Illuminate/Http/Request), Object(Closure))
#45 C:/laragon/www/usama-fandaqah/vendor/laravel/framework/src/Illuminate/Pipeline/Pipeline.php(127): Illuminate/Pipeline/Pipeline->Illuminate/Pipeline/{closure}(Object(Illuminate/Http/Request))
#46 C:/laragon/www/usama-fandaqah/vendor/laravel/framework/src/Illuminate/Foundation/Http/Kernel.php(176): Illuminate/Pipeline/Pipeline->then(Object(Closure))
#47 C:/laragon/www/usama-fandaqah/vendor/laravel/framework/src/Illuminate/Foundation/Http/Kernel.php(145): Illuminate/Foundation/Http/Kernel->sendRequestThroughRouter(Object(Illuminate/Http/Request))
#48 C:/laragon/www/usama-fandaqah/vendor/laravel/framework/src/Illuminate/Foundation/Testing/Concerns/MakesHttpRequests.php(607): Illuminate/Foundation/Http/Kernel->handle(Object(Illuminate/Http/Request))
#49 C:/laragon/www/usama-fandaqah/vendor/laravel/framework/src/Illuminate/Foundation/Testing/Concerns/MakesHttpRequests.php(573): Illuminate/Foundation/Testing/TestCase->call('POST', '/api/night-audi...', Array, Array, Array, Array, '[]')
#50 C:/laragon/www/usama-fandaqah/vendor/laravel/framework/src/Illuminate/Foundation/Testing/Concerns/MakesHttpRequests.php(411): Illuminate/Foundation/Testing/TestCase->json('POST', '/api/night-audi...', Array, Array, 0)
#51 C:/laragon/www/usama-fandaqah/tests/Feature/NightAuditRerunTest.php(97): Illuminate/Foundation/Testing/TestCase->postJson('/api/night-audi...')
#52 C:/laragon/www/usama-fandaqah/vendor/phpunit/phpunit/src/Framework/TestCase.php(1667): Tests/Feature/NightAuditRerunTest->test_rerun_recent_audit_succeeds()
#53 C:/laragon/www/usama-fandaqah/vendor/phpunit/phpunit/src/Framework/TestCase.php(519): PHPUnit/Framework/TestCase->runTest()
#54 C:/laragon/www/usama-fandaqah/vendor/phpunit/phpunit/src/Framework/TestRunner/TestRunner.php(87): PHPUnit/Framework/TestCase->runBare()
#55 C:/laragon/www/usama-fandaqah/vendor/phpunit/phpunit/src/Framework/TestCase.php(365): PHPUnit/Framework/TestRunner->run(Object(Tests/Feature/NightAuditRerunTest))
#56 C:/laragon/www/usama-fandaqah/vendor/phpunit/phpunit/src/Framework/TestSuite.php(369): PHPUnit/Framework/TestCase->run()
#57 C:/laragon/www/usama-fandaqah/vendor/phpunit/phpunit/src/TextUI/TestRunner.php(64): PHPUnit/Framework/TestSuite->run()
#58 C:/laragon/www/usama-fandaqah/vendor/phpunit/phpunit/src/TextUI/Application.php(211): PHPUnit/TextUI/TestRunner->run(Object(PHPUnit/TextUI/Configuration/Configuration), Object(PHPUnit/Runner/ResultCache/DefaultResultCache), Object(PHPUnit/Framework/TestSuite))
#59 C:/laragon/www/usama-fandaqah/vendor/phpunit/phpunit/phpunit(104): PHPUnit/TextUI/Application->run(Array)
#60 C:/laragon/www/usama-fandaqah/vendor/bin/phpunit(122): include('C://laragon//www//...')
#61 {main}

[previous exception] [object] (ReflectionException(code: -1): Class \"App\\Http\\Controllers\\Api\\NightAuditRerunService\" does not exist at C:/laragon/www/usama-fandaqah/vendor/laravel/framework/src/Illuminate/Container/Container.php:959)
[stacktrace]
#0 C:/laragon/www/usama-fandaqah/vendor/laravel/framework/src/Illuminate/Container/Container.php(959): ReflectionClass->__construct('App//Http//Contro...')
#1 C:/laragon/www/usama-fandaqah/vendor/laravel/framework/src/Illuminate/Container/Container.php(832): Illuminate/Container/Container->build('App//Http//Contro...')
#2 C:/laragon/www/usama-fandaqah/vendor/laravel/framework/src/Illuminate/Foundation/Application.php(1078): Illuminate/Container/Container->resolve('App//Http//Contro...', Array, true)
#3 C:/laragon/www/usama-fandaqah/vendor/laravel/framework/src/Illuminate/Container/Container.php(763): Illuminate/Foundation/Application->resolve('App//Http//Contro...', Array)
#4 C:/laragon/www/usama-fandaqah/vendor/laravel/framework/src/Illuminate/Foundation/Application.php(1058): Illuminate/Container/Container->make('App//Http//Contro...', Array)
#5 C:/laragon/www/usama-fandaqah/vendor/laravel/framework/src/Illuminate/Container/Container.php(1133): Illuminate/Foundation/Application->make('App//Http//Contro...')
#6 C:/laragon/www/usama-fandaqah/vendor/laravel/framework/src/Illuminate/Container/Container.php(1043): Illuminate/Container/Container->resolveClass(Object(ReflectionParameter))
#7 C:/laragon/www/usama-fandaqah/vendor/laravel/framework/src/Illuminate/Container/Container.php(994): Illuminate/Container/Container->resolveDependencies(Array)
#8 C:/laragon/www/usama-fandaqah/vendor/laravel/framework/src/Illuminate/Container/Container.php(832): Illuminate/Container/Container->build('App//Http//Contro...')
#9 C:/laragon/www/usama-fandaqah/vendor/laravel/framework/src/Illuminate/Foundation/Application.php(1078): Illuminate/Container/Container->resolve('App//Http//Contro...', Array, true)
#10 C:/laragon/www/usama-fandaqah/vendor/laravel/framework/src/Illuminate/Container/Container.php(763): Illuminate/Foundation/Application->resolve('App//Http//Contro...', Array)
#11 C:/laragon/www/usama-fandaqah/vendor/laravel/framework/src/Illuminate/Foundation/Application.php(1058): Illuminate/Container/Container->make('App//Http//Contro...', Array)
#12 C:/laragon/www/usama-fandaqah/vendor/laravel/framework/src/Illuminate/Routing/Route.php(285): Illuminate/Foundation/Application->make('App//Http//Contro...')
#13 C:/laragon/www/usama-fandaqah/vendor/laravel/framework/src/Illuminate/Routing/Route.php(267): Illuminate/Routing/Route->getController()
#14 C:/laragon/www/usama-fandaqah/vendor/laravel/framework/src/Illuminate/Routing/Route.php(212): Illuminate/Routing/Route->runController()
#15 C:/laragon/www/usama-fandaqah/vendor/laravel/framework/src/Illuminate/Routing/Router.php(808): Illuminate/Routing/Route->run()
#16 C:/laragon/www/usama-fandaqah/vendor/laravel/framework/src/Illuminate/Pipeline/Pipeline.php(170): Illuminate/Routing/Router->Illuminate/Routing/{closure}(Object(Illuminate/Http/Request))
#17 C:/laragon/www/usama-fandaqah/vendor/laravel/framework/src/Illuminate/Routing/Middleware/SubstituteBindings.php(51): Illuminate/Pipeline/Pipeline->Illuminate/Pipeline/{closure}(Object(Illuminate/Http/Request))
#18 C:/laragon/www/usama-fandaqah/vendor/laravel/framework/src/Illuminate/Pipeline/Pipeline.php(209): Illuminate/Routing/Middleware/SubstituteBindings->handle(Object(Illuminate/Http/Request), Object(Closure))
#19 C:/laragon/www/usama-fandaqah/vendor/laravel/framework/src/Illuminate/Auth/Middleware/Authenticate.php(64): Illuminate/Pipeline/Pipeline->Illuminate/Pipeline/{closure}(Object(Illuminate/Http/Request))
#20 C:/laragon/www/usama-fandaqah/vendor/laravel/framework/src/Illuminate/Pipeline/Pipeline.php(209): Illuminate/Auth/Middleware/Authenticate->handle(Object(Illuminate/Http/Request), Object(Closure), 'sanctum')
#21 C:/laragon/www/usama-fandaqah/vendor/laravel/framework/src/Illuminate/Pipeline/Pipeline.php(127): Illuminate/Pipeline/Pipeline->Illuminate/Pipeline/{closure}(Object(Illuminate/Http/Request))
#22 C:/laragon/www/usama-fandaqah/vendor/laravel/framework/src/Illuminate/Routing/Router.php(807): Illuminate/Pipeline/Pipeline->then(Object(Closure))
#23 C:/laragon/www/usama-fandaqah/vendor/laravel/framework/src/Illuminate/Routing/Router.php(786): Illuminate/Routing/Router->runRouteWithinStack(Object(Illuminate/Routing/Route), Object(Illuminate/Http/Request))
#24 C:/laragon/www/usama-fandaqah/vendor/laravel/framework/src/Illuminate/Routing/Router.php(750): Illuminate/Routing/Router->runRoute(Object(Illuminate/Http/Request), Object(Illuminate/Routing/Route))
#25 C:/laragon/www/usama-fandaqah/vendor/laravel/framework/src/Illuminate/Routing/Router.php(739): Illuminate/Routing/Router->dispatchToRoute(Object(Illuminate/Http/Request))
#26 C:/laragon/www/usama-fandaqah/vendor/laravel/framework/src/Illuminate/Foundation/Http/Kernel.php(201): Illuminate/Routing/Router->dispatch(Object(Illuminate/Http/Request))
#27 C:/laragon/www/usama-fandaqah/vendor/laravel/framework/src/Illuminate/Pipeline/Pipeline.php(170): Illuminate/Foundation/Http/Kernel->Illuminate/Foundation/Http/{closure}(Object(Illuminate/Http/Request))
#28 C:/laragon/www/usama-fandaqah/laravelnova/src/Http/Middleware/ServeNova.php(23): Illuminate/Pipeline/Pipeline->Illuminate/Pipeline/{closure}(Object(Illuminate/Http/Request))
#29 C:/laragon/www/usama-fandaqah/vendor/laravel/framework/src/Illuminate/Pipeline/Pipeline.php(209): Laravel/Nova/Http/Middleware/ServeNova->handle(Object(Illuminate/Http/Request), Object(Closure))
#30 C:/laragon/www/usama-fandaqah/vendor/laravel/framework/src/Illuminate/Foundation/Http/Middleware/TransformsRequest.php(21): Illuminate/Pipeline/Pipeline->Illuminate/Pipeline/{closure}(Object(Illuminate/Http/Request))
#31 C:/laragon/www/usama-fandaqah/vendor/laravel/framework/src/Illuminate/Foundation/Http/Middleware/ConvertEmptyStringsToNull.php(31): Illuminate/Foundation/Http/Middleware/TransformsRequest->handle(Object(Illuminate/Http/Request), Object(Closure))
#32 C:/laragon/www/usama-fandaqah/vendor/laravel/framework/src/Illuminate/Pipeline/Pipeline.php(209): Illuminate/Foundation/Http/Middleware/ConvertEmptyStringsToNull->handle(Object(Illuminate/Http/Request), Object(Closure))
#33 C:/laragon/www/usama-fandaqah/vendor/laravel/framework/src/Illuminate/Foundation/Http/Middleware/TransformsRequest.php(21): Illuminate/Pipeline/Pipeline->Illuminate/Pipeline/{closure}(Object(Illuminate/Http/Request))
#34 C:/laragon/www/usama-fandaqah/vendor/laravel/framework/src/Illuminate/Foundation/Http/Middleware/TrimStrings.php(51): Illuminate/Foundation/Http/Middleware/TransformsRequest->handle(Object(Illuminate/Http/Request), Object(Closure))
#35 C:/laragon/www/usama-fandaqah/vendor/laravel/framework/src/Illuminate/Pipeline/Pipeline.php(209): Illuminate/Foundation/Http/Middleware/TrimStrings->handle(Object(Illuminate/Http/Request), Object(Closure))
#36 C:/laragon/www/usama-fandaqah/vendor/laravel/framework/src/Illuminate/Http/Middleware/ValidatePostSize.php(27): Illuminate/Pipeline/Pipeline->Illuminate/Pipeline/{closure}(Object(Illuminate/Http/Request))
#37 C:/laragon/www/usama-fandaqah/vendor/laravel/framework/src/Illuminate/Pipeline/Pipeline.php(209): Illuminate/Http/Middleware/ValidatePostSize->handle(Object(Illuminate/Http/Request), Object(Closure))
#38 C:/laragon/www/usama-fandaqah/vendor/laravel/framework/src/Illuminate/Foundation/Http/Middleware/PreventRequestsDuringMaintenance.php(110): Illuminate/Pipeline/Pipeline->Illuminate/Pipeline/{closure}(Object(Illuminate/Http/Request))
#39 C:/laragon/www/usama-fandaqah/vendor/laravel/framework/src/Illuminate/Pipeline/Pipeline.php(209): Illuminate/Foundation/Http/Middleware/PreventRequestsDuringMaintenance->handle(Object(Illuminate/Http/Request), Object(Closure))
#40 C:/laragon/www/usama-fandaqah/vendor/laravel/framework/src/Illuminate/Http/Middleware/HandleCors.php(62): Illuminate/Pipeline/Pipeline->Illuminate/Pipeline/{closure}(Object(Illuminate/Http/Request))
#41 C:/laragon/www/usama-fandaqah/vendor/laravel/framework/src/Illuminate/Pipeline/Pipeline.php(209): Illuminate/Http/Middleware/HandleCors->handle(Object(Illuminate/Http/Request), Object(Closure))
#42 C:/laragon/www/usama-fandaqah/vendor/laravel/framework/src/Illuminate/Http/Middleware/TrustProxies.php(58): Illuminate/Pipeline/Pipeline->Illuminate/Pipeline/{closure}(Object(Illuminate/Http/Request))
#43 C:/laragon/www/usama-fandaqah/vendor/laravel/framework/src/Illuminate/Pipeline/Pipeline.php(209): Illuminate/Http/Middleware/TrustProxies->handle(Object(Illuminate/Http/Request), Object(Closure))
#44 C:/laragon/www/usama-fandaqah/vendor/laravel/framework/src/Illuminate/Foundation/Http/Middleware/InvokeDeferredCallbacks.php(22): Illuminate/Pipeline/Pipeline->Illuminate/Pipeline/{closure}(Object(Illuminate/Http/Request))
#45 C:/laragon/www/usama-fandaqah/vendor/laravel/framework/src/Illuminate/Pipeline/Pipeline.php(209): Illuminate/Foundation/Http/Middleware/InvokeDeferredCallbacks->handle(Object(Illuminate/Http/Request), Object(Closure))
#46 C:/laragon/www/usama-fandaqah/vendor/laravel/framework/src/Illuminate/Pipeline/Pipeline.php(127): Illuminate/Pipeline/Pipeline->Illuminate/Pipeline/{closure}(Object(Illuminate/Http/Request))
#47 C:/laragon/www/usama-fandaqah/vendor/laravel/framework/src/Illuminate/Foundation/Http/Kernel.php(176): Illuminate/Pipeline/Pipeline->then(Object(Closure))
#48 C:/laragon/www/usama-fandaqah/vendor/laravel/framework/src/Illuminate/Foundation/Http/Kernel.php(145): Illuminate/Foundation/Http/Kernel->sendRequestThroughRouter(Object(Illuminate/Http/Request))
#49 C:/laragon/www/usama-fandaqah/vendor/laravel/framework/src/Illuminate/Foundation/Testing/Concerns/MakesHttpRequests.php(607): Illuminate/Foundation/Http/Kernel->handle(Object(Illuminate/Http/Request))
#50 C:/laragon/www/usama-fandaqah/vendor/laravel/framework/src/Illuminate/Foundation/Testing/Concerns/MakesHttpRequests.php(573): Illuminate/Foundation/Testing/TestCase->call('POST', '/api/night-audi...', Array, Array, Array, Array, '[]')
#51 C:/laragon/www/usama-fandaqah/vendor/laravel/framework/src/Illuminate/Foundation/Testing/Concerns/MakesHttpRequests.php(411): Illuminate/Foundation/Testing/TestCase->json('POST', '/api/night-audi...', Array, Array, 0)
#52 C:/laragon/www/usama-fandaqah/tests/Feature/NightAuditRerunTest.php(97): Illuminate/Foundation/Testing/TestCase->postJson('/api/night-audi...')
#53 C:/laragon/www/usama-fandaqah/vendor/phpunit/phpunit/src/Framework/TestCase.php(1667): Tests/Feature/NightAuditRerunTest->test_rerun_recent_audit_succeeds()
#54 C:/laragon/www/usama-fandaqah/vendor/phpunit/phpunit/src/Framework/TestCase.php(519): PHPUnit/Framework/TestCase->runTest()
#55 C:/laragon/www/usama-fandaqah/vendor/phpunit/phpunit/src/Framework/TestRunner/TestRunner.php(87): PHPUnit/Framework/TestCase->runBare()
#56 C:/laragon/www/usama-fandaqah/vendor/phpunit/phpunit/src/Framework/TestCase.php(365): PHPUnit/Framework/TestRunner->run(Object(Tests/Feature/NightAuditRerunTest))
#57 C:/laragon/www/usama-fandaqah/vendor/phpunit/phpunit/src/Framework/TestSuite.php(369): PHPUnit/Framework/TestCase->run()
#58 C:/laragon/www/usama-fandaqah/vendor/phpunit/phpunit/src/TextUI/TestRunner.php(64): PHPUnit/Framework/TestSuite->run()
#59 C:/laragon/www/usama-fandaqah/vendor/phpunit/phpunit/src/TextUI/Application.php(211): PHPUnit/TextUI/TestRunner->run(Object(PHPUnit/TextUI/Configuration/Configuration), Object(PHPUnit/Runner/ResultCache/DefaultResultCache), Object(PHPUnit/Framework/TestSuite))
#60 C:/laragon/www/usama-fandaqah/vendor/phpunit/phpunit/phpunit(104): PHPUnit/TextUI/Application->run(Array)
#61 C:/laragon/www/usama-fandaqah/vendor/bin/phpunit(122): include('C://laragon//www//...')
#62 {main}
"} 
[2026-04-30 14:45:05] local.ERROR: Target class [App\Http\Controllers\Api\NightAuditRerunService] does not exist. {"userId":66,"exception":"[object] (Illuminate\\Contracts\\Container\\BindingResolutionException(code: 0): Target class [App\\Http\\Controllers\\Api\\NightAuditRerunService] does not exist. at C:/laragon/www/usama-fandaqah/vendor/laravel/framework/src/Illuminate/Container/Container.php:961)
[stacktrace]
#0 C:/laragon/www/usama-fandaqah/vendor/laravel/framework/src/Illuminate/Container/Container.php(832): Illuminate/Container/Container->build('App//Http//Contro...')
#1 C:/laragon/www/usama-fandaqah/vendor/laravel/framework/src/Illuminate/Foundation/Application.php(1078): Illuminate/Container/Container->resolve('App//Http//Contro...', Array, true)
#2 C:/laragon/www/usama-fandaqah/vendor/laravel/framework/src/Illuminate/Container/Container.php(763): Illuminate/Foundation/Application->resolve('App//Http//Contro...', Array)
#3 C:/laragon/www/usama-fandaqah/vendor/laravel/framework/src/Illuminate/Foundation/Application.php(1058): Illuminate/Container/Container->make('App//Http//Contro...', Array)
#4 C:/laragon/www/usama-fandaqah/vendor/laravel/framework/src/Illuminate/Container/Container.php(1133): Illuminate/Foundation/Application->make('App//Http//Contro...')
#5 C:/laragon/www/usama-fandaqah/vendor/laravel/framework/src/Illuminate/Container/Container.php(1043): Illuminate/Container/Container->resolveClass(Object(ReflectionParameter))
#6 C:/laragon/www/usama-fandaqah/vendor/laravel/framework/src/Illuminate/Container/Container.php(994): Illuminate/Container/Container->resolveDependencies(Array)
#7 C:/laragon/www/usama-fandaqah/vendor/laravel/framework/src/Illuminate/Container/Container.php(832): Illuminate/Container/Container->build('App//Http//Contro...')
#8 C:/laragon/www/usama-fandaqah/vendor/laravel/framework/src/Illuminate/Foundation/Application.php(1078): Illuminate/Container/Container->resolve('App//Http//Contro...', Array, true)
#9 C:/laragon/www/usama-fandaqah/vendor/laravel/framework/src/Illuminate/Container/Container.php(763): Illuminate/Foundation/Application->resolve('App//Http//Contro...', Array)
#10 C:/laragon/www/usama-fandaqah/vendor/laravel/framework/src/Illuminate/Foundation/Application.php(1058): Illuminate/Container/Container->make('App//Http//Contro...', Array)
#11 C:/laragon/www/usama-fandaqah/vendor/laravel/framework/src/Illuminate/Routing/Route.php(285): Illuminate/Foundation/Application->make('App//Http//Contro...')
#12 C:/laragon/www/usama-fandaqah/vendor/laravel/framework/src/Illuminate/Routing/Route.php(267): Illuminate/Routing/Route->getController()
#13 C:/laragon/www/usama-fandaqah/vendor/laravel/framework/src/Illuminate/Routing/Route.php(212): Illuminate/Routing/Route->runController()
#14 C:/laragon/www/usama-fandaqah/vendor/laravel/framework/src/Illuminate/Routing/Router.php(808): Illuminate/Routing/Route->run()
#15 C:/laragon/www/usama-fandaqah/vendor/laravel/framework/src/Illuminate/Pipeline/Pipeline.php(170): Illuminate/Routing/Router->Illuminate/Routing/{closure}(Object(Illuminate/Http/Request))
#16 C:/laragon/www/usama-fandaqah/vendor/laravel/framework/src/Illuminate/Routing/Middleware/SubstituteBindings.php(51): Illuminate/Pipeline/Pipeline->Illuminate/Pipeline/{closure}(Object(Illuminate/Http/Request))
#17 C:/laragon/www/usama-fandaqah/vendor/laravel/framework/src/Illuminate/Pipeline/Pipeline.php(209): Illuminate/Routing/Middleware/SubstituteBindings->handle(Object(Illuminate/Http/Request), Object(Closure))
#18 C:/laragon/www/usama-fandaqah/vendor/laravel/framework/src/Illuminate/Auth/Middleware/Authenticate.php(64): Illuminate/Pipeline/Pipeline->Illuminate/Pipeline/{closure}(Object(Illuminate/Http/Request))
#19 C:/laragon/www/usama-fandaqah/vendor/laravel/framework/src/Illuminate/Pipeline/Pipeline.php(209): Illuminate/Auth/Middleware/Authenticate->handle(Object(Illuminate/Http/Request), Object(Closure), 'sanctum')
#20 C:/laragon/www/usama-fandaqah/vendor/laravel/framework/src/Illuminate/Pipeline/Pipeline.php(127): Illuminate/Pipeline/Pipeline->Illuminate/Pipeline/{closure}(Object(Illuminate/Http/Request))
#21 C:/laragon/www/usama-fandaqah/vendor/laravel/framework/src/Illuminate/Routing/Router.php(807): Illuminate/Pipeline/Pipeline->then(Object(Closure))
#22 C:/laragon/www/usama-fandaqah/vendor/laravel/framework/src/Illuminate/Routing/Router.php(786): Illuminate/Routing/Router->runRouteWithinStack(Object(Illuminate/Routing/Route), Object(Illuminate/Http/Request))
#23 C:/laragon/www/usama-fandaqah/vendor/laravel/framework/src/Illuminate/Routing/Router.php(750): Illuminate/Routing/Router->runRoute(Object(Illuminate/Http/Request), Object(Illuminate/Routing/Route))
#24 C:/laragon/www/usama-fandaqah/vendor/laravel/framework/src/Illuminate/Routing/Router.php(739): Illuminate/Routing/Router->dispatchToRoute(Object(Illuminate/Http/Request))
#25 C:/laragon/www/usama-fandaqah/vendor/laravel/framework/src/Illuminate/Foundation/Http/Kernel.php(201): Illuminate/Routing/Router->dispatch(Object(Illuminate/Http/Request))
#26 C:/laragon/www/usama-fandaqah/vendor/laravel/framework/src/Illuminate/Pipeline/Pipeline.php(170): Illuminate/Foundation/Http/Kernel->Illuminate/Foundation/Http/{closure}(Object(Illuminate/Http/Request))
#27 C:/laragon/www/usama-fandaqah/laravelnova/src/Http/Middleware/ServeNova.php(23): Illuminate/Pipeline/Pipeline->Illuminate/Pipeline/{closure}(Object(Illuminate/Http/Request))
#28 C:/laragon/www/usama-fandaqah/vendor/laravel/framework/src/Illuminate/Pipeline/Pipeline.php(209): Laravel/Nova/Http/Middleware/ServeNova->handle(Object(Illuminate/Http/Request), Object(Closure))
#29 C:/laragon/www/usama-fandaqah/vendor/laravel/framework/src/Illuminate/Foundation/Http/Middleware/TransformsRequest.php(21): Illuminate/Pipeline/Pipeline->Illuminate/Pipeline/{closure}(Object(Illuminate/Http/Request))
#30 C:/laragon/www/usama-fandaqah/vendor/laravel/framework/src/Illuminate/Foundation/Http/Middleware/ConvertEmptyStringsToNull.php(31): Illuminate/Foundation/Http/Middleware/TransformsRequest->handle(Object(Illuminate/Http/Request), Object(Closure))
#31 C:/laragon/www/usama-fandaqah/vendor/laravel/framework/src/Illuminate/Pipeline/Pipeline.php(209): Illuminate/Foundation/Http/Middleware/ConvertEmptyStringsToNull->handle(Object(Illuminate/Http/Request), Object(Closure))
#32 C:/laragon/www/usama-fandaqah/vendor/laravel/framework/src/Illuminate/Foundation/Http/Middleware/TransformsRequest.php(21): Illuminate/Pipeline/Pipeline->Illuminate/Pipeline/{closure}(Object(Illuminate/Http/Request))
#33 C:/laragon/www/usama-fandaqah/vendor/laravel/framework/src/Illuminate/Foundation/Http/Middleware/TrimStrings.php(51): Illuminate/Foundation/Http/Middleware/TransformsRequest->handle(Object(Illuminate/Http/Request), Object(Closure))
#34 C:/laragon/www/usama-fandaqah/vendor/laravel/framework/src/Illuminate/Pipeline/Pipeline.php(209): Illuminate/Foundation/Http/Middleware/TrimStrings->handle(Object(Illuminate/Http/Request), Object(Closure))
#35 C:/laragon/www/usama-fandaqah/vendor/laravel/framework/src/Illuminate/Http/Middleware/ValidatePostSize.php(27): Illuminate/Pipeline/Pipeline->Illuminate/Pipeline/{closure}(Object(Illuminate/Http/Request))
#36 C:/laragon/www/usama-fandaqah/vendor/laravel/framework/src/Illuminate/Pipeline/Pipeline.php(209): Illuminate/Http/Middleware/ValidatePostSize->handle(Object(Illuminate/Http/Request), Object(Closure))
#37 C:/laragon/www/usama-fandaqah/vendor/laravel/framework/src/Illuminate/Foundation/Http/Middleware/PreventRequestsDuringMaintenance.php(110): Illuminate/Pipeline/Pipeline->Illuminate/Pipeline/{closure}(Object(Illuminate/Http/Request))
#38 C:/laragon/www/usama-fandaqah/vendor/laravel/framework/src/Illuminate/Pipeline/Pipeline.php(209): Illuminate/Foundation/Http/Middleware/PreventRequestsDuringMaintenance->handle(Object(Illuminate/Http/Request), Object(Closure))
#39 C:/laragon/www/usama-fandaqah/vendor/laravel/framework/src/Illuminate/Http/Middleware/HandleCors.php(62): Illuminate/Pipeline/Pipeline->Illuminate/Pipeline/{closure}(Object(Illuminate/Http/Request))
#40 C:/laragon/www/usama-fandaqah/vendor/laravel/framework/src/Illuminate/Pipeline/Pipeline.php(209): Illuminate/Http/Middleware/HandleCors->handle(Object(Illuminate/Http/Request), Object(Closure))
#41 C:/laragon/www/usama-fandaqah/vendor/laravel/framework/src/Illuminate/Http/Middleware/TrustProxies.php(58): Illuminate/Pipeline/Pipeline->Illuminate/Pipeline/{closure}(Object(Illuminate/Http/Request))
#42 C:/laragon/www/usama-fandaqah/vendor/laravel/framework/src/Illuminate/Pipeline/Pipeline.php(209): Illuminate/Http/Middleware/TrustProxies->handle(Object(Illuminate/Http/Request), Object(Closure))
#43 C:/laragon/www/usama-fandaqah/vendor/laravel/framework/src/Illuminate/Foundation/Http/Middleware/InvokeDeferredCallbacks.php(22): Illuminate/Pipeline/Pipeline->Illuminate/Pipeline/{closure}(Object(Illuminate/Http/Request))
#44 C:/laragon/www/usama-fandaqah/vendor/laravel/framework/src/Illuminate/Pipeline/Pipeline.php(209): Illuminate/Foundation/Http/Middleware/InvokeDeferredCallbacks->handle(Object(Illuminate/Http/Request), Object(Closure))
#45 C:/laragon/www/usama-fandaqah/vendor/laravel/framework/src/Illuminate/Pipeline/Pipeline.php(127): Illuminate/Pipeline/Pipeline->Illuminate/Pipeline/{closure}(Object(Illuminate/Http/Request))
#46 C:/laragon/www/usama-fandaqah/vendor/laravel/framework/src/Illuminate/Foundation/Http/Kernel.php(176): Illuminate/Pipeline/Pipeline->then(Object(Closure))
#47 C:/laragon/www/usama-fandaqah/vendor/laravel/framework/src/Illuminate/Foundation/Http/Kernel.php(145): Illuminate/Foundation/Http/Kernel->sendRequestThroughRouter(Object(Illuminate/Http/Request))
#48 C:/laragon/www/usama-fandaqah/vendor/laravel/framework/src/Illuminate/Foundation/Testing/Concerns/MakesHttpRequests.php(607): Illuminate/Foundation/Http/Kernel->handle(Object(Illuminate/Http/Request))
#49 C:/laragon/www/usama-fandaqah/vendor/laravel/framework/src/Illuminate/Foundation/Testing/Concerns/MakesHttpRequests.php(573): Illuminate/Foundation/Testing/TestCase->call('POST', '/api/night-audi...', Array, Array, Array, Array, '[]')
#50 C:/laragon/www/usama-fandaqah/vendor/laravel/framework/src/Illuminate/Foundation/Testing/Concerns/MakesHttpRequests.php(411): Illuminate/Foundation/Testing/TestCase->json('POST', '/api/night-audi...', Array, Array, 0)
#51 C:/laragon/www/usama-fandaqah/tests/Feature/NightAuditRerunTest.php(121): Illuminate/Foundation/Testing/TestCase->postJson('/api/night-audi...')
#52 C:/laragon/www/usama-fandaqah/vendor/phpunit/phpunit/src/Framework/TestCase.php(1667): Tests/Feature/NightAuditRerunTest->test_rerun_historical_audit_fails_without_reason()
#53 C:/laragon/www/usama-fandaqah/vendor/phpunit/phpunit/src/Framework/TestCase.php(519): PHPUnit/Framework/TestCase->runTest()
#54 C:/laragon/www/usama-fandaqah/vendor/phpunit/phpunit/src/Framework/TestRunner/TestRunner.php(87): PHPUnit/Framework/TestCase->runBare()
#55 C:/laragon/www/usama-fandaqah/vendor/phpunit/phpunit/src/Framework/TestCase.php(365): PHPUnit/Framework/TestRunner->run(Object(Tests/Feature/NightAuditRerunTest))
#56 C:/laragon/www/usama-fandaqah/vendor/phpunit/phpunit/src/Framework/TestSuite.php(369): PHPUnit/Framework/TestCase->run()
#57 C:/laragon/www/usama-fandaqah/vendor/phpunit/phpunit/src/TextUI/TestRunner.php(64): PHPUnit/Framework/TestSuite->run()
#58 C:/laragon/www/usama-fandaqah/vendor/phpunit/phpunit/src/TextUI/Application.php(211): PHPUnit/TextUI/TestRunner->run(Object(PHPUnit/TextUI/Configuration/Configuration), Object(PHPUnit/Runner/ResultCache/DefaultResultCache), Object(PHPUnit/Framework/TestSuite))
#59 C:/laragon/www/usama-fandaqah/vendor/phpunit/phpunit/phpunit(104): PHPUnit/TextUI/Application->run(Array)
#60 C:/laragon/www/usama-fandaqah/vendor/bin/phpunit(122): include('C://laragon//www//...')
#61 {main}

[previous exception] [object] (ReflectionException(code: -1): Class \"App\\Http\\Controllers\\Api\\NightAuditRerunService\" does not exist at C:/laragon/www/usama-fandaqah/vendor/laravel/framework/src/Illuminate/Container/Container.php:959)
[stacktrace]
#0 C:/laragon/www/usama-fandaqah/vendor/laravel/framework/src/Illuminate/Container/Container.php(959): ReflectionClass->__construct('App//Http//Contro...')
#1 C:/laragon/www/usama-fandaqah/vendor/laravel/framework/src/Illuminate/Container/Container.php(832): Illuminate/Container/Container->build('App//Http//Contro...')
#2 C:/laragon/www/usama-fandaqah/vendor/laravel/framework/src/Illuminate/Foundation/Application.php(1078): Illuminate/Container/Container->resolve('App//Http//Contro...', Array, true)
#3 C:/laragon/www/usama-fandaqah/vendor/laravel/framework/src/Illuminate/Container/Container.php(763): Illuminate/Foundation/Application->resolve('App//Http//Contro...', Array)
#4 C:/laragon/www/usama-fandaqah/vendor/laravel/framework/src/Illuminate/Foundation/Application.php(1058): Illuminate/Container/Container->make('App//Http//Contro...', Array)
#5 C:/laragon/www/usama-fandaqah/vendor/laravel/framework/src/Illuminate/Container/Container.php(1133): Illuminate/Foundation/Application->make('App//Http//Contro...')
#6 C:/laragon/www/usama-fandaqah/vendor/laravel/framework/src/Illuminate/Container/Container.php(1043): Illuminate/Container/Container->resolveClass(Object(ReflectionParameter))
#7 C:/laragon/www/usama-fandaqah/vendor/laravel/framework/src/Illuminate/Container/Container.php(994): Illuminate/Container/Container->resolveDependencies(Array)
#8 C:/laragon/www/usama-fandaqah/vendor/laravel/framework/src/Illuminate/Container/Container.php(832): Illuminate/Container/Container->build('App//Http//Contro...')
#9 C:/laragon/www/usama-fandaqah/vendor/laravel/framework/src/Illuminate/Foundation/Application.php(1078): Illuminate/Container/Container->resolve('App//Http//Contro...', Array, true)
#10 C:/laragon/www/usama-fandaqah/vendor/laravel/framework/src/Illuminate/Container/Container.php(763): Illuminate/Foundation/Application->resolve('App//Http//Contro...', Array)
#11 C:/laragon/www/usama-fandaqah/vendor/laravel/framework/src/Illuminate/Foundation/Application.php(1058): Illuminate/Container/Container->make('App//Http//Contro...', Array)
#12 C:/laragon/www/usama-fandaqah/vendor/laravel/framework/src/Illuminate/Routing/Route.php(285): Illuminate/Foundation/Application->make('App//Http//Contro...')
#13 C:/laragon/www/usama-fandaqah/vendor/laravel/framework/src/Illuminate/Routing/Route.php(267): Illuminate/Routing/Route->getController()
#14 C:/laragon/www/usama-fandaqah/vendor/laravel/framework/src/Illuminate/Routing/Route.php(212): Illuminate/Routing/Route->runController()
#15 C:/laragon/www/usama-fandaqah/vendor/laravel/framework/src/Illuminate/Routing/Router.php(808): Illuminate/Routing/Route->run()
#16 C:/laragon/www/usama-fandaqah/vendor/laravel/framework/src/Illuminate/Pipeline/Pipeline.php(170): Illuminate/Routing/Router->Illuminate/Routing/{closure}(Object(Illuminate/Http/Request))
#17 C:/laragon/www/usama-fandaqah/vendor/laravel/framework/src/Illuminate/Routing/Middleware/SubstituteBindings.php(51): Illuminate/Pipeline/Pipeline->Illuminate/Pipeline/{closure}(Object(Illuminate/Http/Request))
#18 C:/laragon/www/usama-fandaqah/vendor/laravel/framework/src/Illuminate/Pipeline/Pipeline.php(209): Illuminate/Routing/Middleware/SubstituteBindings->handle(Object(Illuminate/Http/Request), Object(Closure))
#19 C:/laragon/www/usama-fandaqah/vendor/laravel/framework/src/Illuminate/Auth/Middleware/Authenticate.php(64): Illuminate/Pipeline/Pipeline->Illuminate/Pipeline/{closure}(Object(Illuminate/Http/Request))
#20 C:/laragon/www/usama-fandaqah/vendor/laravel/framework/src/Illuminate/Pipeline/Pipeline.php(209): Illuminate/Auth/Middleware/Authenticate->handle(Object(Illuminate/Http/Request), Object(Closure), 'sanctum')
#21 C:/laragon/www/usama-fandaqah/vendor/laravel/framework/src/Illuminate/Pipeline/Pipeline.php(127): Illuminate/Pipeline/Pipeline->Illuminate/Pipeline/{closure}(Object(Illuminate/Http/Request))
#22 C:/laragon/www/usama-fandaqah/vendor/laravel/framework/src/Illuminate/Routing/Router.php(807): Illuminate/Pipeline/Pipeline->then(Object(Closure))
#23 C:/laragon/www/usama-fandaqah/vendor/laravel/framework/src/Illuminate/Routing/Router.php(786): Illuminate/Routing/Router->runRouteWithinStack(Object(Illuminate/Routing/Route), Object(Illuminate/Http/Request))
#24 C:/laragon/www/usama-fandaqah/vendor/laravel/framework/src/Illuminate/Routing/Router.php(750): Illuminate/Routing/Router->runRoute(Object(Illuminate/Http/Request), Object(Illuminate/Routing/Route))
#25 C:/laragon/www/usama-fandaqah/vendor/laravel/framework/src/Illuminate/Routing/Router.php(739): Illuminate/Routing/Router->dispatchToRoute(Object(Illuminate/Http/Request))
#26 C:/laragon/www/usama-fandaqah/vendor/laravel/framework/src/Illuminate/Foundation/Http/Kernel.php(201): Illuminate/Routing/Router->dispatch(Object(Illuminate/Http/Request))
#27 C:/laragon/www/usama-fandaqah/vendor/laravel/framework/src/Illuminate/Pipeline/Pipeline.php(170): Illuminate/Foundation/Http/Kernel->Illuminate/Foundation/Http/{closure}(Object(Illuminate/Http/Request))
#28 C:/laragon/www/usama-fandaqah/laravelnova/src/Http/Middleware/ServeNova.php(23): Illuminate/Pipeline/Pipeline->Illuminate/Pipeline/{closure}(Object(Illuminate/Http/Request))
#29 C:/laragon/www/usama-fandaqah/vendor/laravel/framework/src/Illuminate/Pipeline/Pipeline.php(209): Laravel/Nova/Http/Middleware/ServeNova->handle(Object(Illuminate/Http/Request), Object(Closure))
#30 C:/laragon/www/usama-fandaqah/vendor/laravel/framework/src/Illuminate/Foundation/Http/Middleware/TransformsRequest.php(21): Illuminate/Pipeline/Pipeline->Illuminate/Pipeline/{closure}(Object(Illuminate/Http/Request))
#31 C:/laragon/www/usama-fandaqah/vendor/laravel/framework/src/Illuminate/Foundation/Http/Middleware/ConvertEmptyStringsToNull.php(31): Illuminate/Foundation/Http/Middleware/TransformsRequest->handle(Object(Illuminate/Http/Request), Object(Closure))
#32 C:/laragon/www/usama-fandaqah/vendor/laravel/framework/src/Illuminate/Pipeline/Pipeline.php(209): Illuminate/Foundation/Http/Middleware/ConvertEmptyStringsToNull->handle(Object(Illuminate/Http/Request), Object(Closure))
#33 C:/laragon/www/usama-fandaqah/vendor/laravel/framework/src/Illuminate/Foundation/Http/Middleware/TransformsRequest.php(21): Illuminate/Pipeline/Pipeline->Illuminate/Pipeline/{closure}(Object(Illuminate/Http/Request))
#34 C:/laragon/www/usama-fandaqah/vendor/laravel/framework/src/Illuminate/Foundation/Http/Middleware/TrimStrings.php(51): Illuminate/Foundation/Http/Middleware/TransformsRequest->handle(Object(Illuminate/Http/Request), Object(Closure))
#35 C:/laragon/www/usama-fandaqah/vendor/laravel/framework/src/Illuminate/Pipeline/Pipeline.php(209): Illuminate/Foundation/Http/Middleware/TrimStrings->handle(Object(Illuminate/Http/Request), Object(Closure))
#36 C:/laragon/www/usama-fandaqah/vendor/laravel/framework/src/Illuminate/Http/Middleware/ValidatePostSize.php(27): Illuminate/Pipeline/Pipeline->Illuminate/Pipeline/{closure}(Object(Illuminate/Http/Request))
#37 C:/laragon/www/usama-fandaqah/vendor/laravel/framework/src/Illuminate/Pipeline/Pipeline.php(209): Illuminate/Http/Middleware/ValidatePostSize->handle(Object(Illuminate/Http/Request), Object(Closure))
#38 C:/laragon/www/usama-fandaqah/vendor/laravel/framework/src/Illuminate/Foundation/Http/Middleware/PreventRequestsDuringMaintenance.php(110): Illuminate/Pipeline/Pipeline->Illuminate/Pipeline/{closure}(Object(Illuminate/Http/Request))
#39 C:/laragon/www/usama-fandaqah/vendor/laravel/framework/src/Illuminate/Pipeline/Pipeline.php(209): Illuminate/Foundation/Http/Middleware/PreventRequestsDuringMaintenance->handle(Object(Illuminate/Http/Request), Object(Closure))
#40 C:/laragon/www/usama-fandaqah/vendor/laravel/framework/src/Illuminate/Http/Middleware/HandleCors.php(62): Illuminate/Pipeline/Pipeline->Illuminate/Pipeline/{closure}(Object(Illuminate/Http/Request))
#41 C:/laragon/www/usama-fandaqah/vendor/laravel/framework/src/Illuminate/Pipeline/Pipeline.php(209): Illuminate/Http/Middleware/HandleCors->handle(Object(Illuminate/Http/Request), Object(Closure))
#42 C:/laragon/www/usama-fandaqah/vendor/laravel/framework/src/Illuminate/Http/Middleware/TrustProxies.php(58): Illuminate/Pipeline/Pipeline->Illuminate/Pipeline/{closure}(Object(Illuminate/Http/Request))
#43 C:/laragon/www/usama-fandaqah/vendor/laravel/framework/src/Illuminate/Pipeline/Pipeline.php(209): Illuminate/Http/Middleware/TrustProxies->handle(Object(Illuminate/Http/Request), Object(Closure))
#44 C:/laragon/www/usama-fandaqah/vendor/laravel/framework/src/Illuminate/Foundation/Http/Middleware/InvokeDeferredCallbacks.php(22): Illuminate/Pipeline/Pipeline->Illuminate/Pipeline/{closure}(Object(Illuminate/Http/Request))
#45 C:/laragon/www/usama-fandaqah/vendor/laravel/framework/src/Illuminate/Pipeline/Pipeline.php(209): Illuminate/Foundation/Http/Middleware/InvokeDeferredCallbacks->handle(Object(Illuminate/Http/Request), Object(Closure))
#46 C:/laragon/www/usama-fandaqah/vendor/laravel/framework/src/Illuminate/Pipeline/Pipeline.php(127): Illuminate/Pipeline/Pipeline->Illuminate/Pipeline/{closure}(Object(Illuminate/Http/Request))
#47 C:/laragon/www/usama-fandaqah/vendor/laravel/framework/src/Illuminate/Foundation/Http/Kernel.php(176): Illuminate/Pipeline/Pipeline->then(Object(Closure))
#48 C:/laragon/www/usama-fandaqah/vendor/laravel/framework/src/Illuminate/Foundation/Http/Kernel.php(145): Illuminate/Foundation/Http/Kernel->sendRequestThroughRouter(Object(Illuminate/Http/Request))
#49 C:/laragon/www/usama-fandaqah/vendor/laravel/framework/src/Illuminate/Foundation/Testing/Concerns/MakesHttpRequests.php(607): Illuminate/Foundation/Http/Kernel->handle(Object(Illuminate/Http/Request))
#50 C:/laragon/www/usama-fandaqah/vendor/laravel/framework/src/Illuminate/Foundation/Testing/Concerns/MakesHttpRequests.php(573): Illuminate/Foundation/Testing/TestCase->call('POST', '/api/night-audi...', Array, Array, Array, Array, '[]')
#51 C:/laragon/www/usama-fandaqah/vendor/laravel/framework/src/Illuminate/Foundation/Testing/Concerns/MakesHttpRequests.php(411): Illuminate/Foundation/Testing/TestCase->json('POST', '/api/night-audi...', Array, Array, 0)
#52 C:/laragon/www/usama-fandaqah/tests/Feature/NightAuditRerunTest.php(121): Illuminate/Foundation/Testing/TestCase->postJson('/api/night-audi...')
#53 C:/laragon/www/usama-fandaqah/vendor/phpunit/phpunit/src/Framework/TestCase.php(1667): Tests/Feature/NightAuditRerunTest->test_rerun_historical_audit_fails_without_reason()
#54 C:/laragon/www/usama-fandaqah/vendor/phpunit/phpunit/src/Framework/TestCase.php(519): PHPUnit/Framework/TestCase->runTest()
#55 C:/laragon/www/usama-fandaqah/vendor/phpunit/phpunit/src/Framework/TestRunner/TestRunner.php(87): PHPUnit/Framework/TestCase->runBare()
#56 C:/laragon/www/usama-fandaqah/vendor/phpunit/phpunit/src/Framework/TestCase.php(365): PHPUnit/Framework/TestRunner->run(Object(Tests/Feature/NightAuditRerunTest))
#57 C:/laragon/www/usama-fandaqah/vendor/phpunit/phpunit/src/Framework/TestSuite.php(369): PHPUnit/Framework/TestCase->run()
#58 C:/laragon/www/usama-fandaqah/vendor/phpunit/phpunit/src/TextUI/TestRunner.php(64): PHPUnit/Framework/TestSuite->run()
#59 C:/laragon/www/usama-fandaqah/vendor/phpunit/phpunit/src/TextUI/Application.php(211): PHPUnit/TextUI/TestRunner->run(Object(PHPUnit/TextUI/Configuration/Configuration), Object(PHPUnit/Runner/ResultCache/DefaultResultCache), Object(PHPUnit/Framework/TestSuite))
#60 C:/laragon/www/usama-fandaqah/vendor/phpunit/phpunit/phpunit(104): PHPUnit/TextUI/Application->run(Array)
#61 C:/laragon/www/usama-fandaqah/vendor/bin/phpunit(122): include('C://laragon//www//...')
#62 {main}
"} 
[2026-04-30 14:45:06] local.ERROR: Target class [App\Http\Controllers\Api\NightAuditRerunService] does not exist. {"userId":67,"exception":"[object] (Illuminate\\Contracts\\Container\\BindingResolutionException(code: 0): Target class [App\\Http\\Controllers\\Api\\NightAuditRerunService] does not exist. at C:/laragon/www/usama-fandaqah/vendor/laravel/framework/src/Illuminate/Container/Container.php:961)
[stacktrace]
#0 C:/laragon/www/usama-fandaqah/vendor/laravel/framework/src/Illuminate/Container/Container.php(832): Illuminate/Container/Container->build('App//Http//Contro...')
#1 C:/laragon/www/usama-fandaqah/vendor/laravel/framework/src/Illuminate/Foundation/Application.php(1078): Illuminate/Container/Container->resolve('App//Http//Contro...', Array, true)
#2 C:/laragon/www/usama-fandaqah/vendor/laravel/framework/src/Illuminate/Container/Container.php(763): Illuminate/Foundation/Application->resolve('App//Http//Contro...', Array)
#3 C:/laragon/www/usama-fandaqah/vendor/laravel/framework/src/Illuminate/Foundation/Application.php(1058): Illuminate/Container/Container->make('App//Http//Contro...', Array)
#4 C:/laragon/www/usama-fandaqah/vendor/laravel/framework/src/Illuminate/Container/Container.php(1133): Illuminate/Foundation/Application->make('App//Http//Contro...')
#5 C:/laragon/www/usama-fandaqah/vendor/laravel/framework/src/Illuminate/Container/Container.php(1043): Illuminate/Container/Container->resolveClass(Object(ReflectionParameter))
#6 C:/laragon/www/usama-fandaqah/vendor/laravel/framework/src/Illuminate/Container/Container.php(994): Illuminate/Container/Container->resolveDependencies(Array)
#7 C:/laragon/www/usama-fandaqah/vendor/laravel/framework/src/Illuminate/Container/Container.php(832): Illuminate/Container/Container->build('App//Http//Contro...')
#8 C:/laragon/www/usama-fandaqah/vendor/laravel/framework/src/Illuminate/Foundation/Application.php(1078): Illuminate/Container/Container->resolve('App//Http//Contro...', Array, true)
#9 C:/laragon/www/usama-fandaqah/vendor/laravel/framework/src/Illuminate/Container/Container.php(763): Illuminate/Foundation/Application->resolve('App//Http//Contro...', Array)
#10 C:/laragon/www/usama-fandaqah/vendor/laravel/framework/src/Illuminate/Foundation/Application.php(1058): Illuminate/Container/Container->make('App//Http//Contro...', Array)
#11 C:/laragon/www/usama-fandaqah/vendor/laravel/framework/src/Illuminate/Routing/Route.php(285): Illuminate/Foundation/Application->make('App//Http//Contro...')
#12 C:/laragon/www/usama-fandaqah/vendor/laravel/framework/src/Illuminate/Routing/Route.php(267): Illuminate/Routing/Route->getController()
#13 C:/laragon/www/usama-fandaqah/vendor/laravel/framework/src/Illuminate/Routing/Route.php(212): Illuminate/Routing/Route->runController()
#14 C:/laragon/www/usama-fandaqah/vendor/laravel/framework/src/Illuminate/Routing/Router.php(808): Illuminate/Routing/Route->run()
#15 C:/laragon/www/usama-fandaqah/vendor/laravel/framework/src/Illuminate/Pipeline/Pipeline.php(170): Illuminate/Routing/Router->Illuminate/Routing/{closure}(Object(Illuminate/Http/Request))
#16 C:/laragon/www/usama-fandaqah/vendor/laravel/framework/src/Illuminate/Routing/Middleware/SubstituteBindings.php(51): Illuminate/Pipeline/Pipeline->Illuminate/Pipeline/{closure}(Object(Illuminate/Http/Request))
#17 C:/laragon/www/usama-fandaqah/vendor/laravel/framework/src/Illuminate/Pipeline/Pipeline.php(209): Illuminate/Routing/Middleware/SubstituteBindings->handle(Object(Illuminate/Http/Request), Object(Closure))
#18 C:/laragon/www/usama-fandaqah/vendor/laravel/framework/src/Illuminate/Auth/Middleware/Authenticate.php(64): Illuminate/Pipeline/Pipeline->Illuminate/Pipeline/{closure}(Object(Illuminate/Http/Request))
#19 C:/laragon/www/usama-fandaqah/vendor/laravel/framework/src/Illuminate/Pipeline/Pipeline.php(209): Illuminate/Auth/Middleware/Authenticate->handle(Object(Illuminate/Http/Request), Object(Closure), 'sanctum')
#20 C:/laragon/www/usama-fandaqah/vendor/laravel/framework/src/Illuminate/Pipeline/Pipeline.php(127): Illuminate/Pipeline/Pipeline->Illuminate/Pipeline/{closure}(Object(Illuminate/Http/Request))
#21 C:/laragon/www/usama-fandaqah/vendor/laravel/framework/src/Illuminate/Routing/Router.php(807): Illuminate/Pipeline/Pipeline->then(Object(Closure))
#22 C:/laragon/www/usama-fandaqah/vendor/laravel/framework/src/Illuminate/Routing/Router.php(786): Illuminate/Routing/Router->runRouteWithinStack(Object(Illuminate/Routing/Route), Object(Illuminate/Http/Request))
#23 C:/laragon/www/usama-fandaqah/vendor/laravel/framework/src/Illuminate/Routing/Router.php(750): Illuminate/Routing/Router->runRoute(Object(Illuminate/Http/Request), Object(Illuminate/Routing/Route))
#24 C:/laragon/www/usama-fandaqah/vendor/laravel/framework/src/Illuminate/Routing/Router.php(739): Illuminate/Routing/Router->dispatchToRoute(Object(Illuminate/Http/Request))
#25 C:/laragon/www/usama-fandaqah/vendor/laravel/framework/src/Illuminate/Foundation/Http/Kernel.php(201): Illuminate/Routing/Router->dispatch(Object(Illuminate/Http/Request))
#26 C:/laragon/www/usama-fandaqah/vendor/laravel/framework/src/Illuminate/Pipeline/Pipeline.php(170): Illuminate/Foundation/Http/Kernel->Illuminate/Foundation/Http/{closure}(Object(Illuminate/Http/Request))
#27 C:/laragon/www/usama-fandaqah/laravelnova/src/Http/Middleware/ServeNova.php(23): Illuminate/Pipeline/Pipeline->Illuminate/Pipeline/{closure}(Object(Illuminate/Http/Request))
#28 C:/laragon/www/usama-fandaqah/vendor/laravel/framework/src/Illuminate/Pipeline/Pipeline.php(209): Laravel/Nova/Http/Middleware/ServeNova->handle(Object(Illuminate/Http/Request), Object(Closure))
#29 C:/laragon/www/usama-fandaqah/vendor/laravel/framework/src/Illuminate/Foundation/Http/Middleware/TransformsRequest.php(21): Illuminate/Pipeline/Pipeline->Illuminate/Pipeline/{closure}(Object(Illuminate/Http/Request))
#30 C:/laragon/www/usama-fandaqah/vendor/laravel/framework/src/Illuminate/Foundation/Http/Middleware/ConvertEmptyStringsToNull.php(31): Illuminate/Foundation/Http/Middleware/TransformsRequest->handle(Object(Illuminate/Http/Request), Object(Closure))
#31 C:/laragon/www/usama-fandaqah/vendor/laravel/framework/src/Illuminate/Pipeline/Pipeline.php(209): Illuminate/Foundation/Http/Middleware/ConvertEmptyStringsToNull->handle(Object(Illuminate/Http/Request), Object(Closure))
#32 C:/laragon/www/usama-fandaqah/vendor/laravel/framework/src/Illuminate/Foundation/Http/Middleware/TransformsRequest.php(21): Illuminate/Pipeline/Pipeline->Illuminate/Pipeline/{closure}(Object(Illuminate/Http/Request))
#33 C:/laragon/www/usama-fandaqah/vendor/laravel/framework/src/Illuminate/Foundation/Http/Middleware/TrimStrings.php(51): Illuminate/Foundation/Http/Middleware/TransformsRequest->handle(Object(Illuminate/Http/Request), Object(Closure))
#34 C:/laragon/www/usama-fandaqah/vendor/laravel/framework/src/Illuminate/Pipeline/Pipeline.php(209): Illuminate/Foundation/Http/Middleware/TrimStrings->handle(Object(Illuminate/Http/Request), Object(Closure))
#35 C:/laragon/www/usama-fandaqah/vendor/laravel/framework/src/Illuminate/Http/Middleware/ValidatePostSize.php(27): Illuminate/Pipeline/Pipeline->Illuminate/Pipeline/{closure}(Object(Illuminate/Http/Request))
#36 C:/laragon/www/usama-fandaqah/vendor/laravel/framework/src/Illuminate/Pipeline/Pipeline.php(209): Illuminate/Http/Middleware/ValidatePostSize->handle(Object(Illuminate/Http/Request), Object(Closure))
#37 C:/laragon/www/usama-fandaqah/vendor/laravel/framework/src/Illuminate/Foundation/Http/Middleware/PreventRequestsDuringMaintenance.php(110): Illuminate/Pipeline/Pipeline->Illuminate/Pipeline/{closure}(Object(Illuminate/Http/Request))
#38 C:/laragon/www/usama-fandaqah/vendor/laravel/framework/src/Illuminate/Pipeline/Pipeline.php(209): Illuminate/Foundation/Http/Middleware/PreventRequestsDuringMaintenance->handle(Object(Illuminate/Http/Request), Object(Closure))
#39 C:/laragon/www/usama-fandaqah/vendor/laravel/framework/src/Illuminate/Http/Middleware/HandleCors.php(62): Illuminate/Pipeline/Pipeline->Illuminate/Pipeline/{closure}(Object(Illuminate/Http/Request))
#40 C:/laragon/www/usama-fandaqah/vendor/laravel/framework/src/Illuminate/Pipeline/Pipeline.php(209): Illuminate/Http/Middleware/HandleCors->handle(Object(Illuminate/Http/Request), Object(Closure))
#41 C:/laragon/www/usama-fandaqah/vendor/laravel/framework/src/Illuminate/Http/Middleware/TrustProxies.php(58): Illuminate/Pipeline/Pipeline->Illuminate/Pipeline/{closure}(Object(Illuminate/Http/Request))
#42 C:/laragon/www/usama-fandaqah/vendor/laravel/framework/src/Illuminate/Pipeline/Pipeline.php(209): Illuminate/Http/Middleware/TrustProxies->handle(Object(Illuminate/Http/Request), Object(Closure))
#43 C:/laragon/www/usama-fandaqah/vendor/laravel/framework/src/Illuminate/Foundation/Http/Middleware/InvokeDeferredCallbacks.php(22): Illuminate/Pipeline/Pipeline->Illuminate/Pipeline/{closure}(Object(Illuminate/Http/Request))
#44 C:/laragon/www/usama-fandaqah/vendor/laravel/framework/src/Illuminate/Pipeline/Pipeline.php(209): Illuminate/Foundation/Http/Middleware/InvokeDeferredCallbacks->handle(Object(Illuminate/Http/Request), Object(Closure))
#45 C:/laragon/www/usama-fandaqah/vendor/laravel/framework/src/Illuminate/Pipeline/Pipeline.php(127): Illuminate/Pipeline/Pipeline->Illuminate/Pipeline/{closure}(Object(Illuminate/Http/Request))
#46 C:/laragon/www/usama-fandaqah/vendor/laravel/framework/src/Illuminate/Foundation/Http/Kernel.php(176): Illuminate/Pipeline/Pipeline->then(Object(Closure))
#47 C:/laragon/www/usama-fandaqah/vendor/laravel/framework/src/Illuminate/Foundation/Http/Kernel.php(145): Illuminate/Foundation/Http/Kernel->sendRequestThroughRouter(Object(Illuminate/Http/Request))
#48 C:/laragon/www/usama-fandaqah/vendor/laravel/framework/src/Illuminate/Foundation/Testing/Concerns/MakesHttpRequests.php(607): Illuminate/Foundation/Http/Kernel->handle(Object(Illuminate/Http/Request))
#49 C:/laragon/www/usama-fandaqah/vendor/laravel/framework/src/Illuminate/Foundation/Testing/Concerns/MakesHttpRequests.php(573): Illuminate/Foundation/Testing/TestCase->call('POST', '/api/night-audi...', Array, Array, Array, Array, '[]')
#50 C:/laragon/www/usama-fandaqah/vendor/laravel/framework/src/Illuminate/Foundation/Testing/Concerns/MakesHttpRequests.php(411): Illuminate/Foundation/Testing/TestCase->json('POST', '/api/night-audi...', Array, Array, 0)
#51 C:/laragon/www/usama-fandaqah/tests/Feature/NightAuditRerunTest.php(133): Illuminate/Foundation/Testing/TestCase->postJson('/api/night-audi...')
#52 C:/laragon/www/usama-fandaqah/vendor/phpunit/phpunit/src/Framework/TestCase.php(1667): Tests/Feature/NightAuditRerunTest->test_rerun_very_old_audit_is_blocked()
#53 C:/laragon/www/usama-fandaqah/vendor/phpunit/phpunit/src/Framework/TestCase.php(519): PHPUnit/Framework/TestCase->runTest()
#54 C:/laragon/www/usama-fandaqah/vendor/phpunit/phpunit/src/Framework/TestRunner/TestRunner.php(87): PHPUnit/Framework/TestCase->runBare()
#55 C:/laragon/www/usama-fandaqah/vendor/phpunit/phpunit/src/Framework/TestCase.php(365): PHPUnit/Framework/TestRunner->run(Object(Tests/Feature/NightAuditRerunTest))
#56 C:/laragon/www/usama-fandaqah/vendor/phpunit/phpunit/src/Framework/TestSuite.php(369): PHPUnit/Framework/TestCase->run()
#57 C:/laragon/www/usama-fandaqah/vendor/phpunit/phpunit/src/TextUI/TestRunner.php(64): PHPUnit/Framework/TestSuite->run()
#58 C:/laragon/www/usama-fandaqah/vendor/phpunit/phpunit/src/TextUI/Application.php(211): PHPUnit/TextUI/TestRunner->run(Object(PHPUnit/TextUI/Configuration/Configuration), Object(PHPUnit/Runner/ResultCache/DefaultResultCache), Object(PHPUnit/Framework/TestSuite))
#59 C:/laragon/www/usama-fandaqah/vendor/phpunit/phpunit/phpunit(104): PHPUnit/TextUI/Application->run(Array)
#60 C:/laragon/www/usama-fandaqah/vendor/bin/phpunit(122): include('C://laragon//www//...')
#61 {main}

[previous exception] [object] (ReflectionException(code: -1): Class \"App\\Http\\Controllers\\Api\\NightAuditRerunService\" does not exist at C:/laragon/www/usama-fandaqah/vendor/laravel/framework/src/Illuminate/Container/Container.php:959)
[stacktrace]
#0 C:/laragon/www/usama-fandaqah/vendor/laravel/framework/src/Illuminate/Container/Container.php(959): ReflectionClass->__construct('App//Http//Contro...')
#1 C:/laragon/www/usama-fandaqah/vendor/laravel/framework/src/Illuminate/Container/Container.php(832): Illuminate/Container/Container->build('App//Http//Contro...')
#2 C:/laragon/www/usama-fandaqah/vendor/laravel/framework/src/Illuminate/Foundation/Application.php(1078): Illuminate/Container/Container->resolve('App//Http//Contro...', Array, true)
#3 C:/laragon/www/usama-fandaqah/vendor/laravel/framework/src/Illuminate/Container/Container.php(763): Illuminate/Foundation/Application->resolve('App//Http//Contro...', Array)
#4 C:/laragon/www/usama-fandaqah/vendor/laravel/framework/src/Illuminate/Foundation/Application.php(1058): Illuminate/Container/Container->make('App//Http//Contro...', Array)
#5 C:/laragon/www/usama-fandaqah/vendor/laravel/framework/src/Illuminate/Container/Container.php(1133): Illuminate/Foundation/Application->make('App//Http//Contro...')
#6 C:/laragon/www/usama-fandaqah/vendor/laravel/framework/src/Illuminate/Container/Container.php(1043): Illuminate/Container/Container->resolveClass(Object(ReflectionParameter))
#7 C:/laragon/www/usama-fandaqah/vendor/laravel/framework/src/Illuminate/Container/Container.php(994): Illuminate/Container/Container->resolveDependencies(Array)
#8 C:/laragon/www/usama-fandaqah/vendor/laravel/framework/src/Illuminate/Container/Container.php(832): Illuminate/Container/Container->build('App//Http//Contro...')
#9 C:/laragon/www/usama-fandaqah/vendor/laravel/framework/src/Illuminate/Foundation/Application.php(1078): Illuminate/Container/Container->resolve('App//Http//Contro...', Array, true)
#10 C:/laragon/www/usama-fandaqah/vendor/laravel/framework/src/Illuminate/Container/Container.php(763): Illuminate/Foundation/Application->resolve('App//Http//Contro...', Array)
#11 C:/laragon/www/usama-fandaqah/vendor/laravel/framework/src/Illuminate/Foundation/Application.php(1058): Illuminate/Container/Container->make('App//Http//Contro...', Array)
#12 C:/laragon/www/usama-fandaqah/vendor/laravel/framework/src/Illuminate/Routing/Route.php(285): Illuminate/Foundation/Application->make('App//Http//Contro...')
#13 C:/laragon/www/usama-fandaqah/vendor/laravel/framework/src/Illuminate/Routing/Route.php(267): Illuminate/Routing/Route->getController()
#14 C:/laragon/www/usama-fandaqah/vendor/laravel/framework/src/Illuminate/Routing/Route.php(212): Illuminate/Routing/Route->runController()
#15 C:/laragon/www/usama-fandaqah/vendor/laravel/framework/src/Illuminate/Routing/Router.php(808): Illuminate/Routing/Route->run()
#16 C:/laragon/www/usama-fandaqah/vendor/laravel/framework/src/Illuminate/Pipeline/Pipeline.php(170): Illuminate/Routing/Router->Illuminate/Routing/{closure}(Object(Illuminate/Http/Request))
#17 C:/laragon/www/usama-fandaqah/vendor/laravel/framework/src/Illuminate/Routing/Middleware/SubstituteBindings.php(51): Illuminate/Pipeline/Pipeline->Illuminate/Pipeline/{closure}(Object(Illuminate/Http/Request))
#18 C:/laragon/www/usama-fandaqah/vendor/laravel/framework/src/Illuminate/Pipeline/Pipeline.php(209): Illuminate/Routing/Middleware/SubstituteBindings->handle(Object(Illuminate/Http/Request), Object(Closure))
#19 C:/laragon/www/usama-fandaqah/vendor/laravel/framework/src/Illuminate/Auth/Middleware/Authenticate.php(64): Illuminate/Pipeline/Pipeline->Illuminate/Pipeline/{closure}(Object(Illuminate/Http/Request))
#20 C:/laragon/www/usama-fandaqah/vendor/laravel/framework/src/Illuminate/Pipeline/Pipeline.php(209): Illuminate/Auth/Middleware/Authenticate->handle(Object(Illuminate/Http/Request), Object(Closure), 'sanctum')
#21 C:/laragon/www/usama-fandaqah/vendor/laravel/framework/src/Illuminate/Pipeline/Pipeline.php(127): Illuminate/Pipeline/Pipeline->Illuminate/Pipeline/{closure}(Object(Illuminate/Http/Request))
#22 C:/laragon/www/usama-fandaqah/vendor/laravel/framework/src/Illuminate/Routing/Router.php(807): Illuminate/Pipeline/Pipeline->then(Object(Closure))
#23 C:/laragon/www/usama-fandaqah/vendor/laravel/framework/src/Illuminate/Routing/Router.php(786): Illuminate/Routing/Router->runRouteWithinStack(Object(Illuminate/Routing/Route), Object(Illuminate/Http/Request))
#24 C:/laragon/www/usama-fandaqah/vendor/laravel/framework/src/Illuminate/Routing/Router.php(750): Illuminate/Routing/Router->runRoute(Object(Illuminate/Http/Request), Object(Illuminate/Routing/Route))
#25 C:/laragon/www/usama-fandaqah/vendor/laravel/framework/src/Illuminate/Routing/Router.php(739): Illuminate/Routing/Router->dispatchToRoute(Object(Illuminate/Http/Request))
#26 C:/laragon/www/usama-fandaqah/vendor/laravel/framework/src/Illuminate/Foundation/Http/Kernel.php(201): Illuminate/Routing/Router->dispatch(Object(Illuminate/Http/Request))
#27 C:/laragon/www/usama-fandaqah/vendor/laravel/framework/src/Illuminate/Pipeline/Pipeline.php(170): Illuminate/Foundation/Http/Kernel->Illuminate/Foundation/Http/{closure}(Object(Illuminate/Http/Request))
#28 C:/laragon/www/usama-fandaqah/laravelnova/src/Http/Middleware/ServeNova.php(23): Illuminate/Pipeline/Pipeline->Illuminate/Pipeline/{closure}(Object(Illuminate/Http/Request))
#29 C:/laragon/www/usama-fandaqah/vendor/laravel/framework/src/Illuminate/Pipeline/Pipeline.php(209): Laravel/Nova/Http/Middleware/ServeNova->handle(Object(Illuminate/Http/Request), Object(Closure))
#30 C:/laragon/www/usama-fandaqah/vendor/laravel/framework/src/Illuminate/Foundation/Http/Middleware/TransformsRequest.php(21): Illuminate/Pipeline/Pipeline->Illuminate/Pipeline/{closure}(Object(Illuminate/Http/Request))
#31 C:/laragon/www/usama-fandaqah/vendor/laravel/framework/src/Illuminate/Foundation/Http/Middleware/ConvertEmptyStringsToNull.php(31): Illuminate/Foundation/Http/Middleware/TransformsRequest->handle(Object(Illuminate/Http/Request), Object(Closure))
#32 C:/laragon/www/usama-fandaqah/vendor/laravel/framework/src/Illuminate/Pipeline/Pipeline.php(209): Illuminate/Foundation/Http/Middleware/ConvertEmptyStringsToNull->handle(Object(Illuminate/Http/Request), Object(Closure))
#33 C:/laragon/www/usama-fandaqah/vendor/laravel/framework/src/Illuminate/Foundation/Http/Middleware/TransformsRequest.php(21): Illuminate/Pipeline/Pipeline->Illuminate/Pipeline/{closure}(Object(Illuminate/Http/Request))
#34 C:/laragon/www/usama-fandaqah/vendor/laravel/framework/src/Illuminate/Foundation/Http/Middleware/TrimStrings.php(51): Illuminate/Foundation/Http/Middleware/TransformsRequest->handle(Object(Illuminate/Http/Request), Object(Closure))
#35 C:/laragon/www/usama-fandaqah/vendor/laravel/framework/src/Illuminate/Pipeline/Pipeline.php(209): Illuminate/Foundation/Http/Middleware/TrimStrings->handle(Object(Illuminate/Http/Request), Object(Closure))
#36 C:/laragon/www/usama-fandaqah/vendor/laravel/framework/src/Illuminate/Http/Middleware/ValidatePostSize.php(27): Illuminate/Pipeline/Pipeline->Illuminate/Pipeline/{closure}(Object(Illuminate/Http/Request))
#37 C:/laragon/www/usama-fandaqah/vendor/laravel/framework/src/Illuminate/Pipeline/Pipeline.php(209): Illuminate/Http/Middleware/ValidatePostSize->handle(Object(Illuminate/Http/Request), Object(Closure))
#38 C:/laragon/www/usama-fandaqah/vendor/laravel/framework/src/Illuminate/Foundation/Http/Middleware/PreventRequestsDuringMaintenance.php(110): Illuminate/Pipeline/Pipeline->Illuminate/Pipeline/{closure}(Object(Illuminate/Http/Request))
#39 C:/laragon/www/usama-fandaqah/vendor/laravel/framework/src/Illuminate/Pipeline/Pipeline.php(209): Illuminate/Foundation/Http/Middleware/PreventRequestsDuringMaintenance->handle(Object(Illuminate/Http/Request), Object(Closure))
#40 C:/laragon/www/usama-fandaqah/vendor/laravel/framework/src/Illuminate/Http/Middleware/HandleCors.php(62): Illuminate/Pipeline/Pipeline->Illuminate/Pipeline/{closure}(Object(Illuminate/Http/Request))
#41 C:/laragon/www/usama-fandaqah/vendor/laravel/framework/src/Illuminate/Pipeline/Pipeline.php(209): Illuminate/Http/Middleware/HandleCors->handle(Object(Illuminate/Http/Request), Object(Closure))
#42 C:/laragon/www/usama-fandaqah/vendor/laravel/framework/src/Illuminate/Http/Middleware/TrustProxies.php(58): Illuminate/Pipeline/Pipeline->Illuminate/Pipeline/{closure}(Object(Illuminate/Http/Request))
#43 C:/laragon/www/usama-fandaqah/vendor/laravel/framework/src/Illuminate/Pipeline/Pipeline.php(209): Illuminate/Http/Middleware/TrustProxies->handle(Object(Illuminate/Http/Request), Object(Closure))
#44 C:/laragon/www/usama-fandaqah/vendor/laravel/framework/src/Illuminate/Foundation/Http/Middleware/InvokeDeferredCallbacks.php(22): Illuminate/Pipeline/Pipeline->Illuminate/Pipeline/{closure}(Object(Illuminate/Http/Request))
#45 C:/laragon/www/usama-fandaqah/vendor/laravel/framework/src/Illuminate/Pipeline/Pipeline.php(209): Illuminate/Foundation/Http/Middleware/InvokeDeferredCallbacks->handle(Object(Illuminate/Http/Request), Object(Closure))
#46 C:/laragon/www/usama-fandaqah/vendor/laravel/framework/src/Illuminate/Pipeline/Pipeline.php(127): Illuminate/Pipeline/Pipeline->Illuminate/Pipeline/{closure}(Object(Illuminate/Http/Request))
#47 C:/laragon/www/usama-fandaqah/vendor/laravel/framework/src/Illuminate/Foundation/Http/Kernel.php(176): Illuminate/Pipeline/Pipeline->then(Object(Closure))
#48 C:/laragon/www/usama-fandaqah/vendor/laravel/framework/src/Illuminate/Foundation/Http/Kernel.php(145): Illuminate/Foundation/Http/Kernel->sendRequestThroughRouter(Object(Illuminate/Http/Request))
#49 C:/laragon/www/usama-fandaqah/vendor/laravel/framework/src/Illuminate/Foundation/Testing/Concerns/MakesHttpRequests.php(607): Illuminate/Foundation/Http/Kernel->handle(Object(Illuminate/Http/Request))
#50 C:/laragon/www/usama-fandaqah/vendor/laravel/framework/src/Illuminate/Foundation/Testing/Concerns/MakesHttpRequests.php(573): Illuminate/Foundation/Testing/TestCase->call('POST', '/api/night-audi...', Array, Array, Array, Array, '[]')
#51 C:/laragon/www/usama-fandaqah/vendor/laravel/framework/src/Illuminate/Foundation/Testing/Concerns/MakesHttpRequests.php(411): Illuminate/Foundation/Testing/TestCase->json('POST', '/api/night-audi...', Array, Array, 0)
#52 C:/laragon/www/usama-fandaqah/tests/Feature/NightAuditRerunTest.php(133): Illuminate/Foundation/Testing/TestCase->postJson('/api/night-audi...')
#53 C:/laragon/www/usama-fandaqah/vendor/phpunit/phpunit/src/Framework/TestCase.php(1667): Tests/Feature/NightAuditRerunTest->test_rerun_very_old_audit_is_blocked()
#54 C:/laragon/www/usama-fandaqah/vendor/phpunit/phpunit/src/Framework/TestCase.php(519): PHPUnit/Framework/TestCase->runTest()
#55 C:/laragon/www/usama-fandaqah/vendor/phpunit/phpunit/src/Framework/TestRunner/TestRunner.php(87): PHPUnit/Framework/TestCase->runBare()
#56 C:/laragon/www/usama-fandaqah/vendor/phpunit/phpunit/src/Framework/TestCase.php(365): PHPUnit/Framework/TestRunner->run(Object(Tests/Feature/NightAuditRerunTest))
#57 C:/laragon/www/usama-fandaqah/vendor/phpunit/phpunit/src/Framework/TestSuite.php(369): PHPUnit/Framework/TestCase->run()
#58 C:/laragon/www/usama-fandaqah/vendor/phpunit/phpunit/src/TextUI/TestRunner.php(64): PHPUnit/Framework/TestSuite->run()
#59 C:/laragon/www/usama-fandaqah/vendor/phpunit/phpunit/src/TextUI/Application.php(211): PHPUnit/TextUI/TestRunner->run(Object(PHPUnit/TextUI/Configuration/Configuration), Object(PHPUnit/Runner/ResultCache/DefaultResultCache), Object(PHPUnit/Framework/TestSuite))
#60 C:/laragon/www/usama-fandaqah/vendor/phpunit/phpunit/phpunit(104): PHPUnit/TextUI/Application->run(Array)
#61 C:/laragon/www/usama-fandaqah/vendor/bin/phpunit(122): include('C://laragon//www//...')
#62 {main}
"} 
[2026-04-30 14:45:09] local.ERROR: Target class [App\Http\Controllers\Api\NightAuditRerunService] does not exist. {"userId":68,"exception":"[object] (Illuminate\\Contracts\\Container\\BindingResolutionException(code: 0): Target class [App\\Http\\Controllers\\Api\\NightAuditRerunService] does not exist. at C:/laragon/www/usama-fandaqah/vendor/laravel/framework/src/Illuminate/Container/Container.php:961)
[stacktrace]
#0 C:/laragon/www/usama-fandaqah/vendor/laravel/framework/src/Illuminate/Container/Container.php(832): Illuminate/Container/Container->build('App//Http//Contro...')
#1 C:/laragon/www/usama-fandaqah/vendor/laravel/framework/src/Illuminate/Foundation/Application.php(1078): Illuminate/Container/Container->resolve('App//Http//Contro...', Array, true)
#2 C:/laragon/www/usama-fandaqah/vendor/laravel/framework/src/Illuminate/Container/Container.php(763): Illuminate/Foundation/Application->resolve('App//Http//Contro...', Array)
#3 C:/laragon/www/usama-fandaqah/vendor/laravel/framework/src/Illuminate/Foundation/Application.php(1058): Illuminate/Container/Container->make('App//Http//Contro...', Array)
#4 C:/laragon/www/usama-fandaqah/vendor/laravel/framework/src/Illuminate/Container/Container.php(1133): Illuminate/Foundation/Application->make('App//Http//Contro...')
#5 C:/laragon/www/usama-fandaqah/vendor/laravel/framework/src/Illuminate/Container/Container.php(1043): Illuminate/Container/Container->resolveClass(Object(ReflectionParameter))
#6 C:/laragon/www/usama-fandaqah/vendor/laravel/framework/src/Illuminate/Container/Container.php(994): Illuminate/Container/Container->resolveDependencies(Array)
#7 C:/laragon/www/usama-fandaqah/vendor/laravel/framework/src/Illuminate/Container/Container.php(832): Illuminate/Container/Container->build('App//Http//Contro...')
#8 C:/laragon/www/usama-fandaqah/vendor/laravel/framework/src/Illuminate/Foundation/Application.php(1078): Illuminate/Container/Container->resolve('App//Http//Contro...', Array, true)
#9 C:/laragon/www/usama-fandaqah/vendor/laravel/framework/src/Illuminate/Container/Container.php(763): Illuminate/Foundation/Application->resolve('App//Http//Contro...', Array)
#10 C:/laragon/www/usama-fandaqah/vendor/laravel/framework/src/Illuminate/Foundation/Application.php(1058): Illuminate/Container/Container->make('App//Http//Contro...', Array)
#11 C:/laragon/www/usama-fandaqah/vendor/laravel/framework/src/Illuminate/Routing/Route.php(285): Illuminate/Foundation/Application->make('App//Http//Contro...')
#12 C:/laragon/www/usama-fandaqah/vendor/laravel/framework/src/Illuminate/Routing/Route.php(267): Illuminate/Routing/Route->getController()
#13 C:/laragon/www/usama-fandaqah/vendor/laravel/framework/src/Illuminate/Routing/Route.php(212): Illuminate/Routing/Route->runController()
#14 C:/laragon/www/usama-fandaqah/vendor/laravel/framework/src/Illuminate/Routing/Router.php(808): Illuminate/Routing/Route->run()
#15 C:/laragon/www/usama-fandaqah/vendor/laravel/framework/src/Illuminate/Pipeline/Pipeline.php(170): Illuminate/Routing/Router->Illuminate/Routing/{closure}(Object(Illuminate/Http/Request))
#16 C:/laragon/www/usama-fandaqah/vendor/laravel/framework/src/Illuminate/Routing/Middleware/SubstituteBindings.php(51): Illuminate/Pipeline/Pipeline->Illuminate/Pipeline/{closure}(Object(Illuminate/Http/Request))
#17 C:/laragon/www/usama-fandaqah/vendor/laravel/framework/src/Illuminate/Pipeline/Pipeline.php(209): Illuminate/Routing/Middleware/SubstituteBindings->handle(Object(Illuminate/Http/Request), Object(Closure))
#18 C:/laragon/www/usama-fandaqah/vendor/laravel/framework/src/Illuminate/Auth/Middleware/Authenticate.php(64): Illuminate/Pipeline/Pipeline->Illuminate/Pipeline/{closure}(Object(Illuminate/Http/Request))
#19 C:/laragon/www/usama-fandaqah/vendor/laravel/framework/src/Illuminate/Pipeline/Pipeline.php(209): Illuminate/Auth/Middleware/Authenticate->handle(Object(Illuminate/Http/Request), Object(Closure), 'sanctum')
#20 C:/laragon/www/usama-fandaqah/vendor/laravel/framework/src/Illuminate/Pipeline/Pipeline.php(127): Illuminate/Pipeline/Pipeline->Illuminate/Pipeline/{closure}(Object(Illuminate/Http/Request))
#21 C:/laragon/www/usama-fandaqah/vendor/laravel/framework/src/Illuminate/Routing/Router.php(807): Illuminate/Pipeline/Pipeline->then(Object(Closure))
#22 C:/laragon/www/usama-fandaqah/vendor/laravel/framework/src/Illuminate/Routing/Router.php(786): Illuminate/Routing/Router->runRouteWithinStack(Object(Illuminate/Routing/Route), Object(Illuminate/Http/Request))
#23 C:/laragon/www/usama-fandaqah/vendor/laravel/framework/src/Illuminate/Routing/Router.php(750): Illuminate/Routing/Router->runRoute(Object(Illuminate/Http/Request), Object(Illuminate/Routing/Route))
#24 C:/laragon/www/usama-fandaqah/vendor/laravel/framework/src/Illuminate/Routing/Router.php(739): Illuminate/Routing/Router->dispatchToRoute(Object(Illuminate/Http/Request))
#25 C:/laragon/www/usama-fandaqah/vendor/laravel/framework/src/Illuminate/Foundation/Http/Kernel.php(201): Illuminate/Routing/Router->dispatch(Object(Illuminate/Http/Request))
#26 C:/laragon/www/usama-fandaqah/vendor/laravel/framework/src/Illuminate/Pipeline/Pipeline.php(170): Illuminate/Foundation/Http/Kernel->Illuminate/Foundation/Http/{closure}(Object(Illuminate/Http/Request))
#27 C:/laragon/www/usama-fandaqah/laravelnova/src/Http/Middleware/ServeNova.php(23): Illuminate/Pipeline/Pipeline->Illuminate/Pipeline/{closure}(Object(Illuminate/Http/Request))
#28 C:/laragon/www/usama-fandaqah/vendor/laravel/framework/src/Illuminate/Pipeline/Pipeline.php(209): Laravel/Nova/Http/Middleware/ServeNova->handle(Object(Illuminate/Http/Request), Object(Closure))
#29 C:/laragon/www/usama-fandaqah/vendor/laravel/framework/src/Illuminate/Foundation/Http/Middleware/TransformsRequest.php(21): Illuminate/Pipeline/Pipeline->Illuminate/Pipeline/{closure}(Object(Illuminate/Http/Request))
#30 C:/laragon/www/usama-fandaqah/vendor/laravel/framework/src/Illuminate/Foundation/Http/Middleware/ConvertEmptyStringsToNull.php(31): Illuminate/Foundation/Http/Middleware/TransformsRequest->handle(Object(Illuminate/Http/Request), Object(Closure))
#31 C:/laragon/www/usama-fandaqah/vendor/laravel/framework/src/Illuminate/Pipeline/Pipeline.php(209): Illuminate/Foundation/Http/Middleware/ConvertEmptyStringsToNull->handle(Object(Illuminate/Http/Request), Object(Closure))
#32 C:/laragon/www/usama-fandaqah/vendor/laravel/framework/src/Illuminate/Foundation/Http/Middleware/TransformsRequest.php(21): Illuminate/Pipeline/Pipeline->Illuminate/Pipeline/{closure}(Object(Illuminate/Http/Request))
#33 C:/laragon/www/usama-fandaqah/vendor/laravel/framework/src/Illuminate/Foundation/Http/Middleware/TrimStrings.php(51): Illuminate/Foundation/Http/Middleware/TransformsRequest->handle(Object(Illuminate/Http/Request), Object(Closure))
#34 C:/laragon/www/usama-fandaqah/vendor/laravel/framework/src/Illuminate/Pipeline/Pipeline.php(209): Illuminate/Foundation/Http/Middleware/TrimStrings->handle(Object(Illuminate/Http/Request), Object(Closure))
#35 C:/laragon/www/usama-fandaqah/vendor/laravel/framework/src/Illuminate/Http/Middleware/ValidatePostSize.php(27): Illuminate/Pipeline/Pipeline->Illuminate/Pipeline/{closure}(Object(Illuminate/Http/Request))
#36 C:/laragon/www/usama-fandaqah/vendor/laravel/framework/src/Illuminate/Pipeline/Pipeline.php(209): Illuminate/Http/Middleware/ValidatePostSize->handle(Object(Illuminate/Http/Request), Object(Closure))
#37 C:/laragon/www/usama-fandaqah/vendor/laravel/framework/src/Illuminate/Foundation/Http/Middleware/PreventRequestsDuringMaintenance.php(110): Illuminate/Pipeline/Pipeline->Illuminate/Pipeline/{closure}(Object(Illuminate/Http/Request))
#38 C:/laragon/www/usama-fandaqah/vendor/laravel/framework/src/Illuminate/Pipeline/Pipeline.php(209): Illuminate/Foundation/Http/Middleware/PreventRequestsDuringMaintenance->handle(Object(Illuminate/Http/Request), Object(Closure))
#39 C:/laragon/www/usama-fandaqah/vendor/laravel/framework/src/Illuminate/Http/Middleware/HandleCors.php(62): Illuminate/Pipeline/Pipeline->Illuminate/Pipeline/{closure}(Object(Illuminate/Http/Request))
#40 C:/laragon/www/usama-fandaqah/vendor/laravel/framework/src/Illuminate/Pipeline/Pipeline.php(209): Illuminate/Http/Middleware/HandleCors->handle(Object(Illuminate/Http/Request), Object(Closure))
#41 C:/laragon/www/usama-fandaqah/vendor/laravel/framework/src/Illuminate/Http/Middleware/TrustProxies.php(58): Illuminate/Pipeline/Pipeline->Illuminate/Pipeline/{closure}(Object(Illuminate/Http/Request))
#42 C:/laragon/www/usama-fandaqah/vendor/laravel/framework/src/Illuminate/Pipeline/Pipeline.php(209): Illuminate/Http/Middleware/TrustProxies->handle(Object(Illuminate/Http/Request), Object(Closure))
#43 C:/laragon/www/usama-fandaqah/vendor/laravel/framework/src/Illuminate/Foundation/Http/Middleware/InvokeDeferredCallbacks.php(22): Illuminate/Pipeline/Pipeline->Illuminate/Pipeline/{closure}(Object(Illuminate/Http/Request))
#44 C:/laragon/www/usama-fandaqah/vendor/laravel/framework/src/Illuminate/Pipeline/Pipeline.php(209): Illuminate/Foundation/Http/Middleware/InvokeDeferredCallbacks->handle(Object(Illuminate/Http/Request), Object(Closure))
#45 C:/laragon/www/usama-fandaqah/vendor/laravel/framework/src/Illuminate/Pipeline/Pipeline.php(127): Illuminate/Pipeline/Pipeline->Illuminate/Pipeline/{closure}(Object(Illuminate/Http/Request))
#46 C:/laragon/www/usama-fandaqah/vendor/laravel/framework/src/Illuminate/Foundation/Http/Kernel.php(176): Illuminate/Pipeline/Pipeline->then(Object(Closure))
#47 C:/laragon/www/usama-fandaqah/vendor/laravel/framework/src/Illuminate/Foundation/Http/Kernel.php(145): Illuminate/Foundation/Http/Kernel->sendRequestThroughRouter(Object(Illuminate/Http/Request))
#48 C:/laragon/www/usama-fandaqah/vendor/laravel/framework/src/Illuminate/Foundation/Testing/Concerns/MakesHttpRequests.php(607): Illuminate/Foundation/Http/Kernel->handle(Object(Illuminate/Http/Request))
#49 C:/laragon/www/usama-fandaqah/vendor/laravel/framework/src/Illuminate/Foundation/Testing/Concerns/MakesHttpRequests.php(573): Illuminate/Foundation/Testing/TestCase->call('POST', '/api/night-audi...', Array, Array, Array, Array, '{\"reason\":\"Fixi...')
#50 C:/laragon/www/usama-fandaqah/vendor/laravel/framework/src/Illuminate/Foundation/Testing/Concerns/MakesHttpRequests.php(411): Illuminate/Foundation/Testing/TestCase->json('POST', '/api/night-audi...', Array, Array, 0)
#51 C:/laragon/www/usama-fandaqah/tests/Feature/NightAuditRerunTest.php(145): Illuminate/Foundation/Testing/TestCase->postJson('/api/night-audi...', Array)
#52 C:/laragon/www/usama-fandaqah/vendor/phpunit/phpunit/src/Framework/TestCase.php(1667): Tests/Feature/NightAuditRerunTest->test_rerun_historical_audit_succeeds_with_reason()
#53 C:/laragon/www/usama-fandaqah/vendor/phpunit/phpunit/src/Framework/TestCase.php(519): PHPUnit/Framework/TestCase->runTest()
#54 C:/laragon/www/usama-fandaqah/vendor/phpunit/phpunit/src/Framework/TestRunner/TestRunner.php(87): PHPUnit/Framework/TestCase->runBare()
#55 C:/laragon/www/usama-fandaqah/vendor/phpunit/phpunit/src/Framework/TestCase.php(365): PHPUnit/Framework/TestRunner->run(Object(Tests/Feature/NightAuditRerunTest))
#56 C:/laragon/www/usama-fandaqah/vendor/phpunit/phpunit/src/Framework/TestSuite.php(369): PHPUnit/Framework/TestCase->run()
#57 C:/laragon/www/usama-fandaqah/vendor/phpunit/phpunit/src/TextUI/TestRunner.php(64): PHPUnit/Framework/TestSuite->run()
#58 C:/laragon/www/usama-fandaqah/vendor/phpunit/phpunit/src/TextUI/Application.php(211): PHPUnit/TextUI/TestRunner->run(Object(PHPUnit/TextUI/Configuration/Configuration), Object(PHPUnit/Runner/ResultCache/DefaultResultCache), Object(PHPUnit/Framework/TestSuite))
#59 C:/laragon/www/usama-fandaqah/vendor/phpunit/phpunit/phpunit(104): PHPUnit/TextUI/Application->run(Array)
#60 C:/laragon/www/usama-fandaqah/vendor/bin/phpunit(122): include('C://laragon//www//...')
#61 {main}

[previous exception] [object] (ReflectionException(code: -1): Class \"App\\Http\\Controllers\\Api\\NightAuditRerunService\" does not exist at C:/laragon/www/usama-fandaqah/vendor/laravel/framework/src/Illuminate/Container/Container.php:959)
[stacktrace]
#0 C:/laragon/www/usama-fandaqah/vendor/laravel/framework/src/Illuminate/Container/Container.php(959): ReflectionClass->__construct('App//Http//Contro...')
#1 C:/laragon/www/usama-fandaqah/vendor/laravel/framework/src/Illuminate/Container/Container.php(832): Illuminate/Container/Container->build('App//Http//Contro...')
#2 C:/laragon/www/usama-fandaqah/vendor/laravel/framework/src/Illuminate/Foundation/Application.php(1078): Illuminate/Container/Container->resolve('App//Http//Contro...', Array, true)
#3 C:/laragon/www/usama-fandaqah/vendor/laravel/framework/src/Illuminate/Container/Container.php(763): Illuminate/Foundation/Application->resolve('App//Http//Contro...', Array)
#4 C:/laragon/www/usama-fandaqah/vendor/laravel/framework/src/Illuminate/Foundation/Application.php(1058): Illuminate/Container/Container->make('App//Http//Contro...', Array)
#5 C:/laragon/www/usama-fandaqah/vendor/laravel/framework/src/Illuminate/Container/Container.php(1133): Illuminate/Foundation/Application->make('App//Http//Contro...')
#6 C:/laragon/www/usama-fandaqah/vendor/laravel/framework/src/Illuminate/Container/Container.php(1043): Illuminate/Container/Container->resolveClass(Object(ReflectionParameter))
#7 C:/laragon/www/usama-fandaqah/vendor/laravel/framework/src/Illuminate/Container/Container.php(994): Illuminate/Container/Container->resolveDependencies(Array)
#8 C:/laragon/www/usama-fandaqah/vendor/laravel/framework/src/Illuminate/Container/Container.php(832): Illuminate/Container/Container->build('App//Http//Contro...')
#9 C:/laragon/www/usama-fandaqah/vendor/laravel/framework/src/Illuminate/Foundation/Application.php(1078): Illuminate/Container/Container->resolve('App//Http//Contro...', Array, true)
#10 C:/laragon/www/usama-fandaqah/vendor/laravel/framework/src/Illuminate/Container/Container.php(763): Illuminate/Foundation/Application->resolve('App//Http//Contro...', Array)
#11 C:/laragon/www/usama-fandaqah/vendor/laravel/framework/src/Illuminate/Foundation/Application.php(1058): Illuminate/Container/Container->make('App//Http//Contro...', Array)
#12 C:/laragon/www/usama-fandaqah/vendor/laravel/framework/src/Illuminate/Routing/Route.php(285): Illuminate/Foundation/Application->make('App//Http//Contro...')
#13 C:/laragon/www/usama-fandaqah/vendor/laravel/framework/src/Illuminate/Routing/Route.php(267): Illuminate/Routing/Route->getController()
#14 C:/laragon/www/usama-fandaqah/vendor/laravel/framework/src/Illuminate/Routing/Route.php(212): Illuminate/Routing/Route->runController()
#15 C:/laragon/www/usama-fandaqah/vendor/laravel/framework/src/Illuminate/Routing/Router.php(808): Illuminate/Routing/Route->run()
#16 C:/laragon/www/usama-fandaqah/vendor/laravel/framework/src/Illuminate/Pipeline/Pipeline.php(170): Illuminate/Routing/Router->Illuminate/Routing/{closure}(Object(Illuminate/Http/Request))
#17 C:/laragon/www/usama-fandaqah/vendor/laravel/framework/src/Illuminate/Routing/Middleware/SubstituteBindings.php(51): Illuminate/Pipeline/Pipeline->Illuminate/Pipeline/{closure}(Object(Illuminate/Http/Request))
#18 C:/laragon/www/usama-fandaqah/vendor/laravel/framework/src/Illuminate/Pipeline/Pipeline.php(209): Illuminate/Routing/Middleware/SubstituteBindings->handle(Object(Illuminate/Http/Request), Object(Closure))
#19 C:/laragon/www/usama-fandaqah/vendor/laravel/framework/src/Illuminate/Auth/Middleware/Authenticate.php(64): Illuminate/Pipeline/Pipeline->Illuminate/Pipeline/{closure}(Object(Illuminate/Http/Request))
#20 C:/laragon/www/usama-fandaqah/vendor/laravel/framework/src/Illuminate/Pipeline/Pipeline.php(209): Illuminate/Auth/Middleware/Authenticate->handle(Object(Illuminate/Http/Request), Object(Closure), 'sanctum')
#21 C:/laragon/www/usama-fandaqah/vendor/laravel/framework/src/Illuminate/Pipeline/Pipeline.php(127): Illuminate/Pipeline/Pipeline->Illuminate/Pipeline/{closure}(Object(Illuminate/Http/Request))
#22 C:/laragon/www/usama-fandaqah/vendor/laravel/framework/src/Illuminate/Routing/Router.php(807): Illuminate/Pipeline/Pipeline->then(Object(Closure))
#23 C:/laragon/www/usama-fandaqah/vendor/laravel/framework/src/Illuminate/Routing/Router.php(786): Illuminate/Routing/Router->runRouteWithinStack(Object(Illuminate/Routing/Route), Object(Illuminate/Http/Request))
#24 C:/laragon/www/usama-fandaqah/vendor/laravel/framework/src/Illuminate/Routing/Router.php(750): Illuminate/Routing/Router->runRoute(Object(Illuminate/Http/Request), Object(Illuminate/Routing/Route))
#25 C:/laragon/www/usama-fandaqah/vendor/laravel/framework/src/Illuminate/Routing/Router.php(739): Illuminate/Routing/Router->dispatchToRoute(Object(Illuminate/Http/Request))
#26 C:/laragon/www/usama-fandaqah/vendor/laravel/framework/src/Illuminate/Foundation/Http/Kernel.php(201): Illuminate/Routing/Router->dispatch(Object(Illuminate/Http/Request))
#27 C:/laragon/www/usama-fandaqah/vendor/laravel/framework/src/Illuminate/Pipeline/Pipeline.php(170): Illuminate/Foundation/Http/Kernel->Illuminate/Foundation/Http/{closure}(Object(Illuminate/Http/Request))
#28 C:/laragon/www/usama-fandaqah/laravelnova/src/Http/Middleware/ServeNova.php(23): Illuminate/Pipeline/Pipeline->Illuminate/Pipeline/{closure}(Object(Illuminate/Http/Request))
#29 C:/laragon/www/usama-fandaqah/vendor/laravel/framework/src/Illuminate/Pipeline/Pipeline.php(209): Laravel/Nova/Http/Middleware/ServeNova->handle(Object(Illuminate/Http/Request), Object(Closure))
#30 C:/laragon/www/usama-fandaqah/vendor/laravel/framework/src/Illuminate/Foundation/Http/Middleware/TransformsRequest.php(21): Illuminate/Pipeline/Pipeline->Illuminate/Pipeline/{closure}(Object(Illuminate/Http/Request))
#31 C:/laragon/www/usama-fandaqah/vendor/laravel/framework/src/Illuminate/Foundation/Http/Middleware/ConvertEmptyStringsToNull.php(31): Illuminate/Foundation/Http/Middleware/TransformsRequest->handle(Object(Illuminate/Http/Request), Object(Closure))
#32 C:/laragon/www/usama-fandaqah/vendor/laravel/framework/src/Illuminate/Pipeline/Pipeline.php(209): Illuminate/Foundation/Http/Middleware/ConvertEmptyStringsToNull->handle(Object(Illuminate/Http/Request), Object(Closure))
#33 C:/laragon/www/usama-fandaqah/vendor/laravel/framework/src/Illuminate/Foundation/Http/Middleware/TransformsRequest.php(21): Illuminate/Pipeline/Pipeline->Illuminate/Pipeline/{closure}(Object(Illuminate/Http/Request))
#34 C:/laragon/www/usama-fandaqah/vendor/laravel/framework/src/Illuminate/Foundation/Http/Middleware/TrimStrings.php(51): Illuminate/Foundation/Http/Middleware/TransformsRequest->handle(Object(Illuminate/Http/Request), Object(Closure))
#35 C:/laragon/www/usama-fandaqah/vendor/laravel/framework/src/Illuminate/Pipeline/Pipeline.php(209): Illuminate/Foundation/Http/Middleware/TrimStrings->handle(Object(Illuminate/Http/Request), Object(Closure))
#36 C:/laragon/www/usama-fandaqah/vendor/laravel/framework/src/Illuminate/Http/Middleware/ValidatePostSize.php(27): Illuminate/Pipeline/Pipeline->Illuminate/Pipeline/{closure}(Object(Illuminate/Http/Request))
#37 C:/laragon/www/usama-fandaqah/vendor/laravel/framework/src/Illuminate/Pipeline/Pipeline.php(209): Illuminate/Http/Middleware/ValidatePostSize->handle(Object(Illuminate/Http/Request), Object(Closure))
#38 C:/laragon/www/usama-fandaqah/vendor/laravel/framework/src/Illuminate/Foundation/Http/Middleware/PreventRequestsDuringMaintenance.php(110): Illuminate/Pipeline/Pipeline->Illuminate/Pipeline/{closure}(Object(Illuminate/Http/Request))
#39 C:/laragon/www/usama-fandaqah/vendor/laravel/framework/src/Illuminate/Pipeline/Pipeline.php(209): Illuminate/Foundation/Http/Middleware/PreventRequestsDuringMaintenance->handle(Object(Illuminate/Http/Request), Object(Closure))
#40 C:/laragon/www/usama-fandaqah/vendor/laravel/framework/src/Illuminate/Http/Middleware/HandleCors.php(62): Illuminate/Pipeline/Pipeline->Illuminate/Pipeline/{closure}(Object(Illuminate/Http/Request))
#41 C:/laragon/www/usama-fandaqah/vendor/laravel/framework/src/Illuminate/Pipeline/Pipeline.php(209): Illuminate/Http/Middleware/HandleCors->handle(Object(Illuminate/Http/Request), Object(Closure))
#42 C:/laragon/www/usama-fandaqah/vendor/laravel/framework/src/Illuminate/Http/Middleware/TrustProxies.php(58): Illuminate/Pipeline/Pipeline->Illuminate/Pipeline/{closure}(Object(Illuminate/Http/Request))
#43 C:/laragon/www/usama-fandaqah/vendor/laravel/framework/src/Illuminate/Pipeline/Pipeline.php(209): Illuminate/Http/Middleware/TrustProxies->handle(Object(Illuminate/Http/Request), Object(Closure))
#44 C:/laragon/www/usama-fandaqah/vendor/laravel/framework/src/Illuminate/Foundation/Http/Middleware/InvokeDeferredCallbacks.php(22): Illuminate/Pipeline/Pipeline->Illuminate/Pipeline/{closure}(Object(Illuminate/Http/Request))
#45 C:/laragon/www/usama-fandaqah/vendor/laravel/framework/src/Illuminate/Pipeline/Pipeline.php(209): Illuminate/Foundation/Http/Middleware/InvokeDeferredCallbacks->handle(Object(Illuminate/Http/Request), Object(Closure))
#46 C:/laragon/www/usama-fandaqah/vendor/laravel/framework/src/Illuminate/Pipeline/Pipeline.php(127): Illuminate/Pipeline/Pipeline->Illuminate/Pipeline/{closure}(Object(Illuminate/Http/Request))
#47 C:/laragon/www/usama-fandaqah/vendor/laravel/framework/src/Illuminate/Foundation/Http/Kernel.php(176): Illuminate/Pipeline/Pipeline->then(Object(Closure))
#48 C:/laragon/www/usama-fandaqah/vendor/laravel/framework/src/Illuminate/Foundation/Http/Kernel.php(145): Illuminate/Foundation/Http/Kernel->sendRequestThroughRouter(Object(Illuminate/Http/Request))
#49 C:/laragon/www/usama-fandaqah/vendor/laravel/framework/src/Illuminate/Foundation/Testing/Concerns/MakesHttpRequests.php(607): Illuminate/Foundation/Http/Kernel->handle(Object(Illuminate/Http/Request))
#50 C:/laragon/www/usama-fandaqah/vendor/laravel/framework/src/Illuminate/Foundation/Testing/Concerns/MakesHttpRequests.php(573): Illuminate/Foundation/Testing/TestCase->call('POST', '/api/night-audi...', Array, Array, Array, Array, '{\"reason\":\"Fixi...')
#51 C:/laragon/www/usama-fandaqah/vendor/laravel/framework/src/Illuminate/Foundation/Testing/Concerns/MakesHttpRequests.php(411): Illuminate/Foundation/Testing/TestCase->json('POST', '/api/night-audi...', Array, Array, 0)
#52 C:/laragon/www/usama-fandaqah/tests/Feature/NightAuditRerunTest.php(145): Illuminate/Foundation/Testing/TestCase->postJson('/api/night-audi...', Array)
#53 C:/laragon/www/usama-fandaqah/vendor/phpunit/phpunit/src/Framework/TestCase.php(1667): Tests/Feature/NightAuditRerunTest->test_rerun_historical_audit_succeeds_with_reason()
#54 C:/laragon/www/usama-fandaqah/vendor/phpunit/phpunit/src/Framework/TestCase.php(519): PHPUnit/Framework/TestCase->runTest()
#55 C:/laragon/www/usama-fandaqah/vendor/phpunit/phpunit/src/Framework/TestRunner/TestRunner.php(87): PHPUnit/Framework/TestCase->runBare()
#56 C:/laragon/www/usama-fandaqah/vendor/phpunit/phpunit/src/Framework/TestCase.php(365): PHPUnit/Framework/TestRunner->run(Object(Tests/Feature/NightAuditRerunTest))
#57 C:/laragon/www/usama-fandaqah/vendor/phpunit/phpunit/src/Framework/TestSuite.php(369): PHPUnit/Framework/TestCase->run()
#58 C:/laragon/www/usama-fandaqah/vendor/phpunit/phpunit/src/TextUI/TestRunner.php(64): PHPUnit/Framework/TestSuite->run()
#59 C:/laragon/www/usama-fandaqah/vendor/phpunit/phpunit/src/TextUI/Application.php(211): PHPUnit/TextUI/TestRunner->run(Object(PHPUnit/TextUI/Configuration/Configuration), Object(PHPUnit/Runner/ResultCache/DefaultResultCache), Object(PHPUnit/Framework/TestSuite))
#60 C:/laragon/www/usama-fandaqah/vendor/phpunit/phpunit/phpunit(104): PHPUnit/TextUI/Application->run(Array)
#61 C:/laragon/www/usama-fandaqah/vendor/bin/phpunit(122): include('C://laragon//www//...')
#62 {main}
"} 
[2026-04-30 14:45:41] local.ERROR: Target class [App\Http\Controllers\Api\NightAuditRerunService] does not exist. {"userId":69,"exception":"[object] (Illuminate\\Contracts\\Container\\BindingResolutionException(code: 0): Target class [App\\Http\\Controllers\\Api\\NightAuditRerunService] does not exist. at C:/laragon/www/usama-fandaqah/vendor/laravel/framework/src/Illuminate/Container/Container.php:961)
[stacktrace]
#0 C:/laragon/www/usama-fandaqah/vendor/laravel/framework/src/Illuminate/Container/Container.php(832): Illuminate/Container/Container->build('App//Http//Contro...')
#1 C:/laragon/www/usama-fandaqah/vendor/laravel/framework/src/Illuminate/Foundation/Application.php(1078): Illuminate/Container/Container->resolve('App//Http//Contro...', Array, true)
#2 C:/laragon/www/usama-fandaqah/vendor/laravel/framework/src/Illuminate/Container/Container.php(763): Illuminate/Foundation/Application->resolve('App//Http//Contro...', Array)
#3 C:/laragon/www/usama-fandaqah/vendor/laravel/framework/src/Illuminate/Foundation/Application.php(1058): Illuminate/Container/Container->make('App//Http//Contro...', Array)
#4 C:/laragon/www/usama-fandaqah/vendor/laravel/framework/src/Illuminate/Container/Container.php(1133): Illuminate/Foundation/Application->make('App//Http//Contro...')
#5 C:/laragon/www/usama-fandaqah/vendor/laravel/framework/src/Illuminate/Container/Container.php(1043): Illuminate/Container/Container->resolveClass(Object(ReflectionParameter))
#6 C:/laragon/www/usama-fandaqah/vendor/laravel/framework/src/Illuminate/Container/Container.php(994): Illuminate/Container/Container->resolveDependencies(Array)
#7 C:/laragon/www/usama-fandaqah/vendor/laravel/framework/src/Illuminate/Container/Container.php(832): Illuminate/Container/Container->build('App//Http//Contro...')
#8 C:/laragon/www/usama-fandaqah/vendor/laravel/framework/src/Illuminate/Foundation/Application.php(1078): Illuminate/Container/Container->resolve('App//Http//Contro...', Array, true)
#9 C:/laragon/www/usama-fandaqah/vendor/laravel/framework/src/Illuminate/Container/Container.php(763): Illuminate/Foundation/Application->resolve('App//Http//Contro...', Array)
#10 C:/laragon/www/usama-fandaqah/vendor/laravel/framework/src/Illuminate/Foundation/Application.php(1058): Illuminate/Container/Container->make('App//Http//Contro...', Array)
#11 C:/laragon/www/usama-fandaqah/vendor/laravel/framework/src/Illuminate/Routing/Route.php(285): Illuminate/Foundation/Application->make('App//Http//Contro...')
#12 C:/laragon/www/usama-fandaqah/vendor/laravel/framework/src/Illuminate/Routing/Route.php(267): Illuminate/Routing/Route->getController()
#13 C:/laragon/www/usama-fandaqah/vendor/laravel/framework/src/Illuminate/Routing/Route.php(212): Illuminate/Routing/Route->runController()
#14 C:/laragon/www/usama-fandaqah/vendor/laravel/framework/src/Illuminate/Routing/Router.php(808): Illuminate/Routing/Route->run()
#15 C:/laragon/www/usama-fandaqah/vendor/laravel/framework/src/Illuminate/Pipeline/Pipeline.php(170): Illuminate/Routing/Router->Illuminate/Routing/{closure}(Object(Illuminate/Http/Request))
#16 C:/laragon/www/usama-fandaqah/vendor/laravel/framework/src/Illuminate/Routing/Middleware/SubstituteBindings.php(51): Illuminate/Pipeline/Pipeline->Illuminate/Pipeline/{closure}(Object(Illuminate/Http/Request))
#17 C:/laragon/www/usama-fandaqah/vendor/laravel/framework/src/Illuminate/Pipeline/Pipeline.php(209): Illuminate/Routing/Middleware/SubstituteBindings->handle(Object(Illuminate/Http/Request), Object(Closure))
#18 C:/laragon/www/usama-fandaqah/vendor/laravel/framework/src/Illuminate/Auth/Middleware/Authenticate.php(64): Illuminate/Pipeline/Pipeline->Illuminate/Pipeline/{closure}(Object(Illuminate/Http/Request))
#19 C:/laragon/www/usama-fandaqah/vendor/laravel/framework/src/Illuminate/Pipeline/Pipeline.php(209): Illuminate/Auth/Middleware/Authenticate->handle(Object(Illuminate/Http/Request), Object(Closure), 'sanctum')
#20 C:/laragon/www/usama-fandaqah/vendor/laravel/framework/src/Illuminate/Pipeline/Pipeline.php(127): Illuminate/Pipeline/Pipeline->Illuminate/Pipeline/{closure}(Object(Illuminate/Http/Request))
#21 C:/laragon/www/usama-fandaqah/vendor/laravel/framework/src/Illuminate/Routing/Router.php(807): Illuminate/Pipeline/Pipeline->then(Object(Closure))
#22 C:/laragon/www/usama-fandaqah/vendor/laravel/framework/src/Illuminate/Routing/Router.php(786): Illuminate/Routing/Router->runRouteWithinStack(Object(Illuminate/Routing/Route), Object(Illuminate/Http/Request))
#23 C:/laragon/www/usama-fandaqah/vendor/laravel/framework/src/Illuminate/Routing/Router.php(750): Illuminate/Routing/Router->runRoute(Object(Illuminate/Http/Request), Object(Illuminate/Routing/Route))
#24 C:/laragon/www/usama-fandaqah/vendor/laravel/framework/src/Illuminate/Routing/Router.php(739): Illuminate/Routing/Router->dispatchToRoute(Object(Illuminate/Http/Request))
#25 C:/laragon/www/usama-fandaqah/vendor/laravel/framework/src/Illuminate/Foundation/Http/Kernel.php(201): Illuminate/Routing/Router->dispatch(Object(Illuminate/Http/Request))
#26 C:/laragon/www/usama-fandaqah/vendor/laravel/framework/src/Illuminate/Pipeline/Pipeline.php(170): Illuminate/Foundation/Http/Kernel->Illuminate/Foundation/Http/{closure}(Object(Illuminate/Http/Request))
#27 C:/laragon/www/usama-fandaqah/laravelnova/src/Http/Middleware/ServeNova.php(23): Illuminate/Pipeline/Pipeline->Illuminate/Pipeline/{closure}(Object(Illuminate/Http/Request))
#28 C:/laragon/www/usama-fandaqah/vendor/laravel/framework/src/Illuminate/Pipeline/Pipeline.php(209): Laravel/Nova/Http/Middleware/ServeNova->handle(Object(Illuminate/Http/Request), Object(Closure))
#29 C:/laragon/www/usama-fandaqah/vendor/laravel/framework/src/Illuminate/Foundation/Http/Middleware/TransformsRequest.php(21): Illuminate/Pipeline/Pipeline->Illuminate/Pipeline/{closure}(Object(Illuminate/Http/Request))
#30 C:/laragon/www/usama-fandaqah/vendor/laravel/framework/src/Illuminate/Foundation/Http/Middleware/ConvertEmptyStringsToNull.php(31): Illuminate/Foundation/Http/Middleware/TransformsRequest->handle(Object(Illuminate/Http/Request), Object(Closure))
#31 C:/laragon/www/usama-fandaqah/vendor/laravel/framework/src/Illuminate/Pipeline/Pipeline.php(209): Illuminate/Foundation/Http/Middleware/ConvertEmptyStringsToNull->handle(Object(Illuminate/Http/Request), Object(Closure))
#32 C:/laragon/www/usama-fandaqah/vendor/laravel/framework/src/Illuminate/Foundation/Http/Middleware/TransformsRequest.php(21): Illuminate/Pipeline/Pipeline->Illuminate/Pipeline/{closure}(Object(Illuminate/Http/Request))
#33 C:/laragon/www/usama-fandaqah/vendor/laravel/framework/src/Illuminate/Foundation/Http/Middleware/TrimStrings.php(51): Illuminate/Foundation/Http/Middleware/TransformsRequest->handle(Object(Illuminate/Http/Request), Object(Closure))
#34 C:/laragon/www/usama-fandaqah/vendor/laravel/framework/src/Illuminate/Pipeline/Pipeline.php(209): Illuminate/Foundation/Http/Middleware/TrimStrings->handle(Object(Illuminate/Http/Request), Object(Closure))
#35 C:/laragon/www/usama-fandaqah/vendor/laravel/framework/src/Illuminate/Http/Middleware/ValidatePostSize.php(27): Illuminate/Pipeline/Pipeline->Illuminate/Pipeline/{closure}(Object(Illuminate/Http/Request))
#36 C:/laragon/www/usama-fandaqah/vendor/laravel/framework/src/Illuminate/Pipeline/Pipeline.php(209): Illuminate/Http/Middleware/ValidatePostSize->handle(Object(Illuminate/Http/Request), Object(Closure))
#37 C:/laragon/www/usama-fandaqah/vendor/laravel/framework/src/Illuminate/Foundation/Http/Middleware/PreventRequestsDuringMaintenance.php(110): Illuminate/Pipeline/Pipeline->Illuminate/Pipeline/{closure}(Object(Illuminate/Http/Request))
#38 C:/laragon/www/usama-fandaqah/vendor/laravel/framework/src/Illuminate/Pipeline/Pipeline.php(209): Illuminate/Foundation/Http/Middleware/PreventRequestsDuringMaintenance->handle(Object(Illuminate/Http/Request), Object(Closure))
#39 C:/laragon/www/usama-fandaqah/vendor/laravel/framework/src/Illuminate/Http/Middleware/HandleCors.php(62): Illuminate/Pipeline/Pipeline->Illuminate/Pipeline/{closure}(Object(Illuminate/Http/Request))
#40 C:/laragon/www/usama-fandaqah/vendor/laravel/framework/src/Illuminate/Pipeline/Pipeline.php(209): Illuminate/Http/Middleware/HandleCors->handle(Object(Illuminate/Http/Request), Object(Closure))
#41 C:/laragon/www/usama-fandaqah/vendor/laravel/framework/src/Illuminate/Http/Middleware/TrustProxies.php(58): Illuminate/Pipeline/Pipeline->Illuminate/Pipeline/{closure}(Object(Illuminate/Http/Request))
#42 C:/laragon/www/usama-fandaqah/vendor/laravel/framework/src/Illuminate/Pipeline/Pipeline.php(209): Illuminate/Http/Middleware/TrustProxies->handle(Object(Illuminate/Http/Request), Object(Closure))
#43 C:/laragon/www/usama-fandaqah/vendor/laravel/framework/src/Illuminate/Foundation/Http/Middleware/InvokeDeferredCallbacks.php(22): Illuminate/Pipeline/Pipeline->Illuminate/Pipeline/{closure}(Object(Illuminate/Http/Request))
#44 C:/laragon/www/usama-fandaqah/vendor/laravel/framework/src/Illuminate/Pipeline/Pipeline.php(209): Illuminate/Foundation/Http/Middleware/InvokeDeferredCallbacks->handle(Object(Illuminate/Http/Request), Object(Closure))
#45 C:/laragon/www/usama-fandaqah/vendor/laravel/framework/src/Illuminate/Pipeline/Pipeline.php(127): Illuminate/Pipeline/Pipeline->Illuminate/Pipeline/{closure}(Object(Illuminate/Http/Request))
#46 C:/laragon/www/usama-fandaqah/vendor/laravel/framework/src/Illuminate/Foundation/Http/Kernel.php(176): Illuminate/Pipeline/Pipeline->then(Object(Closure))
#47 C:/laragon/www/usama-fandaqah/vendor/laravel/framework/src/Illuminate/Foundation/Http/Kernel.php(145): Illuminate/Foundation/Http/Kernel->sendRequestThroughRouter(Object(Illuminate/Http/Request))
#48 C:/laragon/www/usama-fandaqah/vendor/laravel/framework/src/Illuminate/Foundation/Testing/Concerns/MakesHttpRequests.php(607): Illuminate/Foundation/Http/Kernel->handle(Object(Illuminate/Http/Request))
#49 C:/laragon/www/usama-fandaqah/vendor/laravel/framework/src/Illuminate/Foundation/Testing/Concerns/MakesHttpRequests.php(573): Illuminate/Foundation/Testing/TestCase->call('POST', '/api/night-audi...', Array, Array, Array, Array, '[]')
#50 C:/laragon/www/usama-fandaqah/vendor/laravel/framework/src/Illuminate/Foundation/Testing/Concerns/MakesHttpRequests.php(411): Illuminate/Foundation/Testing/TestCase->json('POST', '/api/night-audi...', Array, Array, 0)
#51 C:/laragon/www/usama-fandaqah/tests/Feature/NightAuditRerunTest.php(97): Illuminate/Foundation/Testing/TestCase->postJson('/api/night-audi...')
#52 C:/laragon/www/usama-fandaqah/vendor/phpunit/phpunit/src/Framework/TestCase.php(1667): Tests/Feature/NightAuditRerunTest->test_rerun_recent_audit_succeeds()
#53 C:/laragon/www/usama-fandaqah/vendor/phpunit/phpunit/src/Framework/TestCase.php(519): PHPUnit/Framework/TestCase->runTest()
#54 C:/laragon/www/usama-fandaqah/vendor/phpunit/phpunit/src/Framework/TestRunner/TestRunner.php(87): PHPUnit/Framework/TestCase->runBare()
#55 C:/laragon/www/usama-fandaqah/vendor/phpunit/phpunit/src/Framework/TestCase.php(365): PHPUnit/Framework/TestRunner->run(Object(Tests/Feature/NightAuditRerunTest))
#56 C:/laragon/www/usama-fandaqah/vendor/phpunit/phpunit/src/Framework/TestSuite.php(369): PHPUnit/Framework/TestCase->run()
#57 C:/laragon/www/usama-fandaqah/vendor/phpunit/phpunit/src/TextUI/TestRunner.php(64): PHPUnit/Framework/TestSuite->run()
#58 C:/laragon/www/usama-fandaqah/vendor/phpunit/phpunit/src/TextUI/Application.php(211): PHPUnit/TextUI/TestRunner->run(Object(PHPUnit/TextUI/Configuration/Configuration), Object(PHPUnit/Runner/ResultCache/DefaultResultCache), Object(PHPUnit/Framework/TestSuite))
#59 C:/laragon/www/usama-fandaqah/vendor/phpunit/phpunit/phpunit(104): PHPUnit/TextUI/Application->run(Array)
#60 C:/laragon/www/usama-fandaqah/vendor/bin/phpunit(122): include('C://laragon//www//...')
#61 {main}

[previous exception] [object] (ReflectionException(code: -1): Class \"App\\Http\\Controllers\\Api\\NightAuditRerunService\" does not exist at C:/laragon/www/usama-fandaqah/vendor/laravel/framework/src/Illuminate/Container/Container.php:959)
[stacktrace]
#0 C:/laragon/www/usama-fandaqah/vendor/laravel/framework/src/Illuminate/Container/Container.php(959): ReflectionClass->__construct('App//Http//Contro...')
#1 C:/laragon/www/usama-fandaqah/vendor/laravel/framework/src/Illuminate/Container/Container.php(832): Illuminate/Container/Container->build('App//Http//Contro...')
#2 C:/laragon/www/usama-fandaqah/vendor/laravel/framework/src/Illuminate/Foundation/Application.php(1078): Illuminate/Container/Container->resolve('App//Http//Contro...', Array, true)
#3 C:/laragon/www/usama-fandaqah/vendor/laravel/framework/src/Illuminate/Container/Container.php(763): Illuminate/Foundation/Application->resolve('App//Http//Contro...', Array)
#4 C:/laragon/www/usama-fandaqah/vendor/laravel/framework/src/Illuminate/Foundation/Application.php(1058): Illuminate/Container/Container->make('App//Http//Contro...', Array)
#5 C:/laragon/www/usama-fandaqah/vendor/laravel/framework/src/Illuminate/Container/Container.php(1133): Illuminate/Foundation/Application->make('App//Http//Contro...')
#6 C:/laragon/www/usama-fandaqah/vendor/laravel/framework/src/Illuminate/Container/Container.php(1043): Illuminate/Container/Container->resolveClass(Object(ReflectionParameter))
#7 C:/laragon/www/usama-fandaqah/vendor/laravel/framework/src/Illuminate/Container/Container.php(994): Illuminate/Container/Container->resolveDependencies(Array)
#8 C:/laragon/www/usama-fandaqah/vendor/laravel/framework/src/Illuminate/Container/Container.php(832): Illuminate/Container/Container->build('App//Http//Contro...')
#9 C:/laragon/www/usama-fandaqah/vendor/laravel/framework/src/Illuminate/Foundation/Application.php(1078): Illuminate/Container/Container->resolve('App//Http//Contro...', Array, true)
#10 C:/laragon/www/usama-fandaqah/vendor/laravel/framework/src/Illuminate/Container/Container.php(763): Illuminate/Foundation/Application->resolve('App//Http//Contro...', Array)
#11 C:/laragon/www/usama-fandaqah/vendor/laravel/framework/src/Illuminate/Foundation/Application.php(1058): Illuminate/Container/Container->make('App//Http//Contro...', Array)
#12 C:/laragon/www/usama-fandaqah/vendor/laravel/framework/src/Illuminate/Routing/Route.php(285): Illuminate/Foundation/Application->make('App//Http//Contro...')
#13 C:/laragon/www/usama-fandaqah/vendor/laravel/framework/src/Illuminate/Routing/Route.php(267): Illuminate/Routing/Route->getController()
#14 C:/laragon/www/usama-fandaqah/vendor/laravel/framework/src/Illuminate/Routing/Route.php(212): Illuminate/Routing/Route->runController()
#15 C:/laragon/www/usama-fandaqah/vendor/laravel/framework/src/Illuminate/Routing/Router.php(808): Illuminate/Routing/Route->run()
#16 C:/laragon/www/usama-fandaqah/vendor/laravel/framework/src/Illuminate/Pipeline/Pipeline.php(170): Illuminate/Routing/Router->Illuminate/Routing/{closure}(Object(Illuminate/Http/Request))
#17 C:/laragon/www/usama-fandaqah/vendor/laravel/framework/src/Illuminate/Routing/Middleware/SubstituteBindings.php(51): Illuminate/Pipeline/Pipeline->Illuminate/Pipeline/{closure}(Object(Illuminate/Http/Request))
#18 C:/laragon/www/usama-fandaqah/vendor/laravel/framework/src/Illuminate/Pipeline/Pipeline.php(209): Illuminate/Routing/Middleware/SubstituteBindings->handle(Object(Illuminate/Http/Request), Object(Closure))
#19 C:/laragon/www/usama-fandaqah/vendor/laravel/framework/src/Illuminate/Auth/Middleware/Authenticate.php(64): Illuminate/Pipeline/Pipeline->Illuminate/Pipeline/{closure}(Object(Illuminate/Http/Request))
#20 C:/laragon/www/usama-fandaqah/vendor/laravel/framework/src/Illuminate/Pipeline/Pipeline.php(209): Illuminate/Auth/Middleware/Authenticate->handle(Object(Illuminate/Http/Request), Object(Closure), 'sanctum')
#21 C:/laragon/www/usama-fandaqah/vendor/laravel/framework/src/Illuminate/Pipeline/Pipeline.php(127): Illuminate/Pipeline/Pipeline->Illuminate/Pipeline/{closure}(Object(Illuminate/Http/Request))
#22 C:/laragon/www/usama-fandaqah/vendor/laravel/framework/src/Illuminate/Routing/Router.php(807): Illuminate/Pipeline/Pipeline->then(Object(Closure))
#23 C:/laragon/www/usama-fandaqah/vendor/laravel/framework/src/Illuminate/Routing/Router.php(786): Illuminate/Routing/Router->runRouteWithinStack(Object(Illuminate/Routing/Route), Object(Illuminate/Http/Request))
#24 C:/laragon/www/usama-fandaqah/vendor/laravel/framework/src/Illuminate/Routing/Router.php(750): Illuminate/Routing/Router->runRoute(Object(Illuminate/Http/Request), Object(Illuminate/Routing/Route))
#25 C:/laragon/www/usama-fandaqah/vendor/laravel/framework/src/Illuminate/Routing/Router.php(739): Illuminate/Routing/Router->dispatchToRoute(Object(Illuminate/Http/Request))
#26 C:/laragon/www/usama-fandaqah/vendor/laravel/framework/src/Illuminate/Foundation/Http/Kernel.php(201): Illuminate/Routing/Router->dispatch(Object(Illuminate/Http/Request))
#27 C:/laragon/www/usama-fandaqah/vendor/laravel/framework/src/Illuminate/Pipeline/Pipeline.php(170): Illuminate/Foundation/Http/Kernel->Illuminate/Foundation/Http/{closure}(Object(Illuminate/Http/Request))
#28 C:/laragon/www/usama-fandaqah/laravelnova/src/Http/Middleware/ServeNova.php(23): Illuminate/Pipeline/Pipeline->Illuminate/Pipeline/{closure}(Object(Illuminate/Http/Request))
#29 C:/laragon/www/usama-fandaqah/vendor/laravel/framework/src/Illuminate/Pipeline/Pipeline.php(209): Laravel/Nova/Http/Middleware/ServeNova->handle(Object(Illuminate/Http/Request), Object(Closure))
#30 C:/laragon/www/usama-fandaqah/vendor/laravel/framework/src/Illuminate/Foundation/Http/Middleware/TransformsRequest.php(21): Illuminate/Pipeline/Pipeline->Illuminate/Pipeline/{closure}(Object(Illuminate/Http/Request))
#31 C:/laragon/www/usama-fandaqah/vendor/laravel/framework/src/Illuminate/Foundation/Http/Middleware/ConvertEmptyStringsToNull.php(31): Illuminate/Foundation/Http/Middleware/TransformsRequest->handle(Object(Illuminate/Http/Request), Object(Closure))
#32 C:/laragon/www/usama-fandaqah/vendor/laravel/framework/src/Illuminate/Pipeline/Pipeline.php(209): Illuminate/Foundation/Http/Middleware/ConvertEmptyStringsToNull->handle(Object(Illuminate/Http/Request), Object(Closure))
#33 C:/laragon/www/usama-fandaqah/vendor/laravel/framework/src/Illuminate/Foundation/Http/Middleware/TransformsRequest.php(21): Illuminate/Pipeline/Pipeline->Illuminate/Pipeline/{closure}(Object(Illuminate/Http/Request))
#34 C:/laragon/www/usama-fandaqah/vendor/laravel/framework/src/Illuminate/Foundation/Http/Middleware/TrimStrings.php(51): Illuminate/Foundation/Http/Middleware/TransformsRequest->handle(Object(Illuminate/Http/Request), Object(Closure))
#35 C:/laragon/www/usama-fandaqah/vendor/laravel/framework/src/Illuminate/Pipeline/Pipeline.php(209): Illuminate/Foundation/Http/Middleware/TrimStrings->handle(Object(Illuminate/Http/Request), Object(Closure))
#36 C:/laragon/www/usama-fandaqah/vendor/laravel/framework/src/Illuminate/Http/Middleware/ValidatePostSize.php(27): Illuminate/Pipeline/Pipeline->Illuminate/Pipeline/{closure}(Object(Illuminate/Http/Request))
#37 C:/laragon/www/usama-fandaqah/vendor/laravel/framework/src/Illuminate/Pipeline/Pipeline.php(209): Illuminate/Http/Middleware/ValidatePostSize->handle(Object(Illuminate/Http/Request), Object(Closure))
#38 C:/laragon/www/usama-fandaqah/vendor/laravel/framework/src/Illuminate/Foundation/Http/Middleware/PreventRequestsDuringMaintenance.php(110): Illuminate/Pipeline/Pipeline->Illuminate/Pipeline/{closure}(Object(Illuminate/Http/Request))
#39 C:/laragon/www/usama-fandaqah/vendor/laravel/framework/src/Illuminate/Pipeline/Pipeline.php(209): Illuminate/Foundation/Http/Middleware/PreventRequestsDuringMaintenance->handle(Object(Illuminate/Http/Request), Object(Closure))
#40 C:/laragon/www/usama-fandaqah/vendor/laravel/framework/src/Illuminate/Http/Middleware/HandleCors.php(62): Illuminate/Pipeline/Pipeline->Illuminate/Pipeline/{closure}(Object(Illuminate/Http/Request))
#41 C:/laragon/www/usama-fandaqah/vendor/laravel/framework/src/Illuminate/Pipeline/Pipeline.php(209): Illuminate/Http/Middleware/HandleCors->handle(Object(Illuminate/Http/Request), Object(Closure))
#42 C:/laragon/www/usama-fandaqah/vendor/laravel/framework/src/Illuminate/Http/Middleware/TrustProxies.php(58): Illuminate/Pipeline/Pipeline->Illuminate/Pipeline/{closure}(Object(Illuminate/Http/Request))
#43 C:/laragon/www/usama-fandaqah/vendor/laravel/framework/src/Illuminate/Pipeline/Pipeline.php(209): Illuminate/Http/Middleware/TrustProxies->handle(Object(Illuminate/Http/Request), Object(Closure))
#44 C:/laragon/www/usama-fandaqah/vendor/laravel/framework/src/Illuminate/Foundation/Http/Middleware/InvokeDeferredCallbacks.php(22): Illuminate/Pipeline/Pipeline->Illuminate/Pipeline/{closure}(Object(Illuminate/Http/Request))
#45 C:/laragon/www/usama-fandaqah/vendor/laravel/framework/src/Illuminate/Pipeline/Pipeline.php(209): Illuminate/Foundation/Http/Middleware/InvokeDeferredCallbacks->handle(Object(Illuminate/Http/Request), Object(Closure))
#46 C:/laragon/www/usama-fandaqah/vendor/laravel/framework/src/Illuminate/Pipeline/Pipeline.php(127): Illuminate/Pipeline/Pipeline->Illuminate/Pipeline/{closure}(Object(Illuminate/Http/Request))
#47 C:/laragon/www/usama-fandaqah/vendor/laravel/framework/src/Illuminate/Foundation/Http/Kernel.php(176): Illuminate/Pipeline/Pipeline->then(Object(Closure))
#48 C:/laragon/www/usama-fandaqah/vendor/laravel/framework/src/Illuminate/Foundation/Http/Kernel.php(145): Illuminate/Foundation/Http/Kernel->sendRequestThroughRouter(Object(Illuminate/Http/Request))
#49 C:/laragon/www/usama-fandaqah/vendor/laravel/framework/src/Illuminate/Foundation/Testing/Concerns/MakesHttpRequests.php(607): Illuminate/Foundation/Http/Kernel->handle(Object(Illuminate/Http/Request))
#50 C:/laragon/www/usama-fandaqah/vendor/laravel/framework/src/Illuminate/Foundation/Testing/Concerns/MakesHttpRequests.php(573): Illuminate/Foundation/Testing/TestCase->call('POST', '/api/night-audi...', Array, Array, Array, Array, '[]')
#51 C:/laragon/www/usama-fandaqah/vendor/laravel/framework/src/Illuminate/Foundation/Testing/Concerns/MakesHttpRequests.php(411): Illuminate/Foundation/Testing/TestCase->json('POST', '/api/night-audi...', Array, Array, 0)
#52 C:/laragon/www/usama-fandaqah/tests/Feature/NightAuditRerunTest.php(97): Illuminate/Foundation/Testing/TestCase->postJson('/api/night-audi...')
#53 C:/laragon/www/usama-fandaqah/vendor/phpunit/phpunit/src/Framework/TestCase.php(1667): Tests/Feature/NightAuditRerunTest->test_rerun_recent_audit_succeeds()
#54 C:/laragon/www/usama-fandaqah/vendor/phpunit/phpunit/src/Framework/TestCase.php(519): PHPUnit/Framework/TestCase->runTest()
#55 C:/laragon/www/usama-fandaqah/vendor/phpunit/phpunit/src/Framework/TestRunner/TestRunner.php(87): PHPUnit/Framework/TestCase->runBare()
#56 C:/laragon/www/usama-fandaqah/vendor/phpunit/phpunit/src/Framework/TestCase.php(365): PHPUnit/Framework/TestRunner->run(Object(Tests/Feature/NightAuditRerunTest))
#57 C:/laragon/www/usama-fandaqah/vendor/phpunit/phpunit/src/Framework/TestSuite.php(369): PHPUnit/Framework/TestCase->run()
#58 C:/laragon/www/usama-fandaqah/vendor/phpunit/phpunit/src/TextUI/TestRunner.php(64): PHPUnit/Framework/TestSuite->run()
#59 C:/laragon/www/usama-fandaqah/vendor/phpunit/phpunit/src/TextUI/Application.php(211): PHPUnit/TextUI/TestRunner->run(Object(PHPUnit/TextUI/Configuration/Configuration), Object(PHPUnit/Runner/ResultCache/DefaultResultCache), Object(PHPUnit/Framework/TestSuite))
#60 C:/laragon/www/usama-fandaqah/vendor/phpunit/phpunit/phpunit(104): PHPUnit/TextUI/Application->run(Array)
#61 C:/laragon/www/usama-fandaqah/vendor/bin/phpunit(122): include('C://laragon//www//...')
#62 {main}
"} 
[2026-04-30 14:45:49] local.ERROR: Target class [App\Http\Controllers\Api\NightAuditRerunService] does not exist. {"userId":70,"exception":"[object] (Illuminate\\Contracts\\Container\\BindingResolutionException(code: 0): Target class [App\\Http\\Controllers\\Api\\NightAuditRerunService] does not exist. at C:/laragon/www/usama-fandaqah/vendor/laravel/framework/src/Illuminate/Container/Container.php:961)
[stacktrace]
#0 C:/laragon/www/usama-fandaqah/vendor/laravel/framework/src/Illuminate/Container/Container.php(832): Illuminate/Container/Container->build('App//Http//Contro...')
#1 C:/laragon/www/usama-fandaqah/vendor/laravel/framework/src/Illuminate/Foundation/Application.php(1078): Illuminate/Container/Container->resolve('App//Http//Contro...', Array, true)
#2 C:/laragon/www/usama-fandaqah/vendor/laravel/framework/src/Illuminate/Container/Container.php(763): Illuminate/Foundation/Application->resolve('App//Http//Contro...', Array)
#3 C:/laragon/www/usama-fandaqah/vendor/laravel/framework/src/Illuminate/Foundation/Application.php(1058): Illuminate/Container/Container->make('App//Http//Contro...', Array)
#4 C:/laragon/www/usama-fandaqah/vendor/laravel/framework/src/Illuminate/Container/Container.php(1133): Illuminate/Foundation/Application->make('App//Http//Contro...')
#5 C:/laragon/www/usama-fandaqah/vendor/laravel/framework/src/Illuminate/Container/Container.php(1043): Illuminate/Container/Container->resolveClass(Object(ReflectionParameter))
#6 C:/laragon/www/usama-fandaqah/vendor/laravel/framework/src/Illuminate/Container/Container.php(994): Illuminate/Container/Container->resolveDependencies(Array)
#7 C:/laragon/www/usama-fandaqah/vendor/laravel/framework/src/Illuminate/Container/Container.php(832): Illuminate/Container/Container->build('App//Http//Contro...')
#8 C:/laragon/www/usama-fandaqah/vendor/laravel/framework/src/Illuminate/Foundation/Application.php(1078): Illuminate/Container/Container->resolve('App//Http//Contro...', Array, true)
#9 C:/laragon/www/usama-fandaqah/vendor/laravel/framework/src/Illuminate/Container/Container.php(763): Illuminate/Foundation/Application->resolve('App//Http//Contro...', Array)
#10 C:/laragon/www/usama-fandaqah/vendor/laravel/framework/src/Illuminate/Foundation/Application.php(1058): Illuminate/Container/Container->make('App//Http//Contro...', Array)
#11 C:/laragon/www/usama-fandaqah/vendor/laravel/framework/src/Illuminate/Routing/Route.php(285): Illuminate/Foundation/Application->make('App//Http//Contro...')
#12 C:/laragon/www/usama-fandaqah/vendor/laravel/framework/src/Illuminate/Routing/Route.php(267): Illuminate/Routing/Route->getController()
#13 C:/laragon/www/usama-fandaqah/vendor/laravel/framework/src/Illuminate/Routing/Route.php(212): Illuminate/Routing/Route->runController()
#14 C:/laragon/www/usama-fandaqah/vendor/laravel/framework/src/Illuminate/Routing/Router.php(808): Illuminate/Routing/Route->run()
#15 C:/laragon/www/usama-fandaqah/vendor/laravel/framework/src/Illuminate/Pipeline/Pipeline.php(170): Illuminate/Routing/Router->Illuminate/Routing/{closure}(Object(Illuminate/Http/Request))
#16 C:/laragon/www/usama-fandaqah/vendor/laravel/framework/src/Illuminate/Routing/Middleware/SubstituteBindings.php(51): Illuminate/Pipeline/Pipeline->Illuminate/Pipeline/{closure}(Object(Illuminate/Http/Request))
#17 C:/laragon/www/usama-fandaqah/vendor/laravel/framework/src/Illuminate/Pipeline/Pipeline.php(209): Illuminate/Routing/Middleware/SubstituteBindings->handle(Object(Illuminate/Http/Request), Object(Closure))
#18 C:/laragon/www/usama-fandaqah/vendor/laravel/framework/src/Illuminate/Auth/Middleware/Authenticate.php(64): Illuminate/Pipeline/Pipeline->Illuminate/Pipeline/{closure}(Object(Illuminate/Http/Request))
#19 C:/laragon/www/usama-fandaqah/vendor/laravel/framework/src/Illuminate/Pipeline/Pipeline.php(209): Illuminate/Auth/Middleware/Authenticate->handle(Object(Illuminate/Http/Request), Object(Closure), 'sanctum')
#20 C:/laragon/www/usama-fandaqah/vendor/laravel/framework/src/Illuminate/Pipeline/Pipeline.php(127): Illuminate/Pipeline/Pipeline->Illuminate/Pipeline/{closure}(Object(Illuminate/Http/Request))
#21 C:/laragon/www/usama-fandaqah/vendor/laravel/framework/src/Illuminate/Routing/Router.php(807): Illuminate/Pipeline/Pipeline->then(Object(Closure))
#22 C:/laragon/www/usama-fandaqah/vendor/laravel/framework/src/Illuminate/Routing/Router.php(786): Illuminate/Routing/Router->runRouteWithinStack(Object(Illuminate/Routing/Route), Object(Illuminate/Http/Request))
#23 C:/laragon/www/usama-fandaqah/vendor/laravel/framework/src/Illuminate/Routing/Router.php(750): Illuminate/Routing/Router->runRoute(Object(Illuminate/Http/Request), Object(Illuminate/Routing/Route))
#24 C:/laragon/www/usama-fandaqah/vendor/laravel/framework/src/Illuminate/Routing/Router.php(739): Illuminate/Routing/Router->dispatchToRoute(Object(Illuminate/Http/Request))
#25 C:/laragon/www/usama-fandaqah/vendor/laravel/framework/src/Illuminate/Foundation/Http/Kernel.php(201): Illuminate/Routing/Router->dispatch(Object(Illuminate/Http/Request))
#26 C:/laragon/www/usama-fandaqah/vendor/laravel/framework/src/Illuminate/Pipeline/Pipeline.php(170): Illuminate/Foundation/Http/Kernel->Illuminate/Foundation/Http/{closure}(Object(Illuminate/Http/Request))
#27 C:/laragon/www/usama-fandaqah/laravelnova/src/Http/Middleware/ServeNova.php(23): Illuminate/Pipeline/Pipeline->Illuminate/Pipeline/{closure}(Object(Illuminate/Http/Request))
#28 C:/laragon/www/usama-fandaqah/vendor/laravel/framework/src/Illuminate/Pipeline/Pipeline.php(209): Laravel/Nova/Http/Middleware/ServeNova->handle(Object(Illuminate/Http/Request), Object(Closure))
#29 C:/laragon/www/usama-fandaqah/vendor/laravel/framework/src/Illuminate/Foundation/Http/Middleware/TransformsRequest.php(21): Illuminate/Pipeline/Pipeline->Illuminate/Pipeline/{closure}(Object(Illuminate/Http/Request))
#30 C:/laragon/www/usama-fandaqah/vendor/laravel/framework/src/Illuminate/Foundation/Http/Middleware/ConvertEmptyStringsToNull.php(31): Illuminate/Foundation/Http/Middleware/TransformsRequest->handle(Object(Illuminate/Http/Request), Object(Closure))
#31 C:/laragon/www/usama-fandaqah/vendor/laravel/framework/src/Illuminate/Pipeline/Pipeline.php(209): Illuminate/Foundation/Http/Middleware/ConvertEmptyStringsToNull->handle(Object(Illuminate/Http/Request), Object(Closure))
#32 C:/laragon/www/usama-fandaqah/vendor/laravel/framework/src/Illuminate/Foundation/Http/Middleware/TransformsRequest.php(21): Illuminate/Pipeline/Pipeline->Illuminate/Pipeline/{closure}(Object(Illuminate/Http/Request))
#33 C:/laragon/www/usama-fandaqah/vendor/laravel/framework/src/Illuminate/Foundation/Http/Middleware/TrimStrings.php(51): Illuminate/Foundation/Http/Middleware/TransformsRequest->handle(Object(Illuminate/Http/Request), Object(Closure))
#34 C:/laragon/www/usama-fandaqah/vendor/laravel/framework/src/Illuminate/Pipeline/Pipeline.php(209): Illuminate/Foundation/Http/Middleware/TrimStrings->handle(Object(Illuminate/Http/Request), Object(Closure))
#35 C:/laragon/www/usama-fandaqah/vendor/laravel/framework/src/Illuminate/Http/Middleware/ValidatePostSize.php(27): Illuminate/Pipeline/Pipeline->Illuminate/Pipeline/{closure}(Object(Illuminate/Http/Request))
#36 C:/laragon/www/usama-fandaqah/vendor/laravel/framework/src/Illuminate/Pipeline/Pipeline.php(209): Illuminate/Http/Middleware/ValidatePostSize->handle(Object(Illuminate/Http/Request), Object(Closure))
#37 C:/laragon/www/usama-fandaqah/vendor/laravel/framework/src/Illuminate/Foundation/Http/Middleware/PreventRequestsDuringMaintenance.php(110): Illuminate/Pipeline/Pipeline->Illuminate/Pipeline/{closure}(Object(Illuminate/Http/Request))
#38 C:/laragon/www/usama-fandaqah/vendor/laravel/framework/src/Illuminate/Pipeline/Pipeline.php(209): Illuminate/Foundation/Http/Middleware/PreventRequestsDuringMaintenance->handle(Object(Illuminate/Http/Request), Object(Closure))
#39 C:/laragon/www/usama-fandaqah/vendor/laravel/framework/src/Illuminate/Http/Middleware/HandleCors.php(62): Illuminate/Pipeline/Pipeline->Illuminate/Pipeline/{closure}(Object(Illuminate/Http/Request))
#40 C:/laragon/www/usama-fandaqah/vendor/laravel/framework/src/Illuminate/Pipeline/Pipeline.php(209): Illuminate/Http/Middleware/HandleCors->handle(Object(Illuminate/Http/Request), Object(Closure))
#41 C:/laragon/www/usama-fandaqah/vendor/laravel/framework/src/Illuminate/Http/Middleware/TrustProxies.php(58): Illuminate/Pipeline/Pipeline->Illuminate/Pipeline/{closure}(Object(Illuminate/Http/Request))
#42 C:/laragon/www/usama-fandaqah/vendor/laravel/framework/src/Illuminate/Pipeline/Pipeline.php(209): Illuminate/Http/Middleware/TrustProxies->handle(Object(Illuminate/Http/Request), Object(Closure))
#43 C:/laragon/www/usama-fandaqah/vendor/laravel/framework/src/Illuminate/Foundation/Http/Middleware/InvokeDeferredCallbacks.php(22): Illuminate/Pipeline/Pipeline->Illuminate/Pipeline/{closure}(Object(Illuminate/Http/Request))
#44 C:/laragon/www/usama-fandaqah/vendor/laravel/framework/src/Illuminate/Pipeline/Pipeline.php(209): Illuminate/Foundation/Http/Middleware/InvokeDeferredCallbacks->handle(Object(Illuminate/Http/Request), Object(Closure))
#45 C:/laragon/www/usama-fandaqah/vendor/laravel/framework/src/Illuminate/Pipeline/Pipeline.php(127): Illuminate/Pipeline/Pipeline->Illuminate/Pipeline/{closure}(Object(Illuminate/Http/Request))
#46 C:/laragon/www/usama-fandaqah/vendor/laravel/framework/src/Illuminate/Foundation/Http/Kernel.php(176): Illuminate/Pipeline/Pipeline->then(Object(Closure))
#47 C:/laragon/www/usama-fandaqah/vendor/laravel/framework/src/Illuminate/Foundation/Http/Kernel.php(145): Illuminate/Foundation/Http/Kernel->sendRequestThroughRouter(Object(Illuminate/Http/Request))
#48 C:/laragon/www/usama-fandaqah/vendor/laravel/framework/src/Illuminate/Foundation/Testing/Concerns/MakesHttpRequests.php(607): Illuminate/Foundation/Http/Kernel->handle(Object(Illuminate/Http/Request))
#49 C:/laragon/www/usama-fandaqah/vendor/laravel/framework/src/Illuminate/Foundation/Testing/Concerns/MakesHttpRequests.php(573): Illuminate/Foundation/Testing/TestCase->call('POST', '/api/night-audi...', Array, Array, Array, Array, '[]')
#50 C:/laragon/www/usama-fandaqah/vendor/laravel/framework/src/Illuminate/Foundation/Testing/Concerns/MakesHttpRequests.php(411): Illuminate/Foundation/Testing/TestCase->json('POST', '/api/night-audi...', Array, Array, 0)
#51 C:/laragon/www/usama-fandaqah/tests/Feature/NightAuditRerunTest.php(97): Illuminate/Foundation/Testing/TestCase->postJson('/api/night-audi...')
#52 C:/laragon/www/usama-fandaqah/vendor/phpunit/phpunit/src/Framework/TestCase.php(1667): Tests/Feature/NightAuditRerunTest->test_rerun_recent_audit_succeeds()
#53 C:/laragon/www/usama-fandaqah/vendor/phpunit/phpunit/src/Framework/TestCase.php(519): PHPUnit/Framework/TestCase->runTest()
#54 C:/laragon/www/usama-fandaqah/vendor/phpunit/phpunit/src/Framework/TestRunner/TestRunner.php(87): PHPUnit/Framework/TestCase->runBare()
#55 C:/laragon/www/usama-fandaqah/vendor/phpunit/phpunit/src/Framework/TestCase.php(365): PHPUnit/Framework/TestRunner->run(Object(Tests/Feature/NightAuditRerunTest))
#56 C:/laragon/www/usama-fandaqah/vendor/phpunit/phpunit/src/Framework/TestSuite.php(369): PHPUnit/Framework/TestCase->run()
#57 C:/laragon/www/usama-fandaqah/vendor/phpunit/phpunit/src/TextUI/TestRunner.php(64): PHPUnit/Framework/TestSuite->run()
#58 C:/laragon/www/usama-fandaqah/vendor/phpunit/phpunit/src/TextUI/Application.php(211): PHPUnit/TextUI/TestRunner->run(Object(PHPUnit/TextUI/Configuration/Configuration), Object(PHPUnit/Runner/ResultCache/DefaultResultCache), Object(PHPUnit/Framework/TestSuite))
#59 C:/laragon/www/usama-fandaqah/vendor/phpunit/phpunit/phpunit(104): PHPUnit/TextUI/Application->run(Array)
#60 C:/laragon/www/usama-fandaqah/vendor/bin/phpunit(122): include('C://laragon//www//...')
#61 {main}

[previous exception] [object] (ReflectionException(code: -1): Class \"App\\Http\\Controllers\\Api\\NightAuditRerunService\" does not exist at C:/laragon/www/usama-fandaqah/vendor/laravel/framework/src/Illuminate/Container/Container.php:959)
[stacktrace]
#0 C:/laragon/www/usama-fandaqah/vendor/laravel/framework/src/Illuminate/Container/Container.php(959): ReflectionClass->__construct('App//Http//Contro...')
#1 C:/laragon/www/usama-fandaqah/vendor/laravel/framework/src/Illuminate/Container/Container.php(832): Illuminate/Container/Container->build('App//Http//Contro...')
#2 C:/laragon/www/usama-fandaqah/vendor/laravel/framework/src/Illuminate/Foundation/Application.php(1078): Illuminate/Container/Container->resolve('App//Http//Contro...', Array, true)
#3 C:/laragon/www/usama-fandaqah/vendor/laravel/framework/src/Illuminate/Container/Container.php(763): Illuminate/Foundation/Application->resolve('App//Http//Contro...', Array)
#4 C:/laragon/www/usama-fandaqah/vendor/laravel/framework/src/Illuminate/Foundation/Application.php(1058): Illuminate/Container/Container->make('App//Http//Contro...', Array)
#5 C:/laragon/www/usama-fandaqah/vendor/laravel/framework/src/Illuminate/Container/Container.php(1133): Illuminate/Foundation/Application->make('App//Http//Contro...')
#6 C:/laragon/www/usama-fandaqah/vendor/laravel/framework/src/Illuminate/Container/Container.php(1043): Illuminate/Container/Container->resolveClass(Object(ReflectionParameter))
#7 C:/laragon/www/usama-fandaqah/vendor/laravel/framework/src/Illuminate/Container/Container.php(994): Illuminate/Container/Container->resolveDependencies(Array)
#8 C:/laragon/www/usama-fandaqah/vendor/laravel/framework/src/Illuminate/Container/Container.php(832): Illuminate/Container/Container->build('App//Http//Contro...')
#9 C:/laragon/www/usama-fandaqah/vendor/laravel/framework/src/Illuminate/Foundation/Application.php(1078): Illuminate/Container/Container->resolve('App//Http//Contro...', Array, true)
#10 C:/laragon/www/usama-fandaqah/vendor/laravel/framework/src/Illuminate/Container/Container.php(763): Illuminate/Foundation/Application->resolve('App//Http//Contro...', Array)
#11 C:/laragon/www/usama-fandaqah/vendor/laravel/framework/src/Illuminate/Foundation/Application.php(1058): Illuminate/Container/Container->make('App//Http//Contro...', Array)
#12 C:/laragon/www/usama-fandaqah/vendor/laravel/framework/src/Illuminate/Routing/Route.php(285): Illuminate/Foundation/Application->make('App//Http//Contro...')
#13 C:/laragon/www/usama-fandaqah/vendor/laravel/framework/src/Illuminate/Routing/Route.php(267): Illuminate/Routing/Route->getController()
#14 C:/laragon/www/usama-fandaqah/vendor/laravel/framework/src/Illuminate/Routing/Route.php(212): Illuminate/Routing/Route->runController()
#15 C:/laragon/www/usama-fandaqah/vendor/laravel/framework/src/Illuminate/Routing/Router.php(808): Illuminate/Routing/Route->run()
#16 C:/laragon/www/usama-fandaqah/vendor/laravel/framework/src/Illuminate/Pipeline/Pipeline.php(170): Illuminate/Routing/Router->Illuminate/Routing/{closure}(Object(Illuminate/Http/Request))
#17 C:/laragon/www/usama-fandaqah/vendor/laravel/framework/src/Illuminate/Routing/Middleware/SubstituteBindings.php(51): Illuminate/Pipeline/Pipeline->Illuminate/Pipeline/{closure}(Object(Illuminate/Http/Request))
#18 C:/laragon/www/usama-fandaqah/vendor/laravel/framework/src/Illuminate/Pipeline/Pipeline.php(209): Illuminate/Routing/Middleware/SubstituteBindings->handle(Object(Illuminate/Http/Request), Object(Closure))
#19 C:/laragon/www/usama-fandaqah/vendor/laravel/framework/src/Illuminate/Auth/Middleware/Authenticate.php(64): Illuminate/Pipeline/Pipeline->Illuminate/Pipeline/{closure}(Object(Illuminate/Http/Request))
#20 C:/laragon/www/usama-fandaqah/vendor/laravel/framework/src/Illuminate/Pipeline/Pipeline.php(209): Illuminate/Auth/Middleware/Authenticate->handle(Object(Illuminate/Http/Request), Object(Closure), 'sanctum')
#21 C:/laragon/www/usama-fandaqah/vendor/laravel/framework/src/Illuminate/Pipeline/Pipeline.php(127): Illuminate/Pipeline/Pipeline->Illuminate/Pipeline/{closure}(Object(Illuminate/Http/Request))
#22 C:/laragon/www/usama-fandaqah/vendor/laravel/framework/src/Illuminate/Routing/Router.php(807): Illuminate/Pipeline/Pipeline->then(Object(Closure))
#23 C:/laragon/www/usama-fandaqah/vendor/laravel/framework/src/Illuminate/Routing/Router.php(786): Illuminate/Routing/Router->runRouteWithinStack(Object(Illuminate/Routing/Route), Object(Illuminate/Http/Request))
#24 C:/laragon/www/usama-fandaqah/vendor/laravel/framework/src/Illuminate/Routing/Router.php(750): Illuminate/Routing/Router->runRoute(Object(Illuminate/Http/Request), Object(Illuminate/Routing/Route))
#25 C:/laragon/www/usama-fandaqah/vendor/laravel/framework/src/Illuminate/Routing/Router.php(739): Illuminate/Routing/Router->dispatchToRoute(Object(Illuminate/Http/Request))
#26 C:/laragon/www/usama-fandaqah/vendor/laravel/framework/src/Illuminate/Foundation/Http/Kernel.php(201): Illuminate/Routing/Router->dispatch(Object(Illuminate/Http/Request))
#27 C:/laragon/www/usama-fandaqah/vendor/laravel/framework/src/Illuminate/Pipeline/Pipeline.php(170): Illuminate/Foundation/Http/Kernel->Illuminate/Foundation/Http/{closure}(Object(Illuminate/Http/Request))
#28 C:/laragon/www/usama-fandaqah/laravelnova/src/Http/Middleware/ServeNova.php(23): Illuminate/Pipeline/Pipeline->Illuminate/Pipeline/{closure}(Object(Illuminate/Http/Request))
#29 C:/laragon/www/usama-fandaqah/vendor/laravel/framework/src/Illuminate/Pipeline/Pipeline.php(209): Laravel/Nova/Http/Middleware/ServeNova->handle(Object(Illuminate/Http/Request), Object(Closure))
#30 C:/laragon/www/usama-fandaqah/vendor/laravel/framework/src/Illuminate/Foundation/Http/Middleware/TransformsRequest.php(21): Illuminate/Pipeline/Pipeline->Illuminate/Pipeline/{closure}(Object(Illuminate/Http/Request))
#31 C:/laragon/www/usama-fandaqah/vendor/laravel/framework/src/Illuminate/Foundation/Http/Middleware/ConvertEmptyStringsToNull.php(31): Illuminate/Foundation/Http/Middleware/TransformsRequest->handle(Object(Illuminate/Http/Request), Object(Closure))
#32 C:/laragon/www/usama-fandaqah/vendor/laravel/framework/src/Illuminate/Pipeline/Pipeline.php(209): Illuminate/Foundation/Http/Middleware/ConvertEmptyStringsToNull->handle(Object(Illuminate/Http/Request), Object(Closure))
#33 C:/laragon/www/usama-fandaqah/vendor/laravel/framework/src/Illuminate/Foundation/Http/Middleware/TransformsRequest.php(21): Illuminate/Pipeline/Pipeline->Illuminate/Pipeline/{closure}(Object(Illuminate/Http/Request))
#34 C:/laragon/www/usama-fandaqah/vendor/laravel/framework/src/Illuminate/Foundation/Http/Middleware/TrimStrings.php(51): Illuminate/Foundation/Http/Middleware/TransformsRequest->handle(Object(Illuminate/Http/Request), Object(Closure))
#35 C:/laragon/www/usama-fandaqah/vendor/laravel/framework/src/Illuminate/Pipeline/Pipeline.php(209): Illuminate/Foundation/Http/Middleware/TrimStrings->handle(Object(Illuminate/Http/Request), Object(Closure))
#36 C:/laragon/www/usama-fandaqah/vendor/laravel/framework/src/Illuminate/Http/Middleware/ValidatePostSize.php(27): Illuminate/Pipeline/Pipeline->Illuminate/Pipeline/{closure}(Object(Illuminate/Http/Request))
#37 C:/laragon/www/usama-fandaqah/vendor/laravel/framework/src/Illuminate/Pipeline/Pipeline.php(209): Illuminate/Http/Middleware/ValidatePostSize->handle(Object(Illuminate/Http/Request), Object(Closure))
#38 C:/laragon/www/usama-fandaqah/vendor/laravel/framework/src/Illuminate/Foundation/Http/Middleware/PreventRequestsDuringMaintenance.php(110): Illuminate/Pipeline/Pipeline->Illuminate/Pipeline/{closure}(Object(Illuminate/Http/Request))
#39 C:/laragon/www/usama-fandaqah/vendor/laravel/framework/src/Illuminate/Pipeline/Pipeline.php(209): Illuminate/Foundation/Http/Middleware/PreventRequestsDuringMaintenance->handle(Object(Illuminate/Http/Request), Object(Closure))
#40 C:/laragon/www/usama-fandaqah/vendor/laravel/framework/src/Illuminate/Http/Middleware/HandleCors.php(62): Illuminate/Pipeline/Pipeline->Illuminate/Pipeline/{closure}(Object(Illuminate/Http/Request))
#41 C:/laragon/www/usama-fandaqah/vendor/laravel/framework/src/Illuminate/Pipeline/Pipeline.php(209): Illuminate/Http/Middleware/HandleCors->handle(Object(Illuminate/Http/Request), Object(Closure))
#42 C:/laragon/www/usama-fandaqah/vendor/laravel/framework/src/Illuminate/Http/Middleware/TrustProxies.php(58): Illuminate/Pipeline/Pipeline->Illuminate/Pipeline/{closure}(Object(Illuminate/Http/Request))
#43 C:/laragon/www/usama-fandaqah/vendor/laravel/framework/src/Illuminate/Pipeline/Pipeline.php(209): Illuminate/Http/Middleware/TrustProxies->handle(Object(Illuminate/Http/Request), Object(Closure))
#44 C:/laragon/www/usama-fandaqah/vendor/laravel/framework/src/Illuminate/Foundation/Http/Middleware/InvokeDeferredCallbacks.php(22): Illuminate/Pipeline/Pipeline->Illuminate/Pipeline/{closure}(Object(Illuminate/Http/Request))
#45 C:/laragon/www/usama-fandaqah/vendor/laravel/framework/src/Illuminate/Pipeline/Pipeline.php(209): Illuminate/Foundation/Http/Middleware/InvokeDeferredCallbacks->handle(Object(Illuminate/Http/Request), Object(Closure))
#46 C:/laragon/www/usama-fandaqah/vendor/laravel/framework/src/Illuminate/Pipeline/Pipeline.php(127): Illuminate/Pipeline/Pipeline->Illuminate/Pipeline/{closure}(Object(Illuminate/Http/Request))
#47 C:/laragon/www/usama-fandaqah/vendor/laravel/framework/src/Illuminate/Foundation/Http/Kernel.php(176): Illuminate/Pipeline/Pipeline->then(Object(Closure))
#48 C:/laragon/www/usama-fandaqah/vendor/laravel/framework/src/Illuminate/Foundation/Http/Kernel.php(145): Illuminate/Foundation/Http/Kernel->sendRequestThroughRouter(Object(Illuminate/Http/Request))
#49 C:/laragon/www/usama-fandaqah/vendor/laravel/framework/src/Illuminate/Foundation/Testing/Concerns/MakesHttpRequests.php(607): Illuminate/Foundation/Http/Kernel->handle(Object(Illuminate/Http/Request))
#50 C:/laragon/www/usama-fandaqah/vendor/laravel/framework/src/Illuminate/Foundation/Testing/Concerns/MakesHttpRequests.php(573): Illuminate/Foundation/Testing/TestCase->call('POST', '/api/night-audi...', Array, Array, Array, Array, '[]')
#51 C:/laragon/www/usama-fandaqah/vendor/laravel/framework/src/Illuminate/Foundation/Testing/Concerns/MakesHttpRequests.php(411): Illuminate/Foundation/Testing/TestCase->json('POST', '/api/night-audi...', Array, Array, 0)
#52 C:/laragon/www/usama-fandaqah/tests/Feature/NightAuditRerunTest.php(97): Illuminate/Foundation/Testing/TestCase->postJson('/api/night-audi...')
#53 C:/laragon/www/usama-fandaqah/vendor/phpunit/phpunit/src/Framework/TestCase.php(1667): Tests/Feature/NightAuditRerunTest->test_rerun_recent_audit_succeeds()
#54 C:/laragon/www/usama-fandaqah/vendor/phpunit/phpunit/src/Framework/TestCase.php(519): PHPUnit/Framework/TestCase->runTest()
#55 C:/laragon/www/usama-fandaqah/vendor/phpunit/phpunit/src/Framework/TestRunner/TestRunner.php(87): PHPUnit/Framework/TestCase->runBare()
#56 C:/laragon/www/usama-fandaqah/vendor/phpunit/phpunit/src/Framework/TestCase.php(365): PHPUnit/Framework/TestRunner->run(Object(Tests/Feature/NightAuditRerunTest))
#57 C:/laragon/www/usama-fandaqah/vendor/phpunit/phpunit/src/Framework/TestSuite.php(369): PHPUnit/Framework/TestCase->run()
#58 C:/laragon/www/usama-fandaqah/vendor/phpunit/phpunit/src/TextUI/TestRunner.php(64): PHPUnit/Framework/TestSuite->run()
#59 C:/laragon/www/usama-fandaqah/vendor/phpunit/phpunit/src/TextUI/Application.php(211): PHPUnit/TextUI/TestRunner->run(Object(PHPUnit/TextUI/Configuration/Configuration), Object(PHPUnit/Runner/ResultCache/DefaultResultCache), Object(PHPUnit/Framework/TestSuite))
#60 C:/laragon/www/usama-fandaqah/vendor/phpunit/phpunit/phpunit(104): PHPUnit/TextUI/Application->run(Array)
#61 C:/laragon/www/usama-fandaqah/vendor/bin/phpunit(122): include('C://laragon//www//...')
#62 {main}
"} 
[2026-04-30 14:45:56] local.ERROR: Target class [App\Http\Controllers\Api\NightAuditRerunService] does not exist. {"userId":71,"exception":"[object] (Illuminate\\Contracts\\Container\\BindingResolutionException(code: 0): Target class [App\\Http\\Controllers\\Api\\NightAuditRerunService] does not exist. at C:/laragon/www/usama-fandaqah/vendor/laravel/framework/src/Illuminate/Container/Container.php:961)
[stacktrace]
#0 C:/laragon/www/usama-fandaqah/vendor/laravel/framework/src/Illuminate/Container/Container.php(832): Illuminate/Container/Container->build('App//Http//Contro...')
#1 C:/laragon/www/usama-fandaqah/vendor/laravel/framework/src/Illuminate/Foundation/Application.php(1078): Illuminate/Container/Container->resolve('App//Http//Contro...', Array, true)
#2 C:/laragon/www/usama-fandaqah/vendor/laravel/framework/src/Illuminate/Container/Container.php(763): Illuminate/Foundation/Application->resolve('App//Http//Contro...', Array)
#3 C:/laragon/www/usama-fandaqah/vendor/laravel/framework/src/Illuminate/Foundation/Application.php(1058): Illuminate/Container/Container->make('App//Http//Contro...', Array)
#4 C:/laragon/www/usama-fandaqah/vendor/laravel/framework/src/Illuminate/Container/Container.php(1133): Illuminate/Foundation/Application->make('App//Http//Contro...')
#5 C:/laragon/www/usama-fandaqah/vendor/laravel/framework/src/Illuminate/Container/Container.php(1043): Illuminate/Container/Container->resolveClass(Object(ReflectionParameter))
#6 C:/laragon/www/usama-fandaqah/vendor/laravel/framework/src/Illuminate/Container/Container.php(994): Illuminate/Container/Container->resolveDependencies(Array)
#7 C:/laragon/www/usama-fandaqah/vendor/laravel/framework/src/Illuminate/Container/Container.php(832): Illuminate/Container/Container->build('App//Http//Contro...')
#8 C:/laragon/www/usama-fandaqah/vendor/laravel/framework/src/Illuminate/Foundation/Application.php(1078): Illuminate/Container/Container->resolve('App//Http//Contro...', Array, true)
#9 C:/laragon/www/usama-fandaqah/vendor/laravel/framework/src/Illuminate/Container/Container.php(763): Illuminate/Foundation/Application->resolve('App//Http//Contro...', Array)
#10 C:/laragon/www/usama-fandaqah/vendor/laravel/framework/src/Illuminate/Foundation/Application.php(1058): Illuminate/Container/Container->make('App//Http//Contro...', Array)
#11 C:/laragon/www/usama-fandaqah/vendor/laravel/framework/src/Illuminate/Routing/Route.php(285): Illuminate/Foundation/Application->make('App//Http//Contro...')
#12 C:/laragon/www/usama-fandaqah/vendor/laravel/framework/src/Illuminate/Routing/Route.php(267): Illuminate/Routing/Route->getController()
#13 C:/laragon/www/usama-fandaqah/vendor/laravel/framework/src/Illuminate/Routing/Route.php(212): Illuminate/Routing/Route->runController()
#14 C:/laragon/www/usama-fandaqah/vendor/laravel/framework/src/Illuminate/Routing/Router.php(808): Illuminate/Routing/Route->run()
#15 C:/laragon/www/usama-fandaqah/vendor/laravel/framework/src/Illuminate/Pipeline/Pipeline.php(170): Illuminate/Routing/Router->Illuminate/Routing/{closure}(Object(Illuminate/Http/Request))
#16 C:/laragon/www/usama-fandaqah/vendor/laravel/framework/src/Illuminate/Routing/Middleware/SubstituteBindings.php(51): Illuminate/Pipeline/Pipeline->Illuminate/Pipeline/{closure}(Object(Illuminate/Http/Request))
#17 C:/laragon/www/usama-fandaqah/vendor/laravel/framework/src/Illuminate/Pipeline/Pipeline.php(209): Illuminate/Routing/Middleware/SubstituteBindings->handle(Object(Illuminate/Http/Request), Object(Closure))
#18 C:/laragon/www/usama-fandaqah/vendor/laravel/framework/src/Illuminate/Auth/Middleware/Authenticate.php(64): Illuminate/Pipeline/Pipeline->Illuminate/Pipeline/{closure}(Object(Illuminate/Http/Request))
#19 C:/laragon/www/usama-fandaqah/vendor/laravel/framework/src/Illuminate/Pipeline/Pipeline.php(209): Illuminate/Auth/Middleware/Authenticate->handle(Object(Illuminate/Http/Request), Object(Closure), 'sanctum')
#20 C:/laragon/www/usama-fandaqah/vendor/laravel/framework/src/Illuminate/Pipeline/Pipeline.php(127): Illuminate/Pipeline/Pipeline->Illuminate/Pipeline/{closure}(Object(Illuminate/Http/Request))
#21 C:/laragon/www/usama-fandaqah/vendor/laravel/framework/src/Illuminate/Routing/Router.php(807): Illuminate/Pipeline/Pipeline->then(Object(Closure))
#22 C:/laragon/www/usama-fandaqah/vendor/laravel/framework/src/Illuminate/Routing/Router.php(786): Illuminate/Routing/Router->runRouteWithinStack(Object(Illuminate/Routing/Route), Object(Illuminate/Http/Request))
#23 C:/laragon/www/usama-fandaqah/vendor/laravel/framework/src/Illuminate/Routing/Router.php(750): Illuminate/Routing/Router->runRoute(Object(Illuminate/Http/Request), Object(Illuminate/Routing/Route))
#24 C:/laragon/www/usama-fandaqah/vendor/laravel/framework/src/Illuminate/Routing/Router.php(739): Illuminate/Routing/Router->dispatchToRoute(Object(Illuminate/Http/Request))
#25 C:/laragon/www/usama-fandaqah/vendor/laravel/framework/src/Illuminate/Foundation/Http/Kernel.php(201): Illuminate/Routing/Router->dispatch(Object(Illuminate/Http/Request))
#26 C:/laragon/www/usama-fandaqah/vendor/laravel/framework/src/Illuminate/Pipeline/Pipeline.php(170): Illuminate/Foundation/Http/Kernel->Illuminate/Foundation/Http/{closure}(Object(Illuminate/Http/Request))
#27 C:/laragon/www/usama-fandaqah/laravelnova/src/Http/Middleware/ServeNova.php(23): Illuminate/Pipeline/Pipeline->Illuminate/Pipeline/{closure}(Object(Illuminate/Http/Request))
#28 C:/laragon/www/usama-fandaqah/vendor/laravel/framework/src/Illuminate/Pipeline/Pipeline.php(209): Laravel/Nova/Http/Middleware/ServeNova->handle(Object(Illuminate/Http/Request), Object(Closure))
#29 C:/laragon/www/usama-fandaqah/vendor/laravel/framework/src/Illuminate/Foundation/Http/Middleware/TransformsRequest.php(21): Illuminate/Pipeline/Pipeline->Illuminate/Pipeline/{closure}(Object(Illuminate/Http/Request))
#30 C:/laragon/www/usama-fandaqah/vendor/laravel/framework/src/Illuminate/Foundation/Http/Middleware/ConvertEmptyStringsToNull.php(31): Illuminate/Foundation/Http/Middleware/TransformsRequest->handle(Object(Illuminate/Http/Request), Object(Closure))
#31 C:/laragon/www/usama-fandaqah/vendor/laravel/framework/src/Illuminate/Pipeline/Pipeline.php(209): Illuminate/Foundation/Http/Middleware/ConvertEmptyStringsToNull->handle(Object(Illuminate/Http/Request), Object(Closure))
#32 C:/laragon/www/usama-fandaqah/vendor/laravel/framework/src/Illuminate/Foundation/Http/Middleware/TransformsRequest.php(21): Illuminate/Pipeline/Pipeline->Illuminate/Pipeline/{closure}(Object(Illuminate/Http/Request))
#33 C:/laragon/www/usama-fandaqah/vendor/laravel/framework/src/Illuminate/Foundation/Http/Middleware/TrimStrings.php(51): Illuminate/Foundation/Http/Middleware/TransformsRequest->handle(Object(Illuminate/Http/Request), Object(Closure))
#34 C:/laragon/www/usama-fandaqah/vendor/laravel/framework/src/Illuminate/Pipeline/Pipeline.php(209): Illuminate/Foundation/Http/Middleware/TrimStrings->handle(Object(Illuminate/Http/Request), Object(Closure))
#35 C:/laragon/www/usama-fandaqah/vendor/laravel/framework/src/Illuminate/Http/Middleware/ValidatePostSize.php(27): Illuminate/Pipeline/Pipeline->Illuminate/Pipeline/{closure}(Object(Illuminate/Http/Request))
#36 C:/laragon/www/usama-fandaqah/vendor/laravel/framework/src/Illuminate/Pipeline/Pipeline.php(209): Illuminate/Http/Middleware/ValidatePostSize->handle(Object(Illuminate/Http/Request), Object(Closure))
#37 C:/laragon/www/usama-fandaqah/vendor/laravel/framework/src/Illuminate/Foundation/Http/Middleware/PreventRequestsDuringMaintenance.php(110): Illuminate/Pipeline/Pipeline->Illuminate/Pipeline/{closure}(Object(Illuminate/Http/Request))
#38 C:/laragon/www/usama-fandaqah/vendor/laravel/framework/src/Illuminate/Pipeline/Pipeline.php(209): Illuminate/Foundation/Http/Middleware/PreventRequestsDuringMaintenance->handle(Object(Illuminate/Http/Request), Object(Closure))
#39 C:/laragon/www/usama-fandaqah/vendor/laravel/framework/src/Illuminate/Http/Middleware/HandleCors.php(62): Illuminate/Pipeline/Pipeline->Illuminate/Pipeline/{closure}(Object(Illuminate/Http/Request))
#40 C:/laragon/www/usama-fandaqah/vendor/laravel/framework/src/Illuminate/Pipeline/Pipeline.php(209): Illuminate/Http/Middleware/HandleCors->handle(Object(Illuminate/Http/Request), Object(Closure))
#41 C:/laragon/www/usama-fandaqah/vendor/laravel/framework/src/Illuminate/Http/Middleware/TrustProxies.php(58): Illuminate/Pipeline/Pipeline->Illuminate/Pipeline/{closure}(Object(Illuminate/Http/Request))
#42 C:/laragon/www/usama-fandaqah/vendor/laravel/framework/src/Illuminate/Pipeline/Pipeline.php(209): Illuminate/Http/Middleware/TrustProxies->handle(Object(Illuminate/Http/Request), Object(Closure))
#43 C:/laragon/www/usama-fandaqah/vendor/laravel/framework/src/Illuminate/Foundation/Http/Middleware/InvokeDeferredCallbacks.php(22): Illuminate/Pipeline/Pipeline->Illuminate/Pipeline/{closure}(Object(Illuminate/Http/Request))
#44 C:/laragon/www/usama-fandaqah/vendor/laravel/framework/src/Illuminate/Pipeline/Pipeline.php(209): Illuminate/Foundation/Http/Middleware/InvokeDeferredCallbacks->handle(Object(Illuminate/Http/Request), Object(Closure))
#45 C:/laragon/www/usama-fandaqah/vendor/laravel/framework/src/Illuminate/Pipeline/Pipeline.php(127): Illuminate/Pipeline/Pipeline->Illuminate/Pipeline/{closure}(Object(Illuminate/Http/Request))
#46 C:/laragon/www/usama-fandaqah/vendor/laravel/framework/src/Illuminate/Foundation/Http/Kernel.php(176): Illuminate/Pipeline/Pipeline->then(Object(Closure))
#47 C:/laragon/www/usama-fandaqah/vendor/laravel/framework/src/Illuminate/Foundation/Http/Kernel.php(145): Illuminate/Foundation/Http/Kernel->sendRequestThroughRouter(Object(Illuminate/Http/Request))
#48 C:/laragon/www/usama-fandaqah/vendor/laravel/framework/src/Illuminate/Foundation/Testing/Concerns/MakesHttpRequests.php(607): Illuminate/Foundation/Http/Kernel->handle(Object(Illuminate/Http/Request))
#49 C:/laragon/www/usama-fandaqah/vendor/laravel/framework/src/Illuminate/Foundation/Testing/Concerns/MakesHttpRequests.php(573): Illuminate/Foundation/Testing/TestCase->call('POST', '/api/night-audi...', Array, Array, Array, Array, '[]')
#50 C:/laragon/www/usama-fandaqah/vendor/laravel/framework/src/Illuminate/Foundation/Testing/Concerns/MakesHttpRequests.php(411): Illuminate/Foundation/Testing/TestCase->json('POST', '/api/night-audi...', Array, Array, 0)
#51 C:/laragon/www/usama-fandaqah/tests/Feature/NightAuditRerunTest.php(97): Illuminate/Foundation/Testing/TestCase->postJson('/api/night-audi...')
#52 C:/laragon/www/usama-fandaqah/vendor/phpunit/phpunit/src/Framework/TestCase.php(1667): Tests/Feature/NightAuditRerunTest->test_rerun_recent_audit_succeeds()
#53 C:/laragon/www/usama-fandaqah/vendor/phpunit/phpunit/src/Framework/TestCase.php(519): PHPUnit/Framework/TestCase->runTest()
#54 C:/laragon/www/usama-fandaqah/vendor/phpunit/phpunit/src/Framework/TestRunner/TestRunner.php(87): PHPUnit/Framework/TestCase->runBare()
#55 C:/laragon/www/usama-fandaqah/vendor/phpunit/phpunit/src/Framework/TestCase.php(365): PHPUnit/Framework/TestRunner->run(Object(Tests/Feature/NightAuditRerunTest))
#56 C:/laragon/www/usama-fandaqah/vendor/phpunit/phpunit/src/Framework/TestSuite.php(369): PHPUnit/Framework/TestCase->run()
#57 C:/laragon/www/usama-fandaqah/vendor/phpunit/phpunit/src/TextUI/TestRunner.php(64): PHPUnit/Framework/TestSuite->run()
#58 C:/laragon/www/usama-fandaqah/vendor/phpunit/phpunit/src/TextUI/Application.php(211): PHPUnit/TextUI/TestRunner->run(Object(PHPUnit/TextUI/Configuration/Configuration), Object(PHPUnit/Runner/ResultCache/DefaultResultCache), Object(PHPUnit/Framework/TestSuite))
#59 C:/laragon/www/usama-fandaqah/vendor/phpunit/phpunit/phpunit(104): PHPUnit/TextUI/Application->run(Array)
#60 C:/laragon/www/usama-fandaqah/vendor/bin/phpunit(122): include('C://laragon//www//...')
#61 {main}

[previous exception] [object] (ReflectionException(code: -1): Class \"App\\Http\\Controllers\\Api\\NightAuditRerunService\" does not exist at C:/laragon/www/usama-fandaqah/vendor/laravel/framework/src/Illuminate/Container/Container.php:959)
[stacktrace]
#0 C:/laragon/www/usama-fandaqah/vendor/laravel/framework/src/Illuminate/Container/Container.php(959): ReflectionClass->__construct('App//Http//Contro...')
#1 C:/laragon/www/usama-fandaqah/vendor/laravel/framework/src/Illuminate/Container/Container.php(832): Illuminate/Container/Container->build('App//Http//Contro...')
#2 C:/laragon/www/usama-fandaqah/vendor/laravel/framework/src/Illuminate/Foundation/Application.php(1078): Illuminate/Container/Container->resolve('App//Http//Contro...', Array, true)
#3 C:/laragon/www/usama-fandaqah/vendor/laravel/framework/src/Illuminate/Container/Container.php(763): Illuminate/Foundation/Application->resolve('App//Http//Contro...', Array)
#4 C:/laragon/www/usama-fandaqah/vendor/laravel/framework/src/Illuminate/Foundation/Application.php(1058): Illuminate/Container/Container->make('App//Http//Contro...', Array)
#5 C:/laragon/www/usama-fandaqah/vendor/laravel/framework/src/Illuminate/Container/Container.php(1133): Illuminate/Foundation/Application->make('App//Http//Contro...')
#6 C:/laragon/www/usama-fandaqah/vendor/laravel/framework/src/Illuminate/Container/Container.php(1043): Illuminate/Container/Container->resolveClass(Object(ReflectionParameter))
#7 C:/laragon/www/usama-fandaqah/vendor/laravel/framework/src/Illuminate/Container/Container.php(994): Illuminate/Container/Container->resolveDependencies(Array)
#8 C:/laragon/www/usama-fandaqah/vendor/laravel/framework/src/Illuminate/Container/Container.php(832): Illuminate/Container/Container->build('App//Http//Contro...')
#9 C:/laragon/www/usama-fandaqah/vendor/laravel/framework/src/Illuminate/Foundation/Application.php(1078): Illuminate/Container/Container->resolve('App//Http//Contro...', Array, true)
#10 C:/laragon/www/usama-fandaqah/vendor/laravel/framework/src/Illuminate/Container/Container.php(763): Illuminate/Foundation/Application->resolve('App//Http//Contro...', Array)
#11 C:/laragon/www/usama-fandaqah/vendor/laravel/framework/src/Illuminate/Foundation/Application.php(1058): Illuminate/Container/Container->make('App//Http//Contro...', Array)
#12 C:/laragon/www/usama-fandaqah/vendor/laravel/framework/src/Illuminate/Routing/Route.php(285): Illuminate/Foundation/Application->make('App//Http//Contro...')
#13 C:/laragon/www/usama-fandaqah/vendor/laravel/framework/src/Illuminate/Routing/Route.php(267): Illuminate/Routing/Route->getController()
#14 C:/laragon/www/usama-fandaqah/vendor/laravel/framework/src/Illuminate/Routing/Route.php(212): Illuminate/Routing/Route->runController()
#15 C:/laragon/www/usama-fandaqah/vendor/laravel/framework/src/Illuminate/Routing/Router.php(808): Illuminate/Routing/Route->run()
#16 C:/laragon/www/usama-fandaqah/vendor/laravel/framework/src/Illuminate/Pipeline/Pipeline.php(170): Illuminate/Routing/Router->Illuminate/Routing/{closure}(Object(Illuminate/Http/Request))
#17 C:/laragon/www/usama-fandaqah/vendor/laravel/framework/src/Illuminate/Routing/Middleware/SubstituteBindings.php(51): Illuminate/Pipeline/Pipeline->Illuminate/Pipeline/{closure}(Object(Illuminate/Http/Request))
#18 C:/laragon/www/usama-fandaqah/vendor/laravel/framework/src/Illuminate/Pipeline/Pipeline.php(209): Illuminate/Routing/Middleware/SubstituteBindings->handle(Object(Illuminate/Http/Request), Object(Closure))
#19 C:/laragon/www/usama-fandaqah/vendor/laravel/framework/src/Illuminate/Auth/Middleware/Authenticate.php(64): Illuminate/Pipeline/Pipeline->Illuminate/Pipeline/{closure}(Object(Illuminate/Http/Request))
#20 C:/laragon/www/usama-fandaqah/vendor/laravel/framework/src/Illuminate/Pipeline/Pipeline.php(209): Illuminate/Auth/Middleware/Authenticate->handle(Object(Illuminate/Http/Request), Object(Closure), 'sanctum')
#21 C:/laragon/www/usama-fandaqah/vendor/laravel/framework/src/Illuminate/Pipeline/Pipeline.php(127): Illuminate/Pipeline/Pipeline->Illuminate/Pipeline/{closure}(Object(Illuminate/Http/Request))
#22 C:/laragon/www/usama-fandaqah/vendor/laravel/framework/src/Illuminate/Routing/Router.php(807): Illuminate/Pipeline/Pipeline->then(Object(Closure))
#23 C:/laragon/www/usama-fandaqah/vendor/laravel/framework/src/Illuminate/Routing/Router.php(786): Illuminate/Routing/Router->runRouteWithinStack(Object(Illuminate/Routing/Route), Object(Illuminate/Http/Request))
#24 C:/laragon/www/usama-fandaqah/vendor/laravel/framework/src/Illuminate/Routing/Router.php(750): Illuminate/Routing/Router->runRoute(Object(Illuminate/Http/Request), Object(Illuminate/Routing/Route))
#25 C:/laragon/www/usama-fandaqah/vendor/laravel/framework/src/Illuminate/Routing/Router.php(739): Illuminate/Routing/Router->dispatchToRoute(Object(Illuminate/Http/Request))
#26 C:/laragon/www/usama-fandaqah/vendor/laravel/framework/src/Illuminate/Foundation/Http/Kernel.php(201): Illuminate/Routing/Router->dispatch(Object(Illuminate/Http/Request))
#27 C:/laragon/www/usama-fandaqah/vendor/laravel/framework/src/Illuminate/Pipeline/Pipeline.php(170): Illuminate/Foundation/Http/Kernel->Illuminate/Foundation/Http/{closure}(Object(Illuminate/Http/Request))
#28 C:/laragon/www/usama-fandaqah/laravelnova/src/Http/Middleware/ServeNova.php(23): Illuminate/Pipeline/Pipeline->Illuminate/Pipeline/{closure}(Object(Illuminate/Http/Request))
#29 C:/laragon/www/usama-fandaqah/vendor/laravel/framework/src/Illuminate/Pipeline/Pipeline.php(209): Laravel/Nova/Http/Middleware/ServeNova->handle(Object(Illuminate/Http/Request), Object(Closure))
#30 C:/laragon/www/usama-fandaqah/vendor/laravel/framework/src/Illuminate/Foundation/Http/Middleware/TransformsRequest.php(21): Illuminate/Pipeline/Pipeline->Illuminate/Pipeline/{closure}(Object(Illuminate/Http/Request))
#31 C:/laragon/www/usama-fandaqah/vendor/laravel/framework/src/Illuminate/Foundation/Http/Middleware/ConvertEmptyStringsToNull.php(31): Illuminate/Foundation/Http/Middleware/TransformsRequest->handle(Object(Illuminate/Http/Request), Object(Closure))
#32 C:/laragon/www/usama-fandaqah/vendor/laravel/framework/src/Illuminate/Pipeline/Pipeline.php(209): Illuminate/Foundation/Http/Middleware/ConvertEmptyStringsToNull->handle(Object(Illuminate/Http/Request), Object(Closure))
#33 C:/laragon/www/usama-fandaqah/vendor/laravel/framework/src/Illuminate/Foundation/Http/Middleware/TransformsRequest.php(21): Illuminate/Pipeline/Pipeline->Illuminate/Pipeline/{closure}(Object(Illuminate/Http/Request))
#34 C:/laragon/www/usama-fandaqah/vendor/laravel/framework/src/Illuminate/Foundation/Http/Middleware/TrimStrings.php(51): Illuminate/Foundation/Http/Middleware/TransformsRequest->handle(Object(Illuminate/Http/Request), Object(Closure))
#35 C:/laragon/www/usama-fandaqah/vendor/laravel/framework/src/Illuminate/Pipeline/Pipeline.php(209): Illuminate/Foundation/Http/Middleware/TrimStrings->handle(Object(Illuminate/Http/Request), Object(Closure))
#36 C:/laragon/www/usama-fandaqah/vendor/laravel/framework/src/Illuminate/Http/Middleware/ValidatePostSize.php(27): Illuminate/Pipeline/Pipeline->Illuminate/Pipeline/{closure}(Object(Illuminate/Http/Request))
#37 C:/laragon/www/usama-fandaqah/vendor/laravel/framework/src/Illuminate/Pipeline/Pipeline.php(209): Illuminate/Http/Middleware/ValidatePostSize->handle(Object(Illuminate/Http/Request), Object(Closure))
#38 C:/laragon/www/usama-fandaqah/vendor/laravel/framework/src/Illuminate/Foundation/Http/Middleware/PreventRequestsDuringMaintenance.php(110): Illuminate/Pipeline/Pipeline->Illuminate/Pipeline/{closure}(Object(Illuminate/Http/Request))
#39 C:/laragon/www/usama-fandaqah/vendor/laravel/framework/src/Illuminate/Pipeline/Pipeline.php(209): Illuminate/Foundation/Http/Middleware/PreventRequestsDuringMaintenance->handle(Object(Illuminate/Http/Request), Object(Closure))
#40 C:/laragon/www/usama-fandaqah/vendor/laravel/framework/src/Illuminate/Http/Middleware/HandleCors.php(62): Illuminate/Pipeline/Pipeline->Illuminate/Pipeline/{closure}(Object(Illuminate/Http/Request))
#41 C:/laragon/www/usama-fandaqah/vendor/laravel/framework/src/Illuminate/Pipeline/Pipeline.php(209): Illuminate/Http/Middleware/HandleCors->handle(Object(Illuminate/Http/Request), Object(Closure))
#42 C:/laragon/www/usama-fandaqah/vendor/laravel/framework/src/Illuminate/Http/Middleware/TrustProxies.php(58): Illuminate/Pipeline/Pipeline->Illuminate/Pipeline/{closure}(Object(Illuminate/Http/Request))
#43 C:/laragon/www/usama-fandaqah/vendor/laravel/framework/src/Illuminate/Pipeline/Pipeline.php(209): Illuminate/Http/Middleware/TrustProxies->handle(Object(Illuminate/Http/Request), Object(Closure))
#44 C:/laragon/www/usama-fandaqah/vendor/laravel/framework/src/Illuminate/Foundation/Http/Middleware/InvokeDeferredCallbacks.php(22): Illuminate/Pipeline/Pipeline->Illuminate/Pipeline/{closure}(Object(Illuminate/Http/Request))
#45 C:/laragon/www/usama-fandaqah/vendor/laravel/framework/src/Illuminate/Pipeline/Pipeline.php(209): Illuminate/Foundation/Http/Middleware/InvokeDeferredCallbacks->handle(Object(Illuminate/Http/Request), Object(Closure))
#46 C:/laragon/www/usama-fandaqah/vendor/laravel/framework/src/Illuminate/Pipeline/Pipeline.php(127): Illuminate/Pipeline/Pipeline->Illuminate/Pipeline/{closure}(Object(Illuminate/Http/Request))
#47 C:/laragon/www/usama-fandaqah/vendor/laravel/framework/src/Illuminate/Foundation/Http/Kernel.php(176): Illuminate/Pipeline/Pipeline->then(Object(Closure))
#48 C:/laragon/www/usama-fandaqah/vendor/laravel/framework/src/Illuminate/Foundation/Http/Kernel.php(145): Illuminate/Foundation/Http/Kernel->sendRequestThroughRouter(Object(Illuminate/Http/Request))
#49 C:/laragon/www/usama-fandaqah/vendor/laravel/framework/src/Illuminate/Foundation/Testing/Concerns/MakesHttpRequests.php(607): Illuminate/Foundation/Http/Kernel->handle(Object(Illuminate/Http/Request))
#50 C:/laragon/www/usama-fandaqah/vendor/laravel/framework/src/Illuminate/Foundation/Testing/Concerns/MakesHttpRequests.php(573): Illuminate/Foundation/Testing/TestCase->call('POST', '/api/night-audi...', Array, Array, Array, Array, '[]')
#51 C:/laragon/www/usama-fandaqah/vendor/laravel/framework/src/Illuminate/Foundation/Testing/Concerns/MakesHttpRequests.php(411): Illuminate/Foundation/Testing/TestCase->json('POST', '/api/night-audi...', Array, Array, 0)
#52 C:/laragon/www/usama-fandaqah/tests/Feature/NightAuditRerunTest.php(97): Illuminate/Foundation/Testing/TestCase->postJson('/api/night-audi...')
#53 C:/laragon/www/usama-fandaqah/vendor/phpunit/phpunit/src/Framework/TestCase.php(1667): Tests/Feature/NightAuditRerunTest->test_rerun_recent_audit_succeeds()
#54 C:/laragon/www/usama-fandaqah/vendor/phpunit/phpunit/src/Framework/TestCase.php(519): PHPUnit/Framework/TestCase->runTest()
#55 C:/laragon/www/usama-fandaqah/vendor/phpunit/phpunit/src/Framework/TestRunner/TestRunner.php(87): PHPUnit/Framework/TestCase->runBare()
#56 C:/laragon/www/usama-fandaqah/vendor/phpunit/phpunit/src/Framework/TestCase.php(365): PHPUnit/Framework/TestRunner->run(Object(Tests/Feature/NightAuditRerunTest))
#57 C:/laragon/www/usama-fandaqah/vendor/phpunit/phpunit/src/Framework/TestSuite.php(369): PHPUnit/Framework/TestCase->run()
#58 C:/laragon/www/usama-fandaqah/vendor/phpunit/phpunit/src/TextUI/TestRunner.php(64): PHPUnit/Framework/TestSuite->run()
#59 C:/laragon/www/usama-fandaqah/vendor/phpunit/phpunit/src/TextUI/Application.php(211): PHPUnit/TextUI/TestRunner->run(Object(PHPUnit/TextUI/Configuration/Configuration), Object(PHPUnit/Runner/ResultCache/DefaultResultCache), Object(PHPUnit/Framework/TestSuite))
#60 C:/laragon/www/usama-fandaqah/vendor/phpunit/phpunit/phpunit(104): PHPUnit/TextUI/Application->run(Array)
#61 C:/laragon/www/usama-fandaqah/vendor/bin/phpunit(122): include('C://laragon//www//...')
#62 {main}
"} 
[2026-04-30 14:47:33] local.ERROR: SQLSTATE[HY000]: General error: 1553 Cannot drop index 'night_audit_log_team_id_business_date_unique': needed in a foreign key constraint (Connection: mysql, SQL: alter table `night_audit_log` drop index `night_audit_log_team_id_business_date_unique`) {"exception":"[object] (Illuminate\\Database\\QueryException(code: HY000): SQLSTATE[HY000]: General error: 1553 Cannot drop index 'night_audit_log_team_id_business_date_unique': needed in a foreign key constraint (Connection: mysql, SQL: alter table `night_audit_log` drop index `night_audit_log_team_id_business_date_unique`) at C:/laragon/www/usama-fandaqah/vendor/laravel/framework/src/Illuminate/Database/Connection.php:825)
[stacktrace]
#0 C:/laragon/www/usama-fandaqah/vendor/laravel/framework/src/Illuminate/Database/Connection.php(779): Illuminate/Database/Connection->runQueryCallback('alter table `ni...', Array, Object(Closure))
#1 C:/laragon/www/usama-fandaqah/vendor/laravel/framework/src/Illuminate/Database/Connection.php(560): Illuminate/Database/Connection->run('alter table `ni...', Array, Object(Closure))
#2 C:/laragon/www/usama-fandaqah/vendor/laravel/framework/src/Illuminate/Database/Schema/Blueprint.php(118): Illuminate/Database/Connection->statement('alter table `ni...')
#3 C:/laragon/www/usama-fandaqah/vendor/laravel/framework/src/Illuminate/Database/Schema/Builder.php(564): Illuminate/Database/Schema/Blueprint->build(Object(Illuminate/Database/MySqlConnection), Object(Illuminate/Database/Schema/Grammars/MySqlGrammar))
#4 C:/laragon/www/usama-fandaqah/vendor/laravel/framework/src/Illuminate/Database/Schema/Builder.php(406): Illuminate/Database/Schema/Builder->build(Object(Illuminate/Database/Schema/Blueprint))
#5 C:/laragon/www/usama-fandaqah/vendor/laravel/framework/src/Illuminate/Support/Facades/Facade.php(361): Illuminate/Database/Schema/Builder->table('night_audit_log', Object(Closure))
#6 C:/laragon/www/usama-fandaqah/database/migrations/2026_04_30_144719_fix_night_audit_log_indexes.php(11): Illuminate/Support/Facades/Facade::__callStatic('table', Array)
#7 C:/laragon/www/usama-fandaqah/vendor/laravel/framework/src/Illuminate/Database/Migrations/Migrator.php(507): Illuminate/Database/Migrations/Migration@anonymous->up()
#8 C:/laragon/www/usama-fandaqah/vendor/laravel/framework/src/Illuminate/Database/Migrations/Migrator.php(432): Illuminate/Database/Migrations/Migrator->runMethod(Object(Illuminate/Database/MySqlConnection), Object(Illuminate/Database/Migrations/Migration@anonymous), 'up')
#9 C:/laragon/www/usama-fandaqah/vendor/laravel/framework/src/Illuminate/Database/Migrations/Migrator.php(441): Illuminate/Database/Migrations/Migrator->Illuminate/Database/Migrations/{closure}()
#10 C:/laragon/www/usama-fandaqah/vendor/laravel/framework/src/Illuminate/Database/Migrations/Migrator.php(244): Illuminate/Database/Migrations/Migrator->runMigration(Object(Illuminate/Database/Migrations/Migration@anonymous), 'up')
#11 C:/laragon/www/usama-fandaqah/vendor/laravel/framework/src/Illuminate/Console/View/Components/Task.php(40): Illuminate/Database/Migrations/Migrator->Illuminate/Database/Migrations/{closure}()
#12 C:/laragon/www/usama-fandaqah/vendor/laravel/framework/src/Illuminate/Database/Migrations/Migrator.php(798): Illuminate/Console/View/Components/Task->render('2026_04_30_1447...', Object(Closure))
#13 C:/laragon/www/usama-fandaqah/vendor/laravel/framework/src/Illuminate/Database/Migrations/Migrator.php(244): Illuminate/Database/Migrations/Migrator->write('Illuminate//Cons...', '2026_04_30_1447...', Object(Closure))
#14 C:/laragon/www/usama-fandaqah/vendor/laravel/framework/src/Illuminate/Database/Migrations/Migrator.php(211): Illuminate/Database/Migrations/Migrator->runUp('C://laragon//www//...', 10, false)
#15 C:/laragon/www/usama-fandaqah/vendor/laravel/framework/src/Illuminate/Database/Migrations/Migrator.php(138): Illuminate/Database/Migrations/Migrator->runPending(Array, Array)
#16 C:/laragon/www/usama-fandaqah/vendor/laravel/framework/src/Illuminate/Database/Console/Migrations/MigrateCommand.php(117): Illuminate/Database/Migrations/Migrator->run(Array, Array)
#17 C:/laragon/www/usama-fandaqah/vendor/laravel/framework/src/Illuminate/Database/Migrations/Migrator.php(658): Illuminate/Database/Console/Migrations/MigrateCommand->Illuminate/Database/Console/Migrations/{closure}()
#18 C:/laragon/www/usama-fandaqah/vendor/laravel/framework/src/Illuminate/Database/Console/Migrations/MigrateCommand.php(110): Illuminate/Database/Migrations/Migrator->usingConnection(NULL, Object(Closure))
#19 C:/laragon/www/usama-fandaqah/vendor/laravel/framework/src/Illuminate/Database/Console/Migrations/MigrateCommand.php(89): Illuminate/Database/Console/Migrations/MigrateCommand->runMigrations()
#20 C:/laragon/www/usama-fandaqah/vendor/laravel/framework/src/Illuminate/Container/BoundMethod.php(36): Illuminate/Database/Console/Migrations/MigrateCommand->handle()
#21 C:/laragon/www/usama-fandaqah/vendor/laravel/framework/src/Illuminate/Container/Util.php(43): Illuminate/Container/BoundMethod::Illuminate/Container/{closure}()
#22 C:/laragon/www/usama-fandaqah/vendor/laravel/framework/src/Illuminate/Container/BoundMethod.php(95): Illuminate/Container/Util::unwrapIfClosure(Object(Closure))
#23 C:/laragon/www/usama-fandaqah/vendor/laravel/framework/src/Illuminate/Container/BoundMethod.php(35): Illuminate/Container/BoundMethod::callBoundMethod(Object(Illuminate/Foundation/Application), Array, Object(Closure))
#24 C:/laragon/www/usama-fandaqah/vendor/laravel/framework/src/Illuminate/Container/Container.php(696): Illuminate/Container/BoundMethod::call(Object(Illuminate/Foundation/Application), Array, Array, NULL)
#25 C:/laragon/www/usama-fandaqah/vendor/laravel/framework/src/Illuminate/Console/Command.php(213): Illuminate/Container/Container->call(Array)
#26 C:/laragon/www/usama-fandaqah/vendor/symfony/console/Command/Command.php(341): Illuminate/Console/Command->execute(Object(Symfony/Component/Console/Input/ArgvInput), Object(Illuminate/Console/OutputStyle))
#27 C:/laragon/www/usama-fandaqah/vendor/laravel/framework/src/Illuminate/Console/Command.php(182): Symfony/Component/Console/Command/Command->run(Object(Symfony/Component/Console/Input/ArgvInput), Object(Illuminate/Console/OutputStyle))
#28 C:/laragon/www/usama-fandaqah/vendor/symfony/console/Application.php(1117): Illuminate/Console/Command->run(Object(Symfony/Component/Console/Input/ArgvInput), Object(Symfony/Component/Console/Output/ConsoleOutput))
#29 C:/laragon/www/usama-fandaqah/vendor/symfony/console/Application.php(356): Symfony/Component/Console/Application->doRunCommand(Object(Illuminate/Database/Console/Migrations/MigrateCommand), Object(Symfony/Component/Console/Input/ArgvInput), Object(Symfony/Component/Console/Output/ConsoleOutput))
#30 C:/laragon/www/usama-fandaqah/vendor/symfony/console/Application.php(195): Symfony/Component/Console/Application->doRun(Object(Symfony/Component/Console/Input/ArgvInput), Object(Symfony/Component/Console/Output/ConsoleOutput))
#31 C:/laragon/www/usama-fandaqah/vendor/laravel/framework/src/Illuminate/Foundation/Console/Kernel.php(198): Symfony/Component/Console/Application->run(Object(Symfony/Component/Console/Input/ArgvInput), Object(Symfony/Component/Console/Output/ConsoleOutput))
#32 C:/laragon/www/usama-fandaqah/vendor/laravel/framework/src/Illuminate/Foundation/Application.php(1235): Illuminate/Foundation/Console/Kernel->handle(Object(Symfony/Component/Console/Input/ArgvInput), Object(Symfony/Component/Console/Output/ConsoleOutput))
#33 C:/laragon/www/usama-fandaqah/artisan(20): Illuminate/Foundation/Application->handleCommand(Object(Symfony/Component/Console/Input/ArgvInput))
#34 {main}

[previous exception] [object] (PDOException(code: HY000): SQLSTATE[HY000]: General error: 1553 Cannot drop index 'night_audit_log_team_id_business_date_unique': needed in a foreign key constraint at C:/laragon/www/usama-fandaqah/vendor/laravel/framework/src/Illuminate/Database/Connection.php:571)
[stacktrace]
#0 C:/laragon/www/usama-fandaqah/vendor/laravel/framework/src/Illuminate/Database/Connection.php(571): PDOStatement->execute()
#1 C:/laragon/www/usama-fandaqah/vendor/laravel/framework/src/Illuminate/Database/Connection.php(812): Illuminate/Database/Connection->Illuminate/Database/{closure}('alter table `ni...', Array)
#2 C:/laragon/www/usama-fandaqah/vendor/laravel/framework/src/Illuminate/Database/Connection.php(779): Illuminate/Database/Connection->runQueryCallback('alter table `ni...', Array, Object(Closure))
#3 C:/laragon/www/usama-fandaqah/vendor/laravel/framework/src/Illuminate/Database/Connection.php(560): Illuminate/Database/Connection->run('alter table `ni...', Array, Object(Closure))
#4 C:/laragon/www/usama-fandaqah/vendor/laravel/framework/src/Illuminate/Database/Schema/Blueprint.php(118): Illuminate/Database/Connection->statement('alter table `ni...')
#5 C:/laragon/www/usama-fandaqah/vendor/laravel/framework/src/Illuminate/Database/Schema/Builder.php(564): Illuminate/Database/Schema/Blueprint->build(Object(Illuminate/Database/MySqlConnection), Object(Illuminate/Database/Schema/Grammars/MySqlGrammar))
#6 C:/laragon/www/usama-fandaqah/vendor/laravel/framework/src/Illuminate/Database/Schema/Builder.php(406): Illuminate/Database/Schema/Builder->build(Object(Illuminate/Database/Schema/Blueprint))
#7 C:/laragon/www/usama-fandaqah/vendor/laravel/framework/src/Illuminate/Support/Facades/Facade.php(361): Illuminate/Database/Schema/Builder->table('night_audit_log', Object(Closure))
#8 C:/laragon/www/usama-fandaqah/database/migrations/2026_04_30_144719_fix_night_audit_log_indexes.php(11): Illuminate/Support/Facades/Facade::__callStatic('table', Array)
#9 C:/laragon/www/usama-fandaqah/vendor/laravel/framework/src/Illuminate/Database/Migrations/Migrator.php(507): Illuminate/Database/Migrations/Migration@anonymous->up()
#10 C:/laragon/www/usama-fandaqah/vendor/laravel/framework/src/Illuminate/Database/Migrations/Migrator.php(432): Illuminate/Database/Migrations/Migrator->runMethod(Object(Illuminate/Database/MySqlConnection), Object(Illuminate/Database/Migrations/Migration@anonymous), 'up')
#11 C:/laragon/www/usama-fandaqah/vendor/laravel/framework/src/Illuminate/Database/Migrations/Migrator.php(441): Illuminate/Database/Migrations/Migrator->Illuminate/Database/Migrations/{closure}()
#12 C:/laragon/www/usama-fandaqah/vendor/laravel/framework/src/Illuminate/Database/Migrations/Migrator.php(244): Illuminate/Database/Migrations/Migrator->runMigration(Object(Illuminate/Database/Migrations/Migration@anonymous), 'up')
#13 C:/laragon/www/usama-fandaqah/vendor/laravel/framework/src/Illuminate/Console/View/Components/Task.php(40): Illuminate/Database/Migrations/Migrator->Illuminate/Database/Migrations/{closure}()
#14 C:/laragon/www/usama-fandaqah/vendor/laravel/framework/src/Illuminate/Database/Migrations/Migrator.php(798): Illuminate/Console/View/Components/Task->render('2026_04_30_1447...', Object(Closure))
#15 C:/laragon/www/usama-fandaqah/vendor/laravel/framework/src/Illuminate/Database/Migrations/Migrator.php(244): Illuminate/Database/Migrations/Migrator->write('Illuminate//Cons...', '2026_04_30_1447...', Object(Closure))
#16 C:/laragon/www/usama-fandaqah/vendor/laravel/framework/src/Illuminate/Database/Migrations/Migrator.php(211): Illuminate/Database/Migrations/Migrator->runUp('C://laragon//www//...', 10, false)
#17 C:/laragon/www/usama-fandaqah/vendor/laravel/framework/src/Illuminate/Database/Migrations/Migrator.php(138): Illuminate/Database/Migrations/Migrator->runPending(Array, Array)
#18 C:/laragon/www/usama-fandaqah/vendor/laravel/framework/src/Illuminate/Database/Console/Migrations/MigrateCommand.php(117): Illuminate/Database/Migrations/Migrator->run(Array, Array)
#19 C:/laragon/www/usama-fandaqah/vendor/laravel/framework/src/Illuminate/Database/Migrations/Migrator.php(658): Illuminate/Database/Console/Migrations/MigrateCommand->Illuminate/Database/Console/Migrations/{closure}()
#20 C:/laragon/www/usama-fandaqah/vendor/laravel/framework/src/Illuminate/Database/Console/Migrations/MigrateCommand.php(110): Illuminate/Database/Migrations/Migrator->usingConnection(NULL, Object(Closure))
#21 C:/laragon/www/usama-fandaqah/vendor/laravel/framework/src/Illuminate/Database/Console/Migrations/MigrateCommand.php(89): Illuminate/Database/Console/Migrations/MigrateCommand->runMigrations()
#22 C:/laragon/www/usama-fandaqah/vendor/laravel/framework/src/Illuminate/Container/BoundMethod.php(36): Illuminate/Database/Console/Migrations/MigrateCommand->handle()
#23 C:/laragon/www/usama-fandaqah/vendor/laravel/framework/src/Illuminate/Container/Util.php(43): Illuminate/Container/BoundMethod::Illuminate/Container/{closure}()
#24 C:/laragon/www/usama-fandaqah/vendor/laravel/framework/src/Illuminate/Container/BoundMethod.php(95): Illuminate/Container/Util::unwrapIfClosure(Object(Closure))
#25 C:/laragon/www/usama-fandaqah/vendor/laravel/framework/src/Illuminate/Container/BoundMethod.php(35): Illuminate/Container/BoundMethod::callBoundMethod(Object(Illuminate/Foundation/Application), Array, Object(Closure))
#26 C:/laragon/www/usama-fandaqah/vendor/laravel/framework/src/Illuminate/Container/Container.php(696): Illuminate/Container/BoundMethod::call(Object(Illuminate/Foundation/Application), Array, Array, NULL)
#27 C:/laragon/www/usama-fandaqah/vendor/laravel/framework/src/Illuminate/Console/Command.php(213): Illuminate/Container/Container->call(Array)
#28 C:/laragon/www/usama-fandaqah/vendor/symfony/console/Command/Command.php(341): Illuminate/Console/Command->execute(Object(Symfony/Component/Console/Input/ArgvInput), Object(Illuminate/Console/OutputStyle))
#29 C:/laragon/www/usama-fandaqah/vendor/laravel/framework/src/Illuminate/Console/Command.php(182): Symfony/Component/Console/Command/Command->run(Object(Symfony/Component/Console/Input/ArgvInput), Object(Illuminate/Console/OutputStyle))
#30 C:/laragon/www/usama-fandaqah/vendor/symfony/console/Application.php(1117): Illuminate/Console/Command->run(Object(Symfony/Component/Console/Input/ArgvInput), Object(Symfony/Component/Console/Output/ConsoleOutput))
#31 C:/laragon/www/usama-fandaqah/vendor/symfony/console/Application.php(356): Symfony/Component/Console/Application->doRunCommand(Object(Illuminate/Database/Console/Migrations/MigrateCommand), Object(Symfony/Component/Console/Input/ArgvInput), Object(Symfony/Component/Console/Output/ConsoleOutput))
#32 C:/laragon/www/usama-fandaqah/vendor/symfony/console/Application.php(195): Symfony/Component/Console/Application->doRun(Object(Symfony/Component/Console/Input/ArgvInput), Object(Symfony/Component/Console/Output/ConsoleOutput))
#33 C:/laragon/www/usama-fandaqah/vendor/laravel/framework/src/Illuminate/Foundation/Console/Kernel.php(198): Symfony/Component/Console/Application->run(Object(Symfony/Component/Console/Input/ArgvInput), Object(Symfony/Component/Console/Output/ConsoleOutput))
#34 C:/laragon/www/usama-fandaqah/vendor/laravel/framework/src/Illuminate/Foundation/Application.php(1235): Illuminate/Foundation/Console/Kernel->handle(Object(Symfony/Component/Console/Input/ArgvInput), Object(Symfony/Component/Console/Output/ConsoleOutput))
#35 C:/laragon/www/usama-fandaqah/artisan(20): Illuminate/Foundation/Application->handleCommand(Object(Symfony/Component/Console/Input/ArgvInput))
#36 {main}
"} 
[2026-04-30 14:48:01] local.ERROR: Night Audit Rerun Failed for Team 65, Date 2026-05-09: SQLSTATE[23000]: Integrity constraint violation: 1062 Duplicate entry '65-2026-05-09' for key 'night_audit_occupancy_snapshot.occupancy_snapshot_unique' (Connection: mysql, SQL: update `night_audit_occupancy_snapshot` set `business_date` = 2026-05-09 where `id` = 21)  
[2026-04-30 14:48:05] local.ERROR: Night Audit Rerun Failed for Team 68, Date 2026-05-09: SQLSTATE[23000]: Integrity constraint violation: 1062 Duplicate entry '68-2026-05-09' for key 'night_audit_occupancy_snapshot.occupancy_snapshot_unique' (Connection: mysql, SQL: update `night_audit_occupancy_snapshot` set `business_date` = 2026-05-09 where `id` = 25)  
[2026-04-30 15:02:14] local.ERROR: SQLSTATE[42S22]: Column not found: 1054 Unknown column 'applies_to' in 'where clause' (Connection: mysql, SQL: select exists(select * from `no_show_charge_rules` where `team_id` = 77 and `is_active` = 1 and `applies_to` = all and (`start_date` between 2026-05-01 and 2026-05-31 or `end_date` between 2026-05-01 and 2026-05-31 or (`start_date` <= 2026-05-01 and `end_date` >= 2026-05-31)) and `no_show_charge_rules`.`deleted_at` is null) as `exists`) {"userId":92,"exception":"[object] (Illuminate\\Database\\QueryException(code: 42S22): SQLSTATE[42S22]: Column not found: 1054 Unknown column 'applies_to' in 'where clause' (Connection: mysql, SQL: select exists(select * from `no_show_charge_rules` where `team_id` = 77 and `is_active` = 1 and `applies_to` = all and (`start_date` between 2026-05-01 and 2026-05-31 or `end_date` between 2026-05-01 and 2026-05-31 or (`start_date` <= 2026-05-01 and `end_date` >= 2026-05-31)) and `no_show_charge_rules`.`deleted_at` is null) as `exists`) at C:/laragon/www/usama-fandaqah/vendor/laravel/framework/src/Illuminate/Database/Connection.php:825)
[stacktrace]
#0 C:/laragon/www/usama-fandaqah/vendor/laravel/framework/src/Illuminate/Database/Connection.php(779): Illuminate/Database/Connection->runQueryCallback('select exists(s...', Array, Object(Closure))
#1 C:/laragon/www/usama-fandaqah/vendor/laravel/framework/src/Illuminate/Database/Connection.php(398): Illuminate/Database/Connection->run('select exists(s...', Array, Object(Closure))
#2 C:/laragon/www/usama-fandaqah/vendor/laravel/framework/src/Illuminate/Database/Query/Builder.php(3477): Illuminate/Database/Connection->select('select exists(s...', Array, true)
#3 C:/laragon/www/usama-fandaqah/vendor/laravel/framework/src/Illuminate/Database/Eloquent/Builder.php(2120): Illuminate/Database/Query/Builder->exists()
#4 C:/laragon/www/usama-fandaqah/app/Services/NoShowChargeRuleService.php(33): Illuminate/Database/Eloquent/Builder->__call('exists', Array)
#5 C:/laragon/www/usama-fandaqah/app/Http/Controllers/Api/NoShowChargeRuleController.php(39): App/Services/NoShowChargeRuleService->checkOverlaps(77, '2026-05-01', '2026-05-31', 'all')
#6 C:/laragon/www/usama-fandaqah/vendor/laravel/framework/src/Illuminate/Routing/ControllerDispatcher.php(47): App/Http/Controllers/Api/NoShowChargeRuleController->store(Object(App/Http/Requests/NoShowChargeRuleRequest))
#7 C:/laragon/www/usama-fandaqah/vendor/laravel/framework/src/Illuminate/Routing/Route.php(266): Illuminate/Routing/ControllerDispatcher->dispatch(Object(Illuminate/Routing/Route), Object(App/Http/Controllers/Api/NoShowChargeRuleController), 'store')
#8 C:/laragon/www/usama-fandaqah/vendor/laravel/framework/src/Illuminate/Routing/Route.php(212): Illuminate/Routing/Route->runController()
#9 C:/laragon/www/usama-fandaqah/vendor/laravel/framework/src/Illuminate/Routing/Router.php(808): Illuminate/Routing/Route->run()
#10 C:/laragon/www/usama-fandaqah/vendor/laravel/framework/src/Illuminate/Pipeline/Pipeline.php(170): Illuminate/Routing/Router->Illuminate/Routing/{closure}(Object(Illuminate/Http/Request))
#11 C:/laragon/www/usama-fandaqah/vendor/laravel/framework/src/Illuminate/Routing/Middleware/SubstituteBindings.php(51): Illuminate/Pipeline/Pipeline->Illuminate/Pipeline/{closure}(Object(Illuminate/Http/Request))
#12 C:/laragon/www/usama-fandaqah/vendor/laravel/framework/src/Illuminate/Pipeline/Pipeline.php(209): Illuminate/Routing/Middleware/SubstituteBindings->handle(Object(Illuminate/Http/Request), Object(Closure))
#13 C:/laragon/www/usama-fandaqah/vendor/laravel/framework/src/Illuminate/Auth/Middleware/Authenticate.php(64): Illuminate/Pipeline/Pipeline->Illuminate/Pipeline/{closure}(Object(Illuminate/Http/Request))
#14 C:/laragon/www/usama-fandaqah/vendor/laravel/framework/src/Illuminate/Pipeline/Pipeline.php(209): Illuminate/Auth/Middleware/Authenticate->handle(Object(Illuminate/Http/Request), Object(Closure), 'sanctum')
#15 C:/laragon/www/usama-fandaqah/vendor/laravel/framework/src/Illuminate/Pipeline/Pipeline.php(127): Illuminate/Pipeline/Pipeline->Illuminate/Pipeline/{closure}(Object(Illuminate/Http/Request))
#16 C:/laragon/www/usama-fandaqah/vendor/laravel/framework/src/Illuminate/Routing/Router.php(807): Illuminate/Pipeline/Pipeline->then(Object(Closure))
#17 C:/laragon/www/usama-fandaqah/vendor/laravel/framework/src/Illuminate/Routing/Router.php(786): Illuminate/Routing/Router->runRouteWithinStack(Object(Illuminate/Routing/Route), Object(Illuminate/Http/Request))
#18 C:/laragon/www/usama-fandaqah/vendor/laravel/framework/src/Illuminate/Routing/Router.php(750): Illuminate/Routing/Router->runRoute(Object(Illuminate/Http/Request), Object(Illuminate/Routing/Route))
#19 C:/laragon/www/usama-fandaqah/vendor/laravel/framework/src/Illuminate/Routing/Router.php(739): Illuminate/Routing/Router->dispatchToRoute(Object(Illuminate/Http/Request))
#20 C:/laragon/www/usama-fandaqah/vendor/laravel/framework/src/Illuminate/Foundation/Http/Kernel.php(201): Illuminate/Routing/Router->dispatch(Object(Illuminate/Http/Request))
#21 C:/laragon/www/usama-fandaqah/vendor/laravel/framework/src/Illuminate/Pipeline/Pipeline.php(170): Illuminate/Foundation/Http/Kernel->Illuminate/Foundation/Http/{closure}(Object(Illuminate/Http/Request))
#22 C:/laragon/www/usama-fandaqah/laravelnova/src/Http/Middleware/ServeNova.php(23): Illuminate/Pipeline/Pipeline->Illuminate/Pipeline/{closure}(Object(Illuminate/Http/Request))
#23 C:/laragon/www/usama-fandaqah/vendor/laravel/framework/src/Illuminate/Pipeline/Pipeline.php(209): Laravel/Nova/Http/Middleware/ServeNova->handle(Object(Illuminate/Http/Request), Object(Closure))
#24 C:/laragon/www/usama-fandaqah/vendor/laravel/framework/src/Illuminate/Foundation/Http/Middleware/TransformsRequest.php(21): Illuminate/Pipeline/Pipeline->Illuminate/Pipeline/{closure}(Object(Illuminate/Http/Request))
#25 C:/laragon/www/usama-fandaqah/vendor/laravel/framework/src/Illuminate/Foundation/Http/Middleware/ConvertEmptyStringsToNull.php(31): Illuminate/Foundation/Http/Middleware/TransformsRequest->handle(Object(Illuminate/Http/Request), Object(Closure))
#26 C:/laragon/www/usama-fandaqah/vendor/laravel/framework/src/Illuminate/Pipeline/Pipeline.php(209): Illuminate/Foundation/Http/Middleware/ConvertEmptyStringsToNull->handle(Object(Illuminate/Http/Request), Object(Closure))
#27 C:/laragon/www/usama-fandaqah/vendor/laravel/framework/src/Illuminate/Foundation/Http/Middleware/TransformsRequest.php(21): Illuminate/Pipeline/Pipeline->Illuminate/Pipeline/{closure}(Object(Illuminate/Http/Request))
#28 C:/laragon/www/usama-fandaqah/vendor/laravel/framework/src/Illuminate/Foundation/Http/Middleware/TrimStrings.php(51): Illuminate/Foundation/Http/Middleware/TransformsRequest->handle(Object(Illuminate/Http/Request), Object(Closure))
#29 C:/laragon/www/usama-fandaqah/vendor/laravel/framework/src/Illuminate/Pipeline/Pipeline.php(209): Illuminate/Foundation/Http/Middleware/TrimStrings->handle(Object(Illuminate/Http/Request), Object(Closure))
#30 C:/laragon/www/usama-fandaqah/vendor/laravel/framework/src/Illuminate/Http/Middleware/ValidatePostSize.php(27): Illuminate/Pipeline/Pipeline->Illuminate/Pipeline/{closure}(Object(Illuminate/Http/Request))
#31 C:/laragon/www/usama-fandaqah/vendor/laravel/framework/src/Illuminate/Pipeline/Pipeline.php(209): Illuminate/Http/Middleware/ValidatePostSize->handle(Object(Illuminate/Http/Request), Object(Closure))
#32 C:/laragon/www/usama-fandaqah/vendor/laravel/framework/src/Illuminate/Foundation/Http/Middleware/PreventRequestsDuringMaintenance.php(110): Illuminate/Pipeline/Pipeline->Illuminate/Pipeline/{closure}(Object(Illuminate/Http/Request))
#33 C:/laragon/www/usama-fandaqah/vendor/laravel/framework/src/Illuminate/Pipeline/Pipeline.php(209): Illuminate/Foundation/Http/Middleware/PreventRequestsDuringMaintenance->handle(Object(Illuminate/Http/Request), Object(Closure))
#34 C:/laragon/www/usama-fandaqah/vendor/laravel/framework/src/Illuminate/Http/Middleware/HandleCors.php(62): Illuminate/Pipeline/Pipeline->Illuminate/Pipeline/{closure}(Object(Illuminate/Http/Request))
#35 C:/laragon/www/usama-fandaqah/vendor/laravel/framework/src/Illuminate/Pipeline/Pipeline.php(209): Illuminate/Http/Middleware/HandleCors->handle(Object(Illuminate/Http/Request), Object(Closure))
#36 C:/laragon/www/usama-fandaqah/vendor/laravel/framework/src/Illuminate/Http/Middleware/TrustProxies.php(58): Illuminate/Pipeline/Pipeline->Illuminate/Pipeline/{closure}(Object(Illuminate/Http/Request))
#37 C:/laragon/www/usama-fandaqah/vendor/laravel/framework/src/Illuminate/Pipeline/Pipeline.php(209): Illuminate/Http/Middleware/TrustProxies->handle(Object(Illuminate/Http/Request), Object(Closure))
#38 C:/laragon/www/usama-fandaqah/vendor/laravel/framework/src/Illuminate/Foundation/Http/Middleware/InvokeDeferredCallbacks.php(22): Illuminate/Pipeline/Pipeline->Illuminate/Pipeline/{closure}(Object(Illuminate/Http/Request))
#39 C:/laragon/www/usama-fandaqah/vendor/laravel/framework/src/Illuminate/Pipeline/Pipeline.php(209): Illuminate/Foundation/Http/Middleware/InvokeDeferredCallbacks->handle(Object(Illuminate/Http/Request), Object(Closure))
#40 C:/laragon/www/usama-fandaqah/vendor/laravel/framework/src/Illuminate/Pipeline/Pipeline.php(127): Illuminate/Pipeline/Pipeline->Illuminate/Pipeline/{closure}(Object(Illuminate/Http/Request))
#41 C:/laragon/www/usama-fandaqah/vendor/laravel/framework/src/Illuminate/Foundation/Http/Kernel.php(176): Illuminate/Pipeline/Pipeline->then(Object(Closure))
#42 C:/laragon/www/usama-fandaqah/vendor/laravel/framework/src/Illuminate/Foundation/Http/Kernel.php(145): Illuminate/Foundation/Http/Kernel->sendRequestThroughRouter(Object(Illuminate/Http/Request))
#43 C:/laragon/www/usama-fandaqah/vendor/laravel/framework/src/Illuminate/Foundation/Testing/Concerns/MakesHttpRequests.php(607): Illuminate/Foundation/Http/Kernel->handle(Object(Illuminate/Http/Request))
#44 C:/laragon/www/usama-fandaqah/vendor/laravel/framework/src/Illuminate/Foundation/Testing/Concerns/MakesHttpRequests.php(573): Illuminate/Foundation/Testing/TestCase->call('POST', '/api/no-show-ru...', Array, Array, Array, Array, '{\"name\":\"Standa...')
#45 C:/laragon/www/usama-fandaqah/vendor/laravel/framework/src/Illuminate/Foundation/Testing/Concerns/MakesHttpRequests.php(411): Illuminate/Foundation/Testing/TestCase->json('POST', '/api/no-show-ru...', Array, Array, 0)
#46 C:/laragon/www/usama-fandaqah/tests/Feature/NoShowChargeRuleTest.php(41): Illuminate/Foundation/Testing/TestCase->postJson('/api/no-show-ru...', Array)
#47 C:/laragon/www/usama-fandaqah/vendor/phpunit/phpunit/src/Framework/TestCase.php(1667): Tests/Feature/NoShowChargeRuleTest->test_can_create_no_show_rule()
#48 C:/laragon/www/usama-fandaqah/vendor/phpunit/phpunit/src/Framework/TestCase.php(519): PHPUnit/Framework/TestCase->runTest()
#49 C:/laragon/www/usama-fandaqah/vendor/phpunit/phpunit/src/Framework/TestRunner/TestRunner.php(87): PHPUnit/Framework/TestCase->runBare()
#50 C:/laragon/www/usama-fandaqah/vendor/phpunit/phpunit/src/Framework/TestCase.php(365): PHPUnit/Framework/TestRunner->run(Object(Tests/Feature/NoShowChargeRuleTest))
#51 C:/laragon/www/usama-fandaqah/vendor/phpunit/phpunit/src/Framework/TestSuite.php(369): PHPUnit/Framework/TestCase->run()
#52 C:/laragon/www/usama-fandaqah/vendor/phpunit/phpunit/src/TextUI/TestRunner.php(64): PHPUnit/Framework/TestSuite->run()
#53 C:/laragon/www/usama-fandaqah/vendor/phpunit/phpunit/src/TextUI/Application.php(211): PHPUnit/TextUI/TestRunner->run(Object(PHPUnit/TextUI/Configuration/Configuration), Object(PHPUnit/Runner/ResultCache/DefaultResultCache), Object(PHPUnit/Framework/TestSuite))
#54 C:/laragon/www/usama-fandaqah/vendor/phpunit/phpunit/phpunit(104): PHPUnit/TextUI/Application->run(Array)
#55 C:/laragon/www/usama-fandaqah/vendor/bin/phpunit(122): include('C://laragon//www//...')
#56 {main}

[previous exception] [object] (PDOException(code: 42S22): SQLSTATE[42S22]: Column not found: 1054 Unknown column 'applies_to' in 'where clause' at C:/laragon/www/usama-fandaqah/vendor/laravel/framework/src/Illuminate/Database/Connection.php:407)
[stacktrace]
#0 C:/laragon/www/usama-fandaqah/vendor/laravel/framework/src/Illuminate/Database/Connection.php(407): PDO->prepare('select exists(s...')
#1 C:/laragon/www/usama-fandaqah/vendor/laravel/framework/src/Illuminate/Database/Connection.php(812): Illuminate/Database/Connection->Illuminate/Database/{closure}('select exists(s...', Array)
#2 C:/laragon/www/usama-fandaqah/vendor/laravel/framework/src/Illuminate/Database/Connection.php(779): Illuminate/Database/Connection->runQueryCallback('select exists(s...', Array, Object(Closure))
#3 C:/laragon/www/usama-fandaqah/vendor/laravel/framework/src/Illuminate/Database/Connection.php(398): Illuminate/Database/Connection->run('select exists(s...', Array, Object(Closure))
#4 C:/laragon/www/usama-fandaqah/vendor/laravel/framework/src/Illuminate/Database/Query/Builder.php(3477): Illuminate/Database/Connection->select('select exists(s...', Array, true)
#5 C:/laragon/www/usama-fandaqah/vendor/laravel/framework/src/Illuminate/Database/Eloquent/Builder.php(2120): Illuminate/Database/Query/Builder->exists()
#6 C:/laragon/www/usama-fandaqah/app/Services/NoShowChargeRuleService.php(33): Illuminate/Database/Eloquent/Builder->__call('exists', Array)
#7 C:/laragon/www/usama-fandaqah/app/Http/Controllers/Api/NoShowChargeRuleController.php(39): App/Services/NoShowChargeRuleService->checkOverlaps(77, '2026-05-01', '2026-05-31', 'all')
#8 C:/laragon/www/usama-fandaqah/vendor/laravel/framework/src/Illuminate/Routing/ControllerDispatcher.php(47): App/Http/Controllers/Api/NoShowChargeRuleController->store(Object(App/Http/Requests/NoShowChargeRuleRequest))
#9 C:/laragon/www/usama-fandaqah/vendor/laravel/framework/src/Illuminate/Routing/Route.php(266): Illuminate/Routing/ControllerDispatcher->dispatch(Object(Illuminate/Routing/Route), Object(App/Http/Controllers/Api/NoShowChargeRuleController), 'store')
#10 C:/laragon/www/usama-fandaqah/vendor/laravel/framework/src/Illuminate/Routing/Route.php(212): Illuminate/Routing/Route->runController()
#11 C:/laragon/www/usama-fandaqah/vendor/laravel/framework/src/Illuminate/Routing/Router.php(808): Illuminate/Routing/Route->run()
#12 C:/laragon/www/usama-fandaqah/vendor/laravel/framework/src/Illuminate/Pipeline/Pipeline.php(170): Illuminate/Routing/Router->Illuminate/Routing/{closure}(Object(Illuminate/Http/Request))
#13 C:/laragon/www/usama-fandaqah/vendor/laravel/framework/src/Illuminate/Routing/Middleware/SubstituteBindings.php(51): Illuminate/Pipeline/Pipeline->Illuminate/Pipeline/{closure}(Object(Illuminate/Http/Request))
#14 C:/laragon/www/usama-fandaqah/vendor/laravel/framework/src/Illuminate/Pipeline/Pipeline.php(209): Illuminate/Routing/Middleware/SubstituteBindings->handle(Object(Illuminate/Http/Request), Object(Closure))
#15 C:/laragon/www/usama-fandaqah/vendor/laravel/framework/src/Illuminate/Auth/Middleware/Authenticate.php(64): Illuminate/Pipeline/Pipeline->Illuminate/Pipeline/{closure}(Object(Illuminate/Http/Request))
#16 C:/laragon/www/usama-fandaqah/vendor/laravel/framework/src/Illuminate/Pipeline/Pipeline.php(209): Illuminate/Auth/Middleware/Authenticate->handle(Object(Illuminate/Http/Request), Object(Closure), 'sanctum')
#17 C:/laragon/www/usama-fandaqah/vendor/laravel/framework/src/Illuminate/Pipeline/Pipeline.php(127): Illuminate/Pipeline/Pipeline->Illuminate/Pipeline/{closure}(Object(Illuminate/Http/Request))
#18 C:/laragon/www/usama-fandaqah/vendor/laravel/framework/src/Illuminate/Routing/Router.php(807): Illuminate/Pipeline/Pipeline->then(Object(Closure))
#19 C:/laragon/www/usama-fandaqah/vendor/laravel/framework/src/Illuminate/Routing/Router.php(786): Illuminate/Routing/Router->runRouteWithinStack(Object(Illuminate/Routing/Route), Object(Illuminate/Http/Request))
#20 C:/laragon/www/usama-fandaqah/vendor/laravel/framework/src/Illuminate/Routing/Router.php(750): Illuminate/Routing/Router->runRoute(Object(Illuminate/Http/Request), Object(Illuminate/Routing/Route))
#21 C:/laragon/www/usama-fandaqah/vendor/laravel/framework/src/Illuminate/Routing/Router.php(739): Illuminate/Routing/Router->dispatchToRoute(Object(Illuminate/Http/Request))
#22 C:/laragon/www/usama-fandaqah/vendor/laravel/framework/src/Illuminate/Foundation/Http/Kernel.php(201): Illuminate/Routing/Router->dispatch(Object(Illuminate/Http/Request))
#23 C:/laragon/www/usama-fandaqah/vendor/laravel/framework/src/Illuminate/Pipeline/Pipeline.php(170): Illuminate/Foundation/Http/Kernel->Illuminate/Foundation/Http/{closure}(Object(Illuminate/Http/Request))
#24 C:/laragon/www/usama-fandaqah/laravelnova/src/Http/Middleware/ServeNova.php(23): Illuminate/Pipeline/Pipeline->Illuminate/Pipeline/{closure}(Object(Illuminate/Http/Request))
#25 C:/laragon/www/usama-fandaqah/vendor/laravel/framework/src/Illuminate/Pipeline/Pipeline.php(209): Laravel/Nova/Http/Middleware/ServeNova->handle(Object(Illuminate/Http/Request), Object(Closure))
#26 C:/laragon/www/usama-fandaqah/vendor/laravel/framework/src/Illuminate/Foundation/Http/Middleware/TransformsRequest.php(21): Illuminate/Pipeline/Pipeline->Illuminate/Pipeline/{closure}(Object(Illuminate/Http/Request))
#27 C:/laragon/www/usama-fandaqah/vendor/laravel/framework/src/Illuminate/Foundation/Http/Middleware/ConvertEmptyStringsToNull.php(31): Illuminate/Foundation/Http/Middleware/TransformsRequest->handle(Object(Illuminate/Http/Request), Object(Closure))
#28 C:/laragon/www/usama-fandaqah/vendor/laravel/framework/src/Illuminate/Pipeline/Pipeline.php(209): Illuminate/Foundation/Http/Middleware/ConvertEmptyStringsToNull->handle(Object(Illuminate/Http/Request), Object(Closure))
#29 C:/laragon/www/usama-fandaqah/vendor/laravel/framework/src/Illuminate/Foundation/Http/Middleware/TransformsRequest.php(21): Illuminate/Pipeline/Pipeline->Illuminate/Pipeline/{closure}(Object(Illuminate/Http/Request))
#30 C:/laragon/www/usama-fandaqah/vendor/laravel/framework/src/Illuminate/Foundation/Http/Middleware/TrimStrings.php(51): Illuminate/Foundation/Http/Middleware/TransformsRequest->handle(Object(Illuminate/Http/Request), Object(Closure))
#31 C:/laragon/www/usama-fandaqah/vendor/laravel/framework/src/Illuminate/Pipeline/Pipeline.php(209): Illuminate/Foundation/Http/Middleware/TrimStrings->handle(Object(Illuminate/Http/Request), Object(Closure))
#32 C:/laragon/www/usama-fandaqah/vendor/laravel/framework/src/Illuminate/Http/Middleware/ValidatePostSize.php(27): Illuminate/Pipeline/Pipeline->Illuminate/Pipeline/{closure}(Object(Illuminate/Http/Request))
#33 C:/laragon/www/usama-fandaqah/vendor/laravel/framework/src/Illuminate/Pipeline/Pipeline.php(209): Illuminate/Http/Middleware/ValidatePostSize->handle(Object(Illuminate/Http/Request), Object(Closure))
#34 C:/laragon/www/usama-fandaqah/vendor/laravel/framework/src/Illuminate/Foundation/Http/Middleware/PreventRequestsDuringMaintenance.php(110): Illuminate/Pipeline/Pipeline->Illuminate/Pipeline/{closure}(Object(Illuminate/Http/Request))
#35 C:/laragon/www/usama-fandaqah/vendor/laravel/framework/src/Illuminate/Pipeline/Pipeline.php(209): Illuminate/Foundation/Http/Middleware/PreventRequestsDuringMaintenance->handle(Object(Illuminate/Http/Request), Object(Closure))
#36 C:/laragon/www/usama-fandaqah/vendor/laravel/framework/src/Illuminate/Http/Middleware/HandleCors.php(62): Illuminate/Pipeline/Pipeline->Illuminate/Pipeline/{closure}(Object(Illuminate/Http/Request))
#37 C:/laragon/www/usama-fandaqah/vendor/laravel/framework/src/Illuminate/Pipeline/Pipeline.php(209): Illuminate/Http/Middleware/HandleCors->handle(Object(Illuminate/Http/Request), Object(Closure))
#38 C:/laragon/www/usama-fandaqah/vendor/laravel/framework/src/Illuminate/Http/Middleware/TrustProxies.php(58): Illuminate/Pipeline/Pipeline->Illuminate/Pipeline/{closure}(Object(Illuminate/Http/Request))
#39 C:/laragon/www/usama-fandaqah/vendor/laravel/framework/src/Illuminate/Pipeline/Pipeline.php(209): Illuminate/Http/Middleware/TrustProxies->handle(Object(Illuminate/Http/Request), Object(Closure))
#40 C:/laragon/www/usama-fandaqah/vendor/laravel/framework/src/Illuminate/Foundation/Http/Middleware/InvokeDeferredCallbacks.php(22): Illuminate/Pipeline/Pipeline->Illuminate/Pipeline/{closure}(Object(Illuminate/Http/Request))
#41 C:/laragon/www/usama-fandaqah/vendor/laravel/framework/src/Illuminate/Pipeline/Pipeline.php(209): Illuminate/Foundation/Http/Middleware/InvokeDeferredCallbacks->handle(Object(Illuminate/Http/Request), Object(Closure))
#42 C:/laragon/www/usama-fandaqah/vendor/laravel/framework/src/Illuminate/Pipeline/Pipeline.php(127): Illuminate/Pipeline/Pipeline->Illuminate/Pipeline/{closure}(Object(Illuminate/Http/Request))
#43 C:/laragon/www/usama-fandaqah/vendor/laravel/framework/src/Illuminate/Foundation/Http/Kernel.php(176): Illuminate/Pipeline/Pipeline->then(Object(Closure))
#44 C:/laragon/www/usama-fandaqah/vendor/laravel/framework/src/Illuminate/Foundation/Http/Kernel.php(145): Illuminate/Foundation/Http/Kernel->sendRequestThroughRouter(Object(Illuminate/Http/Request))
#45 C:/laragon/www/usama-fandaqah/vendor/laravel/framework/src/Illuminate/Foundation/Testing/Concerns/MakesHttpRequests.php(607): Illuminate/Foundation/Http/Kernel->handle(Object(Illuminate/Http/Request))
#46 C:/laragon/www/usama-fandaqah/vendor/laravel/framework/src/Illuminate/Foundation/Testing/Concerns/MakesHttpRequests.php(573): Illuminate/Foundation/Testing/TestCase->call('POST', '/api/no-show-ru...', Array, Array, Array, Array, '{\"name\":\"Standa...')
#47 C:/laragon/www/usama-fandaqah/vendor/laravel/framework/src/Illuminate/Foundation/Testing/Concerns/MakesHttpRequests.php(411): Illuminate/Foundation/Testing/TestCase->json('POST', '/api/no-show-ru...', Array, Array, 0)
#48 C:/laragon/www/usama-fandaqah/tests/Feature/NoShowChargeRuleTest.php(41): Illuminate/Foundation/Testing/TestCase->postJson('/api/no-show-ru...', Array)
#49 C:/laragon/www/usama-fandaqah/vendor/phpunit/phpunit/src/Framework/TestCase.php(1667): Tests/Feature/NoShowChargeRuleTest->test_can_create_no_show_rule()
#50 C:/laragon/www/usama-fandaqah/vendor/phpunit/phpunit/src/Framework/TestCase.php(519): PHPUnit/Framework/TestCase->runTest()
#51 C:/laragon/www/usama-fandaqah/vendor/phpunit/phpunit/src/Framework/TestRunner/TestRunner.php(87): PHPUnit/Framework/TestCase->runBare()
#52 C:/laragon/www/usama-fandaqah/vendor/phpunit/phpunit/src/Framework/TestCase.php(365): PHPUnit/Framework/TestRunner->run(Object(Tests/Feature/NoShowChargeRuleTest))
#53 C:/laragon/www/usama-fandaqah/vendor/phpunit/phpunit/src/Framework/TestSuite.php(369): PHPUnit/Framework/TestCase->run()
#54 C:/laragon/www/usama-fandaqah/vendor/phpunit/phpunit/src/TextUI/TestRunner.php(64): PHPUnit/Framework/TestSuite->run()
#55 C:/laragon/www/usama-fandaqah/vendor/phpunit/phpunit/src/TextUI/Application.php(211): PHPUnit/TextUI/TestRunner->run(Object(PHPUnit/TextUI/Configuration/Configuration), Object(PHPUnit/Runner/ResultCache/DefaultResultCache), Object(PHPUnit/Framework/TestSuite))
#56 C:/laragon/www/usama-fandaqah/vendor/phpunit/phpunit/phpunit(104): PHPUnit/TextUI/Application->run(Array)
#57 C:/laragon/www/usama-fandaqah/vendor/bin/phpunit(122): include('C://laragon//www//...')
#58 {main}
"} 
[2026-04-30 17:49:30] local.ERROR: Class "App\Models\Team" not found {"exception":"[object] (Error(code: 0): Class \"App\\Models\\Team\" not found at C:/laragon/www/usama-fandaqah/database/seeders/StayChargeConfigSeeder.php:16)
[stacktrace]
#0 C:/laragon/www/usama-fandaqah/vendor/laravel/framework/src/Illuminate/Container/BoundMethod.php(36): Database/Seeders/StayChargeConfigSeeder->run()
#1 C:/laragon/www/usama-fandaqah/vendor/laravel/framework/src/Illuminate/Container/Util.php(43): Illuminate/Container/BoundMethod::Illuminate/Container/{closure}()
#2 C:/laragon/www/usama-fandaqah/vendor/laravel/framework/src/Illuminate/Container/BoundMethod.php(95): Illuminate/Container/Util::unwrapIfClosure(Object(Closure))
#3 C:/laragon/www/usama-fandaqah/vendor/laravel/framework/src/Illuminate/Container/BoundMethod.php(35): Illuminate/Container/BoundMethod::callBoundMethod(Object(Illuminate/Foundation/Application), Array, Object(Closure))
#4 C:/laragon/www/usama-fandaqah/vendor/laravel/framework/src/Illuminate/Container/Container.php(696): Illuminate/Container/BoundMethod::call(Object(Illuminate/Foundation/Application), Array, Array, NULL)
#5 C:/laragon/www/usama-fandaqah/vendor/laravel/framework/src/Illuminate/Database/Seeder.php(188): Illuminate/Container/Container->call(Array, Array)
#6 C:/laragon/www/usama-fandaqah/vendor/laravel/framework/src/Illuminate/Database/Seeder.php(197): Illuminate/Database/Seeder->Illuminate/Database/{closure}()
#7 C:/laragon/www/usama-fandaqah/vendor/laravel/framework/src/Illuminate/Database/Console/Seeds/SeedCommand.php(70): Illuminate/Database/Seeder->__invoke()
#8 C:/laragon/www/usama-fandaqah/vendor/laravel/framework/src/Illuminate/Database/Eloquent/Concerns/GuardsAttributes.php(155): Illuminate/Database/Console/Seeds/SeedCommand->Illuminate/Database/Console/Seeds/{closure}()
#9 C:/laragon/www/usama-fandaqah/vendor/laravel/framework/src/Illuminate/Database/Console/Seeds/SeedCommand.php(69): Illuminate/Database/Eloquent/Model::unguarded(Object(Closure))
#10 C:/laragon/www/usama-fandaqah/vendor/laravel/framework/src/Illuminate/Container/BoundMethod.php(36): Illuminate/Database/Console/Seeds/SeedCommand->handle()
#11 C:/laragon/www/usama-fandaqah/vendor/laravel/framework/src/Illuminate/Container/Util.php(43): Illuminate/Container/BoundMethod::Illuminate/Container/{closure}()
#12 C:/laragon/www/usama-fandaqah/vendor/laravel/framework/src/Illuminate/Container/BoundMethod.php(95): Illuminate/Container/Util::unwrapIfClosure(Object(Closure))
#13 C:/laragon/www/usama-fandaqah/vendor/laravel/framework/src/Illuminate/Container/BoundMethod.php(35): Illuminate/Container/BoundMethod::callBoundMethod(Object(Illuminate/Foundation/Application), Array, Object(Closure))
#14 C:/laragon/www/usama-fandaqah/vendor/laravel/framework/src/Illuminate/Container/Container.php(696): Illuminate/Container/BoundMethod::call(Object(Illuminate/Foundation/Application), Array, Array, NULL)
#15 C:/laragon/www/usama-fandaqah/vendor/laravel/framework/src/Illuminate/Console/Command.php(213): Illuminate/Container/Container->call(Array)
#16 C:/laragon/www/usama-fandaqah/vendor/symfony/console/Command/Command.php(341): Illuminate/Console/Command->execute(Object(Symfony/Component/Console/Input/ArgvInput), Object(Illuminate/Console/OutputStyle))
#17 C:/laragon/www/usama-fandaqah/vendor/laravel/framework/src/Illuminate/Console/Command.php(182): Symfony/Component/Console/Command/Command->run(Object(Symfony/Component/Console/Input/ArgvInput), Object(Illuminate/Console/OutputStyle))
#18 C:/laragon/www/usama-fandaqah/vendor/symfony/console/Application.php(1117): Illuminate/Console/Command->run(Object(Symfony/Component/Console/Input/ArgvInput), Object(Symfony/Component/Console/Output/ConsoleOutput))
#19 C:/laragon/www/usama-fandaqah/vendor/symfony/console/Application.php(356): Symfony/Component/Console/Application->doRunCommand(Object(Illuminate/Database/Console/Seeds/SeedCommand), Object(Symfony/Component/Console/Input/ArgvInput), Object(Symfony/Component/Console/Output/ConsoleOutput))
#20 C:/laragon/www/usama-fandaqah/vendor/symfony/console/Application.php(195): Symfony/Component/Console/Application->doRun(Object(Symfony/Component/Console/Input/ArgvInput), Object(Symfony/Component/Console/Output/ConsoleOutput))
#21 C:/laragon/www/usama-fandaqah/vendor/laravel/framework/src/Illuminate/Foundation/Console/Kernel.php(198): Symfony/Component/Console/Application->run(Object(Symfony/Component/Console/Input/ArgvInput), Object(Symfony/Component/Console/Output/ConsoleOutput))
#22 C:/laragon/www/usama-fandaqah/vendor/laravel/framework/src/Illuminate/Foundation/Application.php(1235): Illuminate/Foundation/Console/Kernel->handle(Object(Symfony/Component/Console/Input/ArgvInput), Object(Symfony/Component/Console/Output/ConsoleOutput))
#23 C:/laragon/www/usama-fandaqah/artisan(20): Illuminate/Foundation/Application->handleCommand(Object(Symfony/Component/Console/Input/ArgvInput))
#24 {main}
"} 
[2026-04-30 17:59:00] local.ERROR: SQLSTATE[42S01]: Base table or view already exists: 1050 Table 'checkout_balance_transfers' already exists (Connection: mysql, SQL: create table `checkout_balance_transfers` (`id` bigint unsigned not null auto_increment primary key, `team_id` bigint unsigned not null, `reservation_id` bigint unsigned not null, `balance_before` decimal(15, 2) not null, `amount_resolved` decimal(15, 2) not null, `balance_after` decimal(15, 2) not null, `resolution_type` varchar(255) not null, `reference_id` bigint unsigned null, `reference_type` varchar(255) null, `user_id` bigint unsigned not null, `notes` text null, `created_at` timestamp null, `updated_at` timestamp null) default character set utf8mb4 collate 'utf8mb4_unicode_ci' engine = InnoDB ROW_FORMAT=DYNAMIC) {"exception":"[object] (Illuminate\\Database\\QueryException(code: 42S01): SQLSTATE[42S01]: Base table or view already exists: 1050 Table 'checkout_balance_transfers' already exists (Connection: mysql, SQL: create table `checkout_balance_transfers` (`id` bigint unsigned not null auto_increment primary key, `team_id` bigint unsigned not null, `reservation_id` bigint unsigned not null, `balance_before` decimal(15, 2) not null, `amount_resolved` decimal(15, 2) not null, `balance_after` decimal(15, 2) not null, `resolution_type` varchar(255) not null, `reference_id` bigint unsigned null, `reference_type` varchar(255) null, `user_id` bigint unsigned not null, `notes` text null, `created_at` timestamp null, `updated_at` timestamp null) default character set utf8mb4 collate 'utf8mb4_unicode_ci' engine = InnoDB ROW_FORMAT=DYNAMIC) at C:/laragon/www/usama-fandaqah/vendor/laravel/framework/src/Illuminate/Database/Connection.php:825)
[stacktrace]
#0 C:/laragon/www/usama-fandaqah/vendor/laravel/framework/src/Illuminate/Database/Connection.php(779): Illuminate/Database/Connection->runQueryCallback('create table `c...', Array, Object(Closure))
#1 C:/laragon/www/usama-fandaqah/vendor/laravel/framework/src/Illuminate/Database/Connection.php(560): Illuminate/Database/Connection->run('create table `c...', Array, Object(Closure))
#2 C:/laragon/www/usama-fandaqah/vendor/laravel/framework/src/Illuminate/Database/Schema/Blueprint.php(118): Illuminate/Database/Connection->statement('create table `c...')
#3 C:/laragon/www/usama-fandaqah/vendor/laravel/framework/src/Illuminate/Database/Schema/Builder.php(564): Illuminate/Database/Schema/Blueprint->build(Object(Illuminate/Database/MySqlConnection), Object(Illuminate/Database/Schema/Grammars/MySqlGrammar))
#4 C:/laragon/www/usama-fandaqah/vendor/laravel/framework/src/Illuminate/Database/Schema/Builder.php(418): Illuminate/Database/Schema/Builder->build(Object(Illuminate/Database/Schema/Blueprint))
#5 C:/laragon/www/usama-fandaqah/vendor/laravel/framework/src/Illuminate/Support/Facades/Facade.php(361): Illuminate/Database/Schema/Builder->create('checkout_balanc...', Object(Closure))
#6 C:/laragon/www/usama-fandaqah/database/migrations/2026_04_30_175832_create_checkout_balance_transfers_table.php(14): Illuminate/Support/Facades/Facade::__callStatic('create', Array)
#7 C:/laragon/www/usama-fandaqah/vendor/laravel/framework/src/Illuminate/Database/Migrations/Migrator.php(507): Illuminate/Database/Migrations/Migration@anonymous->up()
#8 C:/laragon/www/usama-fandaqah/vendor/laravel/framework/src/Illuminate/Database/Migrations/Migrator.php(432): Illuminate/Database/Migrations/Migrator->runMethod(Object(Illuminate/Database/MySqlConnection), Object(Illuminate/Database/Migrations/Migration@anonymous), 'up')
#9 C:/laragon/www/usama-fandaqah/vendor/laravel/framework/src/Illuminate/Database/Migrations/Migrator.php(441): Illuminate/Database/Migrations/Migrator->Illuminate/Database/Migrations/{closure}()
#10 C:/laragon/www/usama-fandaqah/vendor/laravel/framework/src/Illuminate/Database/Migrations/Migrator.php(244): Illuminate/Database/Migrations/Migrator->runMigration(Object(Illuminate/Database/Migrations/Migration@anonymous), 'up')
#11 C:/laragon/www/usama-fandaqah/vendor/laravel/framework/src/Illuminate/Console/View/Components/Task.php(40): Illuminate/Database/Migrations/Migrator->Illuminate/Database/Migrations/{closure}()
#12 C:/laragon/www/usama-fandaqah/vendor/laravel/framework/src/Illuminate/Database/Migrations/Migrator.php(798): Illuminate/Console/View/Components/Task->render('2026_04_30_1758...', Object(Closure))
#13 C:/laragon/www/usama-fandaqah/vendor/laravel/framework/src/Illuminate/Database/Migrations/Migrator.php(244): Illuminate/Database/Migrations/Migrator->write('Illuminate//Cons...', '2026_04_30_1758...', Object(Closure))
#14 C:/laragon/www/usama-fandaqah/vendor/laravel/framework/src/Illuminate/Database/Migrations/Migrator.php(211): Illuminate/Database/Migrations/Migrator->runUp('C://laragon//www//...', 15, false)
#15 C:/laragon/www/usama-fandaqah/vendor/laravel/framework/src/Illuminate/Database/Migrations/Migrator.php(138): Illuminate/Database/Migrations/Migrator->runPending(Array, Array)
#16 C:/laragon/www/usama-fandaqah/vendor/laravel/framework/src/Illuminate/Database/Console/Migrations/MigrateCommand.php(117): Illuminate/Database/Migrations/Migrator->run(Array, Array)
#17 C:/laragon/www/usama-fandaqah/vendor/laravel/framework/src/Illuminate/Database/Migrations/Migrator.php(658): Illuminate/Database/Console/Migrations/MigrateCommand->Illuminate/Database/Console/Migrations/{closure}()
#18 C:/laragon/www/usama-fandaqah/vendor/laravel/framework/src/Illuminate/Database/Console/Migrations/MigrateCommand.php(110): Illuminate/Database/Migrations/Migrator->usingConnection(NULL, Object(Closure))
#19 C:/laragon/www/usama-fandaqah/vendor/laravel/framework/src/Illuminate/Database/Console/Migrations/MigrateCommand.php(89): Illuminate/Database/Console/Migrations/MigrateCommand->runMigrations()
#20 C:/laragon/www/usama-fandaqah/vendor/laravel/framework/src/Illuminate/Container/BoundMethod.php(36): Illuminate/Database/Console/Migrations/MigrateCommand->handle()
#21 C:/laragon/www/usama-fandaqah/vendor/laravel/framework/src/Illuminate/Container/Util.php(43): Illuminate/Container/BoundMethod::Illuminate/Container/{closure}()
#22 C:/laragon/www/usama-fandaqah/vendor/laravel/framework/src/Illuminate/Container/BoundMethod.php(95): Illuminate/Container/Util::unwrapIfClosure(Object(Closure))
#23 C:/laragon/www/usama-fandaqah/vendor/laravel/framework/src/Illuminate/Container/BoundMethod.php(35): Illuminate/Container/BoundMethod::callBoundMethod(Object(Illuminate/Foundation/Application), Array, Object(Closure))
#24 C:/laragon/www/usama-fandaqah/vendor/laravel/framework/src/Illuminate/Container/Container.php(696): Illuminate/Container/BoundMethod::call(Object(Illuminate/Foundation/Application), Array, Array, NULL)
#25 C:/laragon/www/usama-fandaqah/vendor/laravel/framework/src/Illuminate/Console/Command.php(213): Illuminate/Container/Container->call(Array)
#26 C:/laragon/www/usama-fandaqah/vendor/symfony/console/Command/Command.php(341): Illuminate/Console/Command->execute(Object(Symfony/Component/Console/Input/ArgvInput), Object(Illuminate/Console/OutputStyle))
#27 C:/laragon/www/usama-fandaqah/vendor/laravel/framework/src/Illuminate/Console/Command.php(182): Symfony/Component/Console/Command/Command->run(Object(Symfony/Component/Console/Input/ArgvInput), Object(Illuminate/Console/OutputStyle))
#28 C:/laragon/www/usama-fandaqah/vendor/symfony/console/Application.php(1117): Illuminate/Console/Command->run(Object(Symfony/Component/Console/Input/ArgvInput), Object(Symfony/Component/Console/Output/ConsoleOutput))
#29 C:/laragon/www/usama-fandaqah/vendor/symfony/console/Application.php(356): Symfony/Component/Console/Application->doRunCommand(Object(Illuminate/Database/Console/Migrations/MigrateCommand), Object(Symfony/Component/Console/Input/ArgvInput), Object(Symfony/Component/Console/Output/ConsoleOutput))
#30 C:/laragon/www/usama-fandaqah/vendor/symfony/console/Application.php(195): Symfony/Component/Console/Application->doRun(Object(Symfony/Component/Console/Input/ArgvInput), Object(Symfony/Component/Console/Output/ConsoleOutput))
#31 C:/laragon/www/usama-fandaqah/vendor/laravel/framework/src/Illuminate/Foundation/Console/Kernel.php(198): Symfony/Component/Console/Application->run(Object(Symfony/Component/Console/Input/ArgvInput), Object(Symfony/Component/Console/Output/ConsoleOutput))
#32 C:/laragon/www/usama-fandaqah/vendor/laravel/framework/src/Illuminate/Foundation/Application.php(1235): Illuminate/Foundation/Console/Kernel->handle(Object(Symfony/Component/Console/Input/ArgvInput), Object(Symfony/Component/Console/Output/ConsoleOutput))
#33 C:/laragon/www/usama-fandaqah/artisan(20): Illuminate/Foundation/Application->handleCommand(Object(Symfony/Component/Console/Input/ArgvInput))
#34 {main}

[previous exception] [object] (PDOException(code: 42S01): SQLSTATE[42S01]: Base table or view already exists: 1050 Table 'checkout_balance_transfers' already exists at C:/laragon/www/usama-fandaqah/vendor/laravel/framework/src/Illuminate/Database/Connection.php:571)
[stacktrace]
#0 C:/laragon/www/usama-fandaqah/vendor/laravel/framework/src/Illuminate/Database/Connection.php(571): PDOStatement->execute()
#1 C:/laragon/www/usama-fandaqah/vendor/laravel/framework/src/Illuminate/Database/Connection.php(812): Illuminate/Database/Connection->Illuminate/Database/{closure}('create table `c...', Array)
#2 C:/laragon/www/usama-fandaqah/vendor/laravel/framework/src/Illuminate/Database/Connection.php(779): Illuminate/Database/Connection->runQueryCallback('create table `c...', Array, Object(Closure))
#3 C:/laragon/www/usama-fandaqah/vendor/laravel/framework/src/Illuminate/Database/Connection.php(560): Illuminate/Database/Connection->run('create table `c...', Array, Object(Closure))
#4 C:/laragon/www/usama-fandaqah/vendor/laravel/framework/src/Illuminate/Database/Schema/Blueprint.php(118): Illuminate/Database/Connection->statement('create table `c...')
#5 C:/laragon/www/usama-fandaqah/vendor/laravel/framework/src/Illuminate/Database/Schema/Builder.php(564): Illuminate/Database/Schema/Blueprint->build(Object(Illuminate/Database/MySqlConnection), Object(Illuminate/Database/Schema/Grammars/MySqlGrammar))
#6 C:/laragon/www/usama-fandaqah/vendor/laravel/framework/src/Illuminate/Database/Schema/Builder.php(418): Illuminate/Database/Schema/Builder->build(Object(Illuminate/Database/Schema/Blueprint))
#7 C:/laragon/www/usama-fandaqah/vendor/laravel/framework/src/Illuminate/Support/Facades/Facade.php(361): Illuminate/Database/Schema/Builder->create('checkout_balanc...', Object(Closure))
#8 C:/laragon/www/usama-fandaqah/database/migrations/2026_04_30_175832_create_checkout_balance_transfers_table.php(14): Illuminate/Support/Facades/Facade::__callStatic('create', Array)
#9 C:/laragon/www/usama-fandaqah/vendor/laravel/framework/src/Illuminate/Database/Migrations/Migrator.php(507): Illuminate/Database/Migrations/Migration@anonymous->up()
#10 C:/laragon/www/usama-fandaqah/vendor/laravel/framework/src/Illuminate/Database/Migrations/Migrator.php(432): Illuminate/Database/Migrations/Migrator->runMethod(Object(Illuminate/Database/MySqlConnection), Object(Illuminate/Database/Migrations/Migration@anonymous), 'up')
#11 C:/laragon/www/usama-fandaqah/vendor/laravel/framework/src/Illuminate/Database/Migrations/Migrator.php(441): Illuminate/Database/Migrations/Migrator->Illuminate/Database/Migrations/{closure}()
#12 C:/laragon/www/usama-fandaqah/vendor/laravel/framework/src/Illuminate/Database/Migrations/Migrator.php(244): Illuminate/Database/Migrations/Migrator->runMigration(Object(Illuminate/Database/Migrations/Migration@anonymous), 'up')
#13 C:/laragon/www/usama-fandaqah/vendor/laravel/framework/src/Illuminate/Console/View/Components/Task.php(40): Illuminate/Database/Migrations/Migrator->Illuminate/Database/Migrations/{closure}()
#14 C:/laragon/www/usama-fandaqah/vendor/laravel/framework/src/Illuminate/Database/Migrations/Migrator.php(798): Illuminate/Console/View/Components/Task->render('2026_04_30_1758...', Object(Closure))
#15 C:/laragon/www/usama-fandaqah/vendor/laravel/framework/src/Illuminate/Database/Migrations/Migrator.php(244): Illuminate/Database/Migrations/Migrator->write('Illuminate//Cons...', '2026_04_30_1758...', Object(Closure))
#16 C:/laragon/www/usama-fandaqah/vendor/laravel/framework/src/Illuminate/Database/Migrations/Migrator.php(211): Illuminate/Database/Migrations/Migrator->runUp('C://laragon//www//...', 15, false)
#17 C:/laragon/www/usama-fandaqah/vendor/laravel/framework/src/Illuminate/Database/Migrations/Migrator.php(138): Illuminate/Database/Migrations/Migrator->runPending(Array, Array)
#18 C:/laragon/www/usama-fandaqah/vendor/laravel/framework/src/Illuminate/Database/Console/Migrations/MigrateCommand.php(117): Illuminate/Database/Migrations/Migrator->run(Array, Array)
#19 C:/laragon/www/usama-fandaqah/vendor/laravel/framework/src/Illuminate/Database/Migrations/Migrator.php(658): Illuminate/Database/Console/Migrations/MigrateCommand->Illuminate/Database/Console/Migrations/{closure}()
#20 C:/laragon/www/usama-fandaqah/vendor/laravel/framework/src/Illuminate/Database/Console/Migrations/MigrateCommand.php(110): Illuminate/Database/Migrations/Migrator->usingConnection(NULL, Object(Closure))
#21 C:/laragon/www/usama-fandaqah/vendor/laravel/framework/src/Illuminate/Database/Console/Migrations/MigrateCommand.php(89): Illuminate/Database/Console/Migrations/MigrateCommand->runMigrations()
#22 C:/laragon/www/usama-fandaqah/vendor/laravel/framework/src/Illuminate/Container/BoundMethod.php(36): Illuminate/Database/Console/Migrations/MigrateCommand->handle()
#23 C:/laragon/www/usama-fandaqah/vendor/laravel/framework/src/Illuminate/Container/Util.php(43): Illuminate/Container/BoundMethod::Illuminate/Container/{closure}()
#24 C:/laragon/www/usama-fandaqah/vendor/laravel/framework/src/Illuminate/Container/BoundMethod.php(95): Illuminate/Container/Util::unwrapIfClosure(Object(Closure))
#25 C:/laragon/www/usama-fandaqah/vendor/laravel/framework/src/Illuminate/Container/BoundMethod.php(35): Illuminate/Container/BoundMethod::callBoundMethod(Object(Illuminate/Foundation/Application), Array, Object(Closure))
#26 C:/laragon/www/usama-fandaqah/vendor/laravel/framework/src/Illuminate/Container/Container.php(696): Illuminate/Container/BoundMethod::call(Object(Illuminate/Foundation/Application), Array, Array, NULL)
#27 C:/laragon/www/usama-fandaqah/vendor/laravel/framework/src/Illuminate/Console/Command.php(213): Illuminate/Container/Container->call(Array)
#28 C:/laragon/www/usama-fandaqah/vendor/symfony/console/Command/Command.php(341): Illuminate/Console/Command->execute(Object(Symfony/Component/Console/Input/ArgvInput), Object(Illuminate/Console/OutputStyle))
#29 C:/laragon/www/usama-fandaqah/vendor/laravel/framework/src/Illuminate/Console/Command.php(182): Symfony/Component/Console/Command/Command->run(Object(Symfony/Component/Console/Input/ArgvInput), Object(Illuminate/Console/OutputStyle))
#30 C:/laragon/www/usama-fandaqah/vendor/symfony/console/Application.php(1117): Illuminate/Console/Command->run(Object(Symfony/Component/Console/Input/ArgvInput), Object(Symfony/Component/Console/Output/ConsoleOutput))
#31 C:/laragon/www/usama-fandaqah/vendor/symfony/console/Application.php(356): Symfony/Component/Console/Application->doRunCommand(Object(Illuminate/Database/Console/Migrations/MigrateCommand), Object(Symfony/Component/Console/Input/ArgvInput), Object(Symfony/Component/Console/Output/ConsoleOutput))
#32 C:/laragon/www/usama-fandaqah/vendor/symfony/console/Application.php(195): Symfony/Component/Console/Application->doRun(Object(Symfony/Component/Console/Input/ArgvInput), Object(Symfony/Component/Console/Output/ConsoleOutput))
#33 C:/laragon/www/usama-fandaqah/vendor/laravel/framework/src/Illuminate/Foundation/Console/Kernel.php(198): Symfony/Component/Console/Application->run(Object(Symfony/Component/Console/Input/ArgvInput), Object(Symfony/Component/Console/Output/ConsoleOutput))
#34 C:/laragon/www/usama-fandaqah/vendor/laravel/framework/src/Illuminate/Foundation/Application.php(1235): Illuminate/Foundation/Console/Kernel->handle(Object(Symfony/Component/Console/Input/ArgvInput), Object(Symfony/Component/Console/Output/ConsoleOutput))
#35 C:/laragon/www/usama-fandaqah/artisan(20): Illuminate/Foundation/Application->handleCommand(Object(Symfony/Component/Console/Input/ArgvInput))
#36 {main}
"} 
[2026-04-30 18:09:11] local.ERROR: SQLSTATE[42S22]: Column not found: 1054 Unknown column 'number' in 'where clause' (Connection: mysql, SQL: select exists(select * from `rooms` where (`number` = 101)) as `exists`) {"exception":"[object] (Illuminate\\Database\\QueryException(code: 42S22): SQLSTATE[42S22]: Column not found: 1054 Unknown column 'number' in 'where clause' (Connection: mysql, SQL: select exists(select * from `rooms` where (`number` = 101)) as `exists`) at C:/laragon/www/usama-fandaqah/vendor/laravel/framework/src/Illuminate/Database/Connection.php:825)
[stacktrace]
#0 C:/laragon/www/usama-fandaqah/vendor/laravel/framework/src/Illuminate/Database/Connection.php(779): Illuminate/Database/Connection->runQueryCallback('select exists(s...', Array, Object(Closure))
#1 C:/laragon/www/usama-fandaqah/vendor/laravel/framework/src/Illuminate/Database/Connection.php(398): Illuminate/Database/Connection->run('select exists(s...', Array, Object(Closure))
#2 C:/laragon/www/usama-fandaqah/vendor/laravel/framework/src/Illuminate/Database/Query/Builder.php(3477): Illuminate/Database/Connection->select('select exists(s...', Array, true)
#3 C:/laragon/www/usama-fandaqah/vendor/laravel/framework/src/Illuminate/Database/Query/Builder.php(3862): Illuminate/Database/Query/Builder->exists()
#4 C:/laragon/www/usama-fandaqah/database/seeders/DatabaseSeeder.php(126): Illuminate/Database/Query/Builder->updateOrInsert(Array, Array)
#5 C:/laragon/www/usama-fandaqah/vendor/laravel/framework/src/Illuminate/Container/BoundMethod.php(36): Database/Seeders/DatabaseSeeder->run()
#6 C:/laragon/www/usama-fandaqah/vendor/laravel/framework/src/Illuminate/Container/Util.php(43): Illuminate/Container/BoundMethod::Illuminate/Container/{closure}()
#7 C:/laragon/www/usama-fandaqah/vendor/laravel/framework/src/Illuminate/Container/BoundMethod.php(95): Illuminate/Container/Util::unwrapIfClosure(Object(Closure))
#8 C:/laragon/www/usama-fandaqah/vendor/laravel/framework/src/Illuminate/Container/BoundMethod.php(35): Illuminate/Container/BoundMethod::callBoundMethod(Object(Illuminate/Foundation/Application), Array, Object(Closure))
#9 C:/laragon/www/usama-fandaqah/vendor/laravel/framework/src/Illuminate/Container/Container.php(696): Illuminate/Container/BoundMethod::call(Object(Illuminate/Foundation/Application), Array, Array, NULL)
#10 C:/laragon/www/usama-fandaqah/vendor/laravel/framework/src/Illuminate/Database/Seeder.php(188): Illuminate/Container/Container->call(Array, Array)
#11 C:/laragon/www/usama-fandaqah/vendor/laravel/framework/src/Illuminate/Database/Seeder.php(197): Illuminate/Database/Seeder->Illuminate/Database/{closure}()
#12 C:/laragon/www/usama-fandaqah/vendor/laravel/framework/src/Illuminate/Database/Console/Seeds/SeedCommand.php(70): Illuminate/Database/Seeder->__invoke()
#13 C:/laragon/www/usama-fandaqah/vendor/laravel/framework/src/Illuminate/Database/Eloquent/Concerns/GuardsAttributes.php(155): Illuminate/Database/Console/Seeds/SeedCommand->Illuminate/Database/Console/Seeds/{closure}()
#14 C:/laragon/www/usama-fandaqah/vendor/laravel/framework/src/Illuminate/Database/Console/Seeds/SeedCommand.php(69): Illuminate/Database/Eloquent/Model::unguarded(Object(Closure))
#15 C:/laragon/www/usama-fandaqah/vendor/laravel/framework/src/Illuminate/Container/BoundMethod.php(36): Illuminate/Database/Console/Seeds/SeedCommand->handle()
#16 C:/laragon/www/usama-fandaqah/vendor/laravel/framework/src/Illuminate/Container/Util.php(43): Illuminate/Container/BoundMethod::Illuminate/Container/{closure}()
#17 C:/laragon/www/usama-fandaqah/vendor/laravel/framework/src/Illuminate/Container/BoundMethod.php(95): Illuminate/Container/Util::unwrapIfClosure(Object(Closure))
#18 C:/laragon/www/usama-fandaqah/vendor/laravel/framework/src/Illuminate/Container/BoundMethod.php(35): Illuminate/Container/BoundMethod::callBoundMethod(Object(Illuminate/Foundation/Application), Array, Object(Closure))
#19 C:/laragon/www/usama-fandaqah/vendor/laravel/framework/src/Illuminate/Container/Container.php(696): Illuminate/Container/BoundMethod::call(Object(Illuminate/Foundation/Application), Array, Array, NULL)
#20 C:/laragon/www/usama-fandaqah/vendor/laravel/framework/src/Illuminate/Console/Command.php(213): Illuminate/Container/Container->call(Array)
#21 C:/laragon/www/usama-fandaqah/vendor/symfony/console/Command/Command.php(341): Illuminate/Console/Command->execute(Object(Symfony/Component/Console/Input/ArgvInput), Object(Illuminate/Console/OutputStyle))
#22 C:/laragon/www/usama-fandaqah/vendor/laravel/framework/src/Illuminate/Console/Command.php(182): Symfony/Component/Console/Command/Command->run(Object(Symfony/Component/Console/Input/ArgvInput), Object(Illuminate/Console/OutputStyle))
#23 C:/laragon/www/usama-fandaqah/vendor/symfony/console/Application.php(1117): Illuminate/Console/Command->run(Object(Symfony/Component/Console/Input/ArgvInput), Object(Symfony/Component/Console/Output/ConsoleOutput))
#24 C:/laragon/www/usama-fandaqah/vendor/symfony/console/Application.php(356): Symfony/Component/Console/Application->doRunCommand(Object(Illuminate/Database/Console/Seeds/SeedCommand), Object(Symfony/Component/Console/Input/ArgvInput), Object(Symfony/Component/Console/Output/ConsoleOutput))
#25 C:/laragon/www/usama-fandaqah/vendor/symfony/console/Application.php(195): Symfony/Component/Console/Application->doRun(Object(Symfony/Component/Console/Input/ArgvInput), Object(Symfony/Component/Console/Output/ConsoleOutput))
#26 C:/laragon/www/usama-fandaqah/vendor/laravel/framework/src/Illuminate/Foundation/Console/Kernel.php(198): Symfony/Component/Console/Application->run(Object(Symfony/Component/Console/Input/ArgvInput), Object(Symfony/Component/Console/Output/ConsoleOutput))
#27 C:/laragon/www/usama-fandaqah/vendor/laravel/framework/src/Illuminate/Foundation/Application.php(1235): Illuminate/Foundation/Console/Kernel->handle(Object(Symfony/Component/Console/Input/ArgvInput), Object(Symfony/Component/Console/Output/ConsoleOutput))
#28 C:/laragon/www/usama-fandaqah/artisan(20): Illuminate/Foundation/Application->handleCommand(Object(Symfony/Component/Console/Input/ArgvInput))
#29 {main}

[previous exception] [object] (PDOException(code: 42S22): SQLSTATE[42S22]: Column not found: 1054 Unknown column 'number' in 'where clause' at C:/laragon/www/usama-fandaqah/vendor/laravel/framework/src/Illuminate/Database/Connection.php:407)
[stacktrace]
#0 C:/laragon/www/usama-fandaqah/vendor/laravel/framework/src/Illuminate/Database/Connection.php(407): PDO->prepare('select exists(s...')
#1 C:/laragon/www/usama-fandaqah/vendor/laravel/framework/src/Illuminate/Database/Connection.php(812): Illuminate/Database/Connection->Illuminate/Database/{closure}('select exists(s...', Array)
#2 C:/laragon/www/usama-fandaqah/vendor/laravel/framework/src/Illuminate/Database/Connection.php(779): Illuminate/Database/Connection->runQueryCallback('select exists(s...', Array, Object(Closure))
#3 C:/laragon/www/usama-fandaqah/vendor/laravel/framework/src/Illuminate/Database/Connection.php(398): Illuminate/Database/Connection->run('select exists(s...', Array, Object(Closure))
#4 C:/laragon/www/usama-fandaqah/vendor/laravel/framework/src/Illuminate/Database/Query/Builder.php(3477): Illuminate/Database/Connection->select('select exists(s...', Array, true)
#5 C:/laragon/www/usama-fandaqah/vendor/laravel/framework/src/Illuminate/Database/Query/Builder.php(3862): Illuminate/Database/Query/Builder->exists()
#6 C:/laragon/www/usama-fandaqah/database/seeders/DatabaseSeeder.php(126): Illuminate/Database/Query/Builder->updateOrInsert(Array, Array)
#7 C:/laragon/www/usama-fandaqah/vendor/laravel/framework/src/Illuminate/Container/BoundMethod.php(36): Database/Seeders/DatabaseSeeder->run()
#8 C:/laragon/www/usama-fandaqah/vendor/laravel/framework/src/Illuminate/Container/Util.php(43): Illuminate/Container/BoundMethod::Illuminate/Container/{closure}()
#9 C:/laragon/www/usama-fandaqah/vendor/laravel/framework/src/Illuminate/Container/BoundMethod.php(95): Illuminate/Container/Util::unwrapIfClosure(Object(Closure))
#10 C:/laragon/www/usama-fandaqah/vendor/laravel/framework/src/Illuminate/Container/BoundMethod.php(35): Illuminate/Container/BoundMethod::callBoundMethod(Object(Illuminate/Foundation/Application), Array, Object(Closure))
#11 C:/laragon/www/usama-fandaqah/vendor/laravel/framework/src/Illuminate/Container/Container.php(696): Illuminate/Container/BoundMethod::call(Object(Illuminate/Foundation/Application), Array, Array, NULL)
#12 C:/laragon/www/usama-fandaqah/vendor/laravel/framework/src/Illuminate/Database/Seeder.php(188): Illuminate/Container/Container->call(Array, Array)
#13 C:/laragon/www/usama-fandaqah/vendor/laravel/framework/src/Illuminate/Database/Seeder.php(197): Illuminate/Database/Seeder->Illuminate/Database/{closure}()
#14 C:/laragon/www/usama-fandaqah/vendor/laravel/framework/src/Illuminate/Database/Console/Seeds/SeedCommand.php(70): Illuminate/Database/Seeder->__invoke()
#15 C:/laragon/www/usama-fandaqah/vendor/laravel/framework/src/Illuminate/Database/Eloquent/Concerns/GuardsAttributes.php(155): Illuminate/Database/Console/Seeds/SeedCommand->Illuminate/Database/Console/Seeds/{closure}()
#16 C:/laragon/www/usama-fandaqah/vendor/laravel/framework/src/Illuminate/Database/Console/Seeds/SeedCommand.php(69): Illuminate/Database/Eloquent/Model::unguarded(Object(Closure))
#17 C:/laragon/www/usama-fandaqah/vendor/laravel/framework/src/Illuminate/Container/BoundMethod.php(36): Illuminate/Database/Console/Seeds/SeedCommand->handle()
#18 C:/laragon/www/usama-fandaqah/vendor/laravel/framework/src/Illuminate/Container/Util.php(43): Illuminate/Container/BoundMethod::Illuminate/Container/{closure}()
#19 C:/laragon/www/usama-fandaqah/vendor/laravel/framework/src/Illuminate/Container/BoundMethod.php(95): Illuminate/Container/Util::unwrapIfClosure(Object(Closure))
#20 C:/laragon/www/usama-fandaqah/vendor/laravel/framework/src/Illuminate/Container/BoundMethod.php(35): Illuminate/Container/BoundMethod::callBoundMethod(Object(Illuminate/Foundation/Application), Array, Object(Closure))
#21 C:/laragon/www/usama-fandaqah/vendor/laravel/framework/src/Illuminate/Container/Container.php(696): Illuminate/Container/BoundMethod::call(Object(Illuminate/Foundation/Application), Array, Array, NULL)
#22 C:/laragon/www/usama-fandaqah/vendor/laravel/framework/src/Illuminate/Console/Command.php(213): Illuminate/Container/Container->call(Array)
#23 C:/laragon/www/usama-fandaqah/vendor/symfony/console/Command/Command.php(341): Illuminate/Console/Command->execute(Object(Symfony/Component/Console/Input/ArgvInput), Object(Illuminate/Console/OutputStyle))
#24 C:/laragon/www/usama-fandaqah/vendor/laravel/framework/src/Illuminate/Console/Command.php(182): Symfony/Component/Console/Command/Command->run(Object(Symfony/Component/Console/Input/ArgvInput), Object(Illuminate/Console/OutputStyle))
#25 C:/laragon/www/usama-fandaqah/vendor/symfony/console/Application.php(1117): Illuminate/Console/Command->run(Object(Symfony/Component/Console/Input/ArgvInput), Object(Symfony/Component/Console/Output/ConsoleOutput))
#26 C:/laragon/www/usama-fandaqah/vendor/symfony/console/Application.php(356): Symfony/Component/Console/Application->doRunCommand(Object(Illuminate/Database/Console/Seeds/SeedCommand), Object(Symfony/Component/Console/Input/ArgvInput), Object(Symfony/Component/Console/Output/ConsoleOutput))
#27 C:/laragon/www/usama-fandaqah/vendor/symfony/console/Application.php(195): Symfony/Component/Console/Application->doRun(Object(Symfony/Component/Console/Input/ArgvInput), Object(Symfony/Component/Console/Output/ConsoleOutput))
#28 C:/laragon/www/usama-fandaqah/vendor/laravel/framework/src/Illuminate/Foundation/Console/Kernel.php(198): Symfony/Component/Console/Application->run(Object(Symfony/Component/Console/Input/ArgvInput), Object(Symfony/Component/Console/Output/ConsoleOutput))
#29 C:/laragon/www/usama-fandaqah/vendor/laravel/framework/src/Illuminate/Foundation/Application.php(1235): Illuminate/Foundation/Console/Kernel->handle(Object(Symfony/Component/Console/Input/ArgvInput), Object(Symfony/Component/Console/Output/ConsoleOutput))
#30 C:/laragon/www/usama-fandaqah/artisan(20): Illuminate/Foundation/Application->handleCommand(Object(Symfony/Component/Console/Input/ArgvInput))
#31 {main}
"} 
[2026-04-30 18:10:12] local.ERROR: SQLSTATE[42S22]: Column not found: 1054 Unknown column 'user_id' in 'field list' (Connection: mysql, SQL: insert into `promissories` (`team_id`, `reservation_id`, `user_id`, `total_amount`, `collected_amount`, `status`, `due_date`, `signature_status`, `company_id`, `updated_at`, `created_at`) values (1, 1, 1, 1500, 0, pending, 2026-05-15 18:10:12, signed, ?, 2026-04-30 18:10:12, 2026-04-30 18:10:12)) {"exception":"[object] (Illuminate\\Database\\QueryException(code: 42S22): SQLSTATE[42S22]: Column not found: 1054 Unknown column 'user_id' in 'field list' (Connection: mysql, SQL: insert into `promissories` (`team_id`, `reservation_id`, `user_id`, `total_amount`, `collected_amount`, `status`, `due_date`, `signature_status`, `company_id`, `updated_at`, `created_at`) values (1, 1, 1, 1500, 0, pending, 2026-05-15 18:10:12, signed, ?, 2026-04-30 18:10:12, 2026-04-30 18:10:12)) at C:/laragon/www/usama-fandaqah/vendor/laravel/framework/src/Illuminate/Database/Connection.php:825)
[stacktrace]
#0 C:/laragon/www/usama-fandaqah/vendor/laravel/framework/src/Illuminate/Database/Connection.php(779): Illuminate/Database/Connection->runQueryCallback('insert into `pr...', Array, Object(Closure))
#1 C:/laragon/www/usama-fandaqah/vendor/laravel/framework/src/Illuminate/Database/MySqlConnection.php(42): Illuminate/Database/Connection->run('insert into `pr...', Array, Object(Closure))
#2 C:/laragon/www/usama-fandaqah/vendor/laravel/framework/src/Illuminate/Database/Query/Processors/MySqlProcessor.php(35): Illuminate/Database/MySqlConnection->insert('insert into `pr...', Array, 'id')
#3 C:/laragon/www/usama-fandaqah/vendor/laravel/framework/src/Illuminate/Database/Query/Builder.php(3766): Illuminate/Database/Query/Processors/MySqlProcessor->processInsertGetId(Object(Illuminate/Database/Query/Builder), 'insert into `pr...', Array, 'id')
#4 C:/laragon/www/usama-fandaqah/vendor/laravel/framework/src/Illuminate/Database/Eloquent/Builder.php(2120): Illuminate/Database/Query/Builder->insertGetId(Array, 'id')
#5 C:/laragon/www/usama-fandaqah/vendor/laravel/framework/src/Illuminate/Database/Eloquent/Model.php(1359): Illuminate/Database/Eloquent/Builder->__call('insertGetId', Array)
#6 C:/laragon/www/usama-fandaqah/vendor/laravel/framework/src/Illuminate/Database/Eloquent/Model.php(1324): Illuminate/Database/Eloquent/Model->insertAndSetId(Object(Illuminate/Database/Eloquent/Builder), Array)
#7 C:/laragon/www/usama-fandaqah/vendor/laravel/framework/src/Illuminate/Database/Eloquent/Model.php(1163): Illuminate/Database/Eloquent/Model->performInsert(Object(Illuminate/Database/Eloquent/Builder))
#8 C:/laragon/www/usama-fandaqah/vendor/laravel/framework/src/Illuminate/Database/Eloquent/Builder.php(1128): Illuminate/Database/Eloquent/Model->save()
#9 C:/laragon/www/usama-fandaqah/vendor/laravel/framework/src/Illuminate/Support/helpers.php(399): Illuminate/Database/Eloquent/Builder->Illuminate/Database/Eloquent/{closure}(Object(App/Models/Promissory))
#10 C:/laragon/www/usama-fandaqah/vendor/laravel/framework/src/Illuminate/Database/Eloquent/Builder.php(1127): tap(Object(App/Models/Promissory), Object(Closure))
#11 C:/laragon/www/usama-fandaqah/vendor/laravel/framework/src/Illuminate/Support/Traits/ForwardsCalls.php(23): Illuminate/Database/Eloquent/Builder->create(Array)
#12 C:/laragon/www/usama-fandaqah/vendor/laravel/framework/src/Illuminate/Database/Eloquent/Model.php(2372): Illuminate/Database/Eloquent/Model->forwardCallTo(Object(Illuminate/Database/Eloquent/Builder), 'create', Array)
#13 C:/laragon/www/usama-fandaqah/vendor/laravel/framework/src/Illuminate/Database/Eloquent/Model.php(2384): Illuminate/Database/Eloquent/Model->__call('create', Array)
#14 C:/laragon/www/usama-fandaqah/database/seeders/PromissorySeeder.php(27): Illuminate/Database/Eloquent/Model::__callStatic('create', Array)
#15 C:/laragon/www/usama-fandaqah/vendor/laravel/framework/src/Illuminate/Container/BoundMethod.php(36): Database/Seeders/PromissorySeeder->run()
#16 C:/laragon/www/usama-fandaqah/vendor/laravel/framework/src/Illuminate/Container/Util.php(43): Illuminate/Container/BoundMethod::Illuminate/Container/{closure}()
#17 C:/laragon/www/usama-fandaqah/vendor/laravel/framework/src/Illuminate/Container/BoundMethod.php(95): Illuminate/Container/Util::unwrapIfClosure(Object(Closure))
#18 C:/laragon/www/usama-fandaqah/vendor/laravel/framework/src/Illuminate/Container/BoundMethod.php(35): Illuminate/Container/BoundMethod::callBoundMethod(Object(Illuminate/Foundation/Application), Array, Object(Closure))
#19 C:/laragon/www/usama-fandaqah/vendor/laravel/framework/src/Illuminate/Container/Container.php(696): Illuminate/Container/BoundMethod::call(Object(Illuminate/Foundation/Application), Array, Array, NULL)
#20 C:/laragon/www/usama-fandaqah/vendor/laravel/framework/src/Illuminate/Database/Seeder.php(188): Illuminate/Container/Container->call(Array, Array)
#21 C:/laragon/www/usama-fandaqah/vendor/laravel/framework/src/Illuminate/Database/Seeder.php(197): Illuminate/Database/Seeder->Illuminate/Database/{closure}()
#22 C:/laragon/www/usama-fandaqah/vendor/laravel/framework/src/Illuminate/Database/Console/Seeds/SeedCommand.php(70): Illuminate/Database/Seeder->__invoke()
#23 C:/laragon/www/usama-fandaqah/vendor/laravel/framework/src/Illuminate/Database/Eloquent/Concerns/GuardsAttributes.php(155): Illuminate/Database/Console/Seeds/SeedCommand->Illuminate/Database/Console/Seeds/{closure}()
#24 C:/laragon/www/usama-fandaqah/vendor/laravel/framework/src/Illuminate/Database/Console/Seeds/SeedCommand.php(69): Illuminate/Database/Eloquent/Model::unguarded(Object(Closure))
#25 C:/laragon/www/usama-fandaqah/vendor/laravel/framework/src/Illuminate/Container/BoundMethod.php(36): Illuminate/Database/Console/Seeds/SeedCommand->handle()
#26 C:/laragon/www/usama-fandaqah/vendor/laravel/framework/src/Illuminate/Container/Util.php(43): Illuminate/Container/BoundMethod::Illuminate/Container/{closure}()
#27 C:/laragon/www/usama-fandaqah/vendor/laravel/framework/src/Illuminate/Container/BoundMethod.php(95): Illuminate/Container/Util::unwrapIfClosure(Object(Closure))
#28 C:/laragon/www/usama-fandaqah/vendor/laravel/framework/src/Illuminate/Container/BoundMethod.php(35): Illuminate/Container/BoundMethod::callBoundMethod(Object(Illuminate/Foundation/Application), Array, Object(Closure))
#29 C:/laragon/www/usama-fandaqah/vendor/laravel/framework/src/Illuminate/Container/Container.php(696): Illuminate/Container/BoundMethod::call(Object(Illuminate/Foundation/Application), Array, Array, NULL)
#30 C:/laragon/www/usama-fandaqah/vendor/laravel/framework/src/Illuminate/Console/Command.php(213): Illuminate/Container/Container->call(Array)
#31 C:/laragon/www/usama-fandaqah/vendor/symfony/console/Command/Command.php(341): Illuminate/Console/Command->execute(Object(Symfony/Component/Console/Input/ArgvInput), Object(Illuminate/Console/OutputStyle))
#32 C:/laragon/www/usama-fandaqah/vendor/laravel/framework/src/Illuminate/Console/Command.php(182): Symfony/Component/Console/Command/Command->run(Object(Symfony/Component/Console/Input/ArgvInput), Object(Illuminate/Console/OutputStyle))
#33 C:/laragon/www/usama-fandaqah/vendor/symfony/console/Application.php(1117): Illuminate/Console/Command->run(Object(Symfony/Component/Console/Input/ArgvInput), Object(Symfony/Component/Console/Output/ConsoleOutput))
#34 C:/laragon/www/usama-fandaqah/vendor/symfony/console/Application.php(356): Symfony/Component/Console/Application->doRunCommand(Object(Illuminate/Database/Console/Seeds/SeedCommand), Object(Symfony/Component/Console/Input/ArgvInput), Object(Symfony/Component/Console/Output/ConsoleOutput))
#35 C:/laragon/www/usama-fandaqah/vendor/symfony/console/Application.php(195): Symfony/Component/Console/Application->doRun(Object(Symfony/Component/Console/Input/ArgvInput), Object(Symfony/Component/Console/Output/ConsoleOutput))
#36 C:/laragon/www/usama-fandaqah/vendor/laravel/framework/src/Illuminate/Foundation/Console/Kernel.php(198): Symfony/Component/Console/Application->run(Object(Symfony/Component/Console/Input/ArgvInput), Object(Symfony/Component/Console/Output/ConsoleOutput))
#37 C:/laragon/www/usama-fandaqah/vendor/laravel/framework/src/Illuminate/Foundation/Application.php(1235): Illuminate/Foundation/Console/Kernel->handle(Object(Symfony/Component/Console/Input/ArgvInput), Object(Symfony/Component/Console/Output/ConsoleOutput))
#38 C:/laragon/www/usama-fandaqah/artisan(20): Illuminate/Foundation/Application->handleCommand(Object(Symfony/Component/Console/Input/ArgvInput))
#39 {main}

[previous exception] [object] (PDOException(code: 42S22): SQLSTATE[42S22]: Column not found: 1054 Unknown column 'user_id' in 'field list' at C:/laragon/www/usama-fandaqah/vendor/laravel/framework/src/Illuminate/Database/MySqlConnection.php:47)
[stacktrace]
#0 C:/laragon/www/usama-fandaqah/vendor/laravel/framework/src/Illuminate/Database/MySqlConnection.php(47): PDO->prepare('insert into `pr...')
#1 C:/laragon/www/usama-fandaqah/vendor/laravel/framework/src/Illuminate/Database/Connection.php(812): Illuminate/Database/MySqlConnection->Illuminate/Database/{closure}('insert into `pr...', Array)
#2 C:/laragon/www/usama-fandaqah/vendor/laravel/framework/src/Illuminate/Database/Connection.php(779): Illuminate/Database/Connection->runQueryCallback('insert into `pr...', Array, Object(Closure))
#3 C:/laragon/www/usama-fandaqah/vendor/laravel/framework/src/Illuminate/Database/MySqlConnection.php(42): Illuminate/Database/Connection->run('insert into `pr...', Array, Object(Closure))
#4 C:/laragon/www/usama-fandaqah/vendor/laravel/framework/src/Illuminate/Database/Query/Processors/MySqlProcessor.php(35): Illuminate/Database/MySqlConnection->insert('insert into `pr...', Array, 'id')
#5 C:/laragon/www/usama-fandaqah/vendor/laravel/framework/src/Illuminate/Database/Query/Builder.php(3766): Illuminate/Database/Query/Processors/MySqlProcessor->processInsertGetId(Object(Illuminate/Database/Query/Builder), 'insert into `pr...', Array, 'id')
#6 C:/laragon/www/usama-fandaqah/vendor/laravel/framework/src/Illuminate/Database/Eloquent/Builder.php(2120): Illuminate/Database/Query/Builder->insertGetId(Array, 'id')
#7 C:/laragon/www/usama-fandaqah/vendor/laravel/framework/src/Illuminate/Database/Eloquent/Model.php(1359): Illuminate/Database/Eloquent/Builder->__call('insertGetId', Array)
#8 C:/laragon/www/usama-fandaqah/vendor/laravel/framework/src/Illuminate/Database/Eloquent/Model.php(1324): Illuminate/Database/Eloquent/Model->insertAndSetId(Object(Illuminate/Database/Eloquent/Builder), Array)
#9 C:/laragon/www/usama-fandaqah/vendor/laravel/framework/src/Illuminate/Database/Eloquent/Model.php(1163): Illuminate/Database/Eloquent/Model->performInsert(Object(Illuminate/Database/Eloquent/Builder))
#10 C:/laragon/www/usama-fandaqah/vendor/laravel/framework/src/Illuminate/Database/Eloquent/Builder.php(1128): Illuminate/Database/Eloquent/Model->save()
#11 C:/laragon/www/usama-fandaqah/vendor/laravel/framework/src/Illuminate/Support/helpers.php(399): Illuminate/Database/Eloquent/Builder->Illuminate/Database/Eloquent/{closure}(Object(App/Models/Promissory))
#12 C:/laragon/www/usama-fandaqah/vendor/laravel/framework/src/Illuminate/Database/Eloquent/Builder.php(1127): tap(Object(App/Models/Promissory), Object(Closure))
#13 C:/laragon/www/usama-fandaqah/vendor/laravel/framework/src/Illuminate/Support/Traits/ForwardsCalls.php(23): Illuminate/Database/Eloquent/Builder->create(Array)
#14 C:/laragon/www/usama-fandaqah/vendor/laravel/framework/src/Illuminate/Database/Eloquent/Model.php(2372): Illuminate/Database/Eloquent/Model->forwardCallTo(Object(Illuminate/Database/Eloquent/Builder), 'create', Array)
#15 C:/laragon/www/usama-fandaqah/vendor/laravel/framework/src/Illuminate/Database/Eloquent/Model.php(2384): Illuminate/Database/Eloquent/Model->__call('create', Array)
#16 C:/laragon/www/usama-fandaqah/database/seeders/PromissorySeeder.php(27): Illuminate/Database/Eloquent/Model::__callStatic('create', Array)
#17 C:/laragon/www/usama-fandaqah/vendor/laravel/framework/src/Illuminate/Container/BoundMethod.php(36): Database/Seeders/PromissorySeeder->run()
#18 C:/laragon/www/usama-fandaqah/vendor/laravel/framework/src/Illuminate/Container/Util.php(43): Illuminate/Container/BoundMethod::Illuminate/Container/{closure}()
#19 C:/laragon/www/usama-fandaqah/vendor/laravel/framework/src/Illuminate/Container/BoundMethod.php(95): Illuminate/Container/Util::unwrapIfClosure(Object(Closure))
#20 C:/laragon/www/usama-fandaqah/vendor/laravel/framework/src/Illuminate/Container/BoundMethod.php(35): Illuminate/Container/BoundMethod::callBoundMethod(Object(Illuminate/Foundation/Application), Array, Object(Closure))
#21 C:/laragon/www/usama-fandaqah/vendor/laravel/framework/src/Illuminate/Container/Container.php(696): Illuminate/Container/BoundMethod::call(Object(Illuminate/Foundation/Application), Array, Array, NULL)
#22 C:/laragon/www/usama-fandaqah/vendor/laravel/framework/src/Illuminate/Database/Seeder.php(188): Illuminate/Container/Container->call(Array, Array)
#23 C:/laragon/www/usama-fandaqah/vendor/laravel/framework/src/Illuminate/Database/Seeder.php(197): Illuminate/Database/Seeder->Illuminate/Database/{closure}()
#24 C:/laragon/www/usama-fandaqah/vendor/laravel/framework/src/Illuminate/Database/Console/Seeds/SeedCommand.php(70): Illuminate/Database/Seeder->__invoke()
#25 C:/laragon/www/usama-fandaqah/vendor/laravel/framework/src/Illuminate/Database/Eloquent/Concerns/GuardsAttributes.php(155): Illuminate/Database/Console/Seeds/SeedCommand->Illuminate/Database/Console/Seeds/{closure}()
#26 C:/laragon/www/usama-fandaqah/vendor/laravel/framework/src/Illuminate/Database/Console/Seeds/SeedCommand.php(69): Illuminate/Database/Eloquent/Model::unguarded(Object(Closure))
#27 C:/laragon/www/usama-fandaqah/vendor/laravel/framework/src/Illuminate/Container/BoundMethod.php(36): Illuminate/Database/Console/Seeds/SeedCommand->handle()
#28 C:/laragon/www/usama-fandaqah/vendor/laravel/framework/src/Illuminate/Container/Util.php(43): Illuminate/Container/BoundMethod::Illuminate/Container/{closure}()
#29 C:/laragon/www/usama-fandaqah/vendor/laravel/framework/src/Illuminate/Container/BoundMethod.php(95): Illuminate/Container/Util::unwrapIfClosure(Object(Closure))
#30 C:/laragon/www/usama-fandaqah/vendor/laravel/framework/src/Illuminate/Container/BoundMethod.php(35): Illuminate/Container/BoundMethod::callBoundMethod(Object(Illuminate/Foundation/Application), Array, Object(Closure))
#31 C:/laragon/www/usama-fandaqah/vendor/laravel/framework/src/Illuminate/Container/Container.php(696): Illuminate/Container/BoundMethod::call(Object(Illuminate/Foundation/Application), Array, Array, NULL)
#32 C:/laragon/www/usama-fandaqah/vendor/laravel/framework/src/Illuminate/Console/Command.php(213): Illuminate/Container/Container->call(Array)
#33 C:/laragon/www/usama-fandaqah/vendor/symfony/console/Command/Command.php(341): Illuminate/Console/Command->execute(Object(Symfony/Component/Console/Input/ArgvInput), Object(Illuminate/Console/OutputStyle))
#34 C:/laragon/www/usama-fandaqah/vendor/laravel/framework/src/Illuminate/Console/Command.php(182): Symfony/Component/Console/Command/Command->run(Object(Symfony/Component/Console/Input/ArgvInput), Object(Illuminate/Console/OutputStyle))
#35 C:/laragon/www/usama-fandaqah/vendor/symfony/console/Application.php(1117): Illuminate/Console/Command->run(Object(Symfony/Component/Console/Input/ArgvInput), Object(Symfony/Component/Console/Output/ConsoleOutput))
#36 C:/laragon/www/usama-fandaqah/vendor/symfony/console/Application.php(356): Symfony/Component/Console/Application->doRunCommand(Object(Illuminate/Database/Console/Seeds/SeedCommand), Object(Symfony/Component/Console/Input/ArgvInput), Object(Symfony/Component/Console/Output/ConsoleOutput))
#37 C:/laragon/www/usama-fandaqah/vendor/symfony/console/Application.php(195): Symfony/Component/Console/Application->doRun(Object(Symfony/Component/Console/Input/ArgvInput), Object(Symfony/Component/Console/Output/ConsoleOutput))
#38 C:/laragon/www/usama-fandaqah/vendor/laravel/framework/src/Illuminate/Foundation/Console/Kernel.php(198): Symfony/Component/Console/Application->run(Object(Symfony/Component/Console/Input/ArgvInput), Object(Symfony/Component/Console/Output/ConsoleOutput))
#39 C:/laragon/www/usama-fandaqah/vendor/laravel/framework/src/Illuminate/Foundation/Application.php(1235): Illuminate/Foundation/Console/Kernel->handle(Object(Symfony/Component/Console/Input/ArgvInput), Object(Symfony/Component/Console/Output/ConsoleOutput))
#40 C:/laragon/www/usama-fandaqah/artisan(20): Illuminate/Foundation/Application->handleCommand(Object(Symfony/Component/Console/Input/ArgvInput))
#41 {main}
"} 
[2026-04-30 18:11:17] local.ERROR: SQLSTATE[42S01]: Base table or view already exists: 1050 Table 'checkout_balance_transfers' already exists (Connection: mysql, SQL: create table `checkout_balance_transfers` (`id` bigint unsigned not null auto_increment primary key, `team_id` bigint unsigned not null, `reservation_id` bigint unsigned not null, `balance_before` decimal(15, 2) not null, `amount_resolved` decimal(15, 2) not null, `balance_after` decimal(15, 2) not null, `resolution_type` varchar(255) not null, `reference_id` bigint unsigned null, `reference_type` varchar(255) null, `user_id` bigint unsigned not null, `notes` text null, `created_at` timestamp null, `updated_at` timestamp null) default character set utf8mb4 collate 'utf8mb4_unicode_ci' engine = InnoDB ROW_FORMAT=DYNAMIC) {"exception":"[object] (Illuminate\\Database\\QueryException(code: 42S01): SQLSTATE[42S01]: Base table or view already exists: 1050 Table 'checkout_balance_transfers' already exists (Connection: mysql, SQL: create table `checkout_balance_transfers` (`id` bigint unsigned not null auto_increment primary key, `team_id` bigint unsigned not null, `reservation_id` bigint unsigned not null, `balance_before` decimal(15, 2) not null, `amount_resolved` decimal(15, 2) not null, `balance_after` decimal(15, 2) not null, `resolution_type` varchar(255) not null, `reference_id` bigint unsigned null, `reference_type` varchar(255) null, `user_id` bigint unsigned not null, `notes` text null, `created_at` timestamp null, `updated_at` timestamp null) default character set utf8mb4 collate 'utf8mb4_unicode_ci' engine = InnoDB ROW_FORMAT=DYNAMIC) at C:/laragon/www/usama-fandaqah/vendor/laravel/framework/src/Illuminate/Database/Connection.php:825)
[stacktrace]
#0 C:/laragon/www/usama-fandaqah/vendor/laravel/framework/src/Illuminate/Database/Connection.php(779): Illuminate/Database/Connection->runQueryCallback('create table `c...', Array, Object(Closure))
#1 C:/laragon/www/usama-fandaqah/vendor/laravel/framework/src/Illuminate/Database/Connection.php(560): Illuminate/Database/Connection->run('create table `c...', Array, Object(Closure))
#2 C:/laragon/www/usama-fandaqah/vendor/laravel/framework/src/Illuminate/Database/Schema/Blueprint.php(118): Illuminate/Database/Connection->statement('create table `c...')
#3 C:/laragon/www/usama-fandaqah/vendor/laravel/framework/src/Illuminate/Database/Schema/Builder.php(564): Illuminate/Database/Schema/Blueprint->build(Object(Illuminate/Database/MySqlConnection), Object(Illuminate/Database/Schema/Grammars/MySqlGrammar))
#4 C:/laragon/www/usama-fandaqah/vendor/laravel/framework/src/Illuminate/Database/Schema/Builder.php(418): Illuminate/Database/Schema/Builder->build(Object(Illuminate/Database/Schema/Blueprint))
#5 C:/laragon/www/usama-fandaqah/vendor/laravel/framework/src/Illuminate/Support/Facades/Facade.php(361): Illuminate/Database/Schema/Builder->create('checkout_balanc...', Object(Closure))
#6 C:/laragon/www/usama-fandaqah/database/migrations/2026_04_30_175832_create_checkout_balance_transfers_table.php(14): Illuminate/Support/Facades/Facade::__callStatic('create', Array)
#7 C:/laragon/www/usama-fandaqah/vendor/laravel/framework/src/Illuminate/Database/Migrations/Migrator.php(507): Illuminate/Database/Migrations/Migration@anonymous->up()
#8 C:/laragon/www/usama-fandaqah/vendor/laravel/framework/src/Illuminate/Database/Migrations/Migrator.php(432): Illuminate/Database/Migrations/Migrator->runMethod(Object(Illuminate/Database/MySqlConnection), Object(Illuminate/Database/Migrations/Migration@anonymous), 'up')
#9 C:/laragon/www/usama-fandaqah/vendor/laravel/framework/src/Illuminate/Database/Migrations/Migrator.php(441): Illuminate/Database/Migrations/Migrator->Illuminate/Database/Migrations/{closure}()
#10 C:/laragon/www/usama-fandaqah/vendor/laravel/framework/src/Illuminate/Database/Migrations/Migrator.php(244): Illuminate/Database/Migrations/Migrator->runMigration(Object(Illuminate/Database/Migrations/Migration@anonymous), 'up')
#11 C:/laragon/www/usama-fandaqah/vendor/laravel/framework/src/Illuminate/Console/View/Components/Task.php(40): Illuminate/Database/Migrations/Migrator->Illuminate/Database/Migrations/{closure}()
#12 C:/laragon/www/usama-fandaqah/vendor/laravel/framework/src/Illuminate/Database/Migrations/Migrator.php(798): Illuminate/Console/View/Components/Task->render('2026_04_30_1758...', Object(Closure))
#13 C:/laragon/www/usama-fandaqah/vendor/laravel/framework/src/Illuminate/Database/Migrations/Migrator.php(244): Illuminate/Database/Migrations/Migrator->write('Illuminate//Cons...', '2026_04_30_1758...', Object(Closure))
#14 C:/laragon/www/usama-fandaqah/vendor/laravel/framework/src/Illuminate/Database/Migrations/Migrator.php(211): Illuminate/Database/Migrations/Migrator->runUp('C://laragon//www//...', 15, false)
#15 C:/laragon/www/usama-fandaqah/vendor/laravel/framework/src/Illuminate/Database/Migrations/Migrator.php(138): Illuminate/Database/Migrations/Migrator->runPending(Array, Array)
#16 C:/laragon/www/usama-fandaqah/vendor/laravel/framework/src/Illuminate/Database/Console/Migrations/MigrateCommand.php(117): Illuminate/Database/Migrations/Migrator->run(Array, Array)
#17 C:/laragon/www/usama-fandaqah/vendor/laravel/framework/src/Illuminate/Database/Migrations/Migrator.php(658): Illuminate/Database/Console/Migrations/MigrateCommand->Illuminate/Database/Console/Migrations/{closure}()
#18 C:/laragon/www/usama-fandaqah/vendor/laravel/framework/src/Illuminate/Database/Console/Migrations/MigrateCommand.php(110): Illuminate/Database/Migrations/Migrator->usingConnection(NULL, Object(Closure))
#19 C:/laragon/www/usama-fandaqah/vendor/laravel/framework/src/Illuminate/Database/Console/Migrations/MigrateCommand.php(89): Illuminate/Database/Console/Migrations/MigrateCommand->runMigrations()
#20 C:/laragon/www/usama-fandaqah/vendor/laravel/framework/src/Illuminate/Container/BoundMethod.php(36): Illuminate/Database/Console/Migrations/MigrateCommand->handle()
#21 C:/laragon/www/usama-fandaqah/vendor/laravel/framework/src/Illuminate/Container/Util.php(43): Illuminate/Container/BoundMethod::Illuminate/Container/{closure}()
#22 C:/laragon/www/usama-fandaqah/vendor/laravel/framework/src/Illuminate/Container/BoundMethod.php(95): Illuminate/Container/Util::unwrapIfClosure(Object(Closure))
#23 C:/laragon/www/usama-fandaqah/vendor/laravel/framework/src/Illuminate/Container/BoundMethod.php(35): Illuminate/Container/BoundMethod::callBoundMethod(Object(Illuminate/Foundation/Application), Array, Object(Closure))
#24 C:/laragon/www/usama-fandaqah/vendor/laravel/framework/src/Illuminate/Container/Container.php(696): Illuminate/Container/BoundMethod::call(Object(Illuminate/Foundation/Application), Array, Array, NULL)
#25 C:/laragon/www/usama-fandaqah/vendor/laravel/framework/src/Illuminate/Console/Command.php(213): Illuminate/Container/Container->call(Array)
#26 C:/laragon/www/usama-fandaqah/vendor/symfony/console/Command/Command.php(341): Illuminate/Console/Command->execute(Object(Symfony/Component/Console/Input/ArgvInput), Object(Illuminate/Console/OutputStyle))
#27 C:/laragon/www/usama-fandaqah/vendor/laravel/framework/src/Illuminate/Console/Command.php(182): Symfony/Component/Console/Command/Command->run(Object(Symfony/Component/Console/Input/ArgvInput), Object(Illuminate/Console/OutputStyle))
#28 C:/laragon/www/usama-fandaqah/vendor/symfony/console/Application.php(1117): Illuminate/Console/Command->run(Object(Symfony/Component/Console/Input/ArgvInput), Object(Symfony/Component/Console/Output/ConsoleOutput))
#29 C:/laragon/www/usama-fandaqah/vendor/symfony/console/Application.php(356): Symfony/Component/Console/Application->doRunCommand(Object(Illuminate/Database/Console/Migrations/MigrateCommand), Object(Symfony/Component/Console/Input/ArgvInput), Object(Symfony/Component/Console/Output/ConsoleOutput))
#30 C:/laragon/www/usama-fandaqah/vendor/symfony/console/Application.php(195): Symfony/Component/Console/Application->doRun(Object(Symfony/Component/Console/Input/ArgvInput), Object(Symfony/Component/Console/Output/ConsoleOutput))
#31 C:/laragon/www/usama-fandaqah/vendor/laravel/framework/src/Illuminate/Foundation/Console/Kernel.php(198): Symfony/Component/Console/Application->run(Object(Symfony/Component/Console/Input/ArgvInput), Object(Symfony/Component/Console/Output/ConsoleOutput))
#32 C:/laragon/www/usama-fandaqah/vendor/laravel/framework/src/Illuminate/Foundation/Application.php(1235): Illuminate/Foundation/Console/Kernel->handle(Object(Symfony/Component/Console/Input/ArgvInput), Object(Symfony/Component/Console/Output/ConsoleOutput))
#33 C:/laragon/www/usama-fandaqah/artisan(20): Illuminate/Foundation/Application->handleCommand(Object(Symfony/Component/Console/Input/ArgvInput))
#34 {main}

[previous exception] [object] (PDOException(code: 42S01): SQLSTATE[42S01]: Base table or view already exists: 1050 Table 'checkout_balance_transfers' already exists at C:/laragon/www/usama-fandaqah/vendor/laravel/framework/src/Illuminate/Database/Connection.php:571)
[stacktrace]
#0 C:/laragon/www/usama-fandaqah/vendor/laravel/framework/src/Illuminate/Database/Connection.php(571): PDOStatement->execute()
#1 C:/laragon/www/usama-fandaqah/vendor/laravel/framework/src/Illuminate/Database/Connection.php(812): Illuminate/Database/Connection->Illuminate/Database/{closure}('create table `c...', Array)
#2 C:/laragon/www/usama-fandaqah/vendor/laravel/framework/src/Illuminate/Database/Connection.php(779): Illuminate/Database/Connection->runQueryCallback('create table `c...', Array, Object(Closure))
#3 C:/laragon/www/usama-fandaqah/vendor/laravel/framework/src/Illuminate/Database/Connection.php(560): Illuminate/Database/Connection->run('create table `c...', Array, Object(Closure))
#4 C:/laragon/www/usama-fandaqah/vendor/laravel/framework/src/Illuminate/Database/Schema/Blueprint.php(118): Illuminate/Database/Connection->statement('create table `c...')
#5 C:/laragon/www/usama-fandaqah/vendor/laravel/framework/src/Illuminate/Database/Schema/Builder.php(564): Illuminate/Database/Schema/Blueprint->build(Object(Illuminate/Database/MySqlConnection), Object(Illuminate/Database/Schema/Grammars/MySqlGrammar))
#6 C:/laragon/www/usama-fandaqah/vendor/laravel/framework/src/Illuminate/Database/Schema/Builder.php(418): Illuminate/Database/Schema/Builder->build(Object(Illuminate/Database/Schema/Blueprint))
#7 C:/laragon/www/usama-fandaqah/vendor/laravel/framework/src/Illuminate/Support/Facades/Facade.php(361): Illuminate/Database/Schema/Builder->create('checkout_balanc...', Object(Closure))
#8 C:/laragon/www/usama-fandaqah/database/migrations/2026_04_30_175832_create_checkout_balance_transfers_table.php(14): Illuminate/Support/Facades/Facade::__callStatic('create', Array)
#9 C:/laragon/www/usama-fandaqah/vendor/laravel/framework/src/Illuminate/Database/Migrations/Migrator.php(507): Illuminate/Database/Migrations/Migration@anonymous->up()
#10 C:/laragon/www/usama-fandaqah/vendor/laravel/framework/src/Illuminate/Database/Migrations/Migrator.php(432): Illuminate/Database/Migrations/Migrator->runMethod(Object(Illuminate/Database/MySqlConnection), Object(Illuminate/Database/Migrations/Migration@anonymous), 'up')
#11 C:/laragon/www/usama-fandaqah/vendor/laravel/framework/src/Illuminate/Database/Migrations/Migrator.php(441): Illuminate/Database/Migrations/Migrator->Illuminate/Database/Migrations/{closure}()
#12 C:/laragon/www/usama-fandaqah/vendor/laravel/framework/src/Illuminate/Database/Migrations/Migrator.php(244): Illuminate/Database/Migrations/Migrator->runMigration(Object(Illuminate/Database/Migrations/Migration@anonymous), 'up')
#13 C:/laragon/www/usama-fandaqah/vendor/laravel/framework/src/Illuminate/Console/View/Components/Task.php(40): Illuminate/Database/Migrations/Migrator->Illuminate/Database/Migrations/{closure}()
#14 C:/laragon/www/usama-fandaqah/vendor/laravel/framework/src/Illuminate/Database/Migrations/Migrator.php(798): Illuminate/Console/View/Components/Task->render('2026_04_30_1758...', Object(Closure))
#15 C:/laragon/www/usama-fandaqah/vendor/laravel/framework/src/Illuminate/Database/Migrations/Migrator.php(244): Illuminate/Database/Migrations/Migrator->write('Illuminate//Cons...', '2026_04_30_1758...', Object(Closure))
#16 C:/laragon/www/usama-fandaqah/vendor/laravel/framework/src/Illuminate/Database/Migrations/Migrator.php(211): Illuminate/Database/Migrations/Migrator->runUp('C://laragon//www//...', 15, false)
#17 C:/laragon/www/usama-fandaqah/vendor/laravel/framework/src/Illuminate/Database/Migrations/Migrator.php(138): Illuminate/Database/Migrations/Migrator->runPending(Array, Array)
#18 C:/laragon/www/usama-fandaqah/vendor/laravel/framework/src/Illuminate/Database/Console/Migrations/MigrateCommand.php(117): Illuminate/Database/Migrations/Migrator->run(Array, Array)
#19 C:/laragon/www/usama-fandaqah/vendor/laravel/framework/src/Illuminate/Database/Migrations/Migrator.php(658): Illuminate/Database/Console/Migrations/MigrateCommand->Illuminate/Database/Console/Migrations/{closure}()
#20 C:/laragon/www/usama-fandaqah/vendor/laravel/framework/src/Illuminate/Database/Console/Migrations/MigrateCommand.php(110): Illuminate/Database/Migrations/Migrator->usingConnection(NULL, Object(Closure))
#21 C:/laragon/www/usama-fandaqah/vendor/laravel/framework/src/Illuminate/Database/Console/Migrations/MigrateCommand.php(89): Illuminate/Database/Console/Migrations/MigrateCommand->runMigrations()
#22 C:/laragon/www/usama-fandaqah/vendor/laravel/framework/src/Illuminate/Container/BoundMethod.php(36): Illuminate/Database/Console/Migrations/MigrateCommand->handle()
#23 C:/laragon/www/usama-fandaqah/vendor/laravel/framework/src/Illuminate/Container/Util.php(43): Illuminate/Container/BoundMethod::Illuminate/Container/{closure}()
#24 C:/laragon/www/usama-fandaqah/vendor/laravel/framework/src/Illuminate/Container/BoundMethod.php(95): Illuminate/Container/Util::unwrapIfClosure(Object(Closure))
#25 C:/laragon/www/usama-fandaqah/vendor/laravel/framework/src/Illuminate/Container/BoundMethod.php(35): Illuminate/Container/BoundMethod::callBoundMethod(Object(Illuminate/Foundation/Application), Array, Object(Closure))
#26 C:/laragon/www/usama-fandaqah/vendor/laravel/framework/src/Illuminate/Container/Container.php(696): Illuminate/Container/BoundMethod::call(Object(Illuminate/Foundation/Application), Array, Array, NULL)
#27 C:/laragon/www/usama-fandaqah/vendor/laravel/framework/src/Illuminate/Console/Command.php(213): Illuminate/Container/Container->call(Array)
#28 C:/laragon/www/usama-fandaqah/vendor/symfony/console/Command/Command.php(341): Illuminate/Console/Command->execute(Object(Symfony/Component/Console/Input/ArgvInput), Object(Illuminate/Console/OutputStyle))
#29 C:/laragon/www/usama-fandaqah/vendor/laravel/framework/src/Illuminate/Console/Command.php(182): Symfony/Component/Console/Command/Command->run(Object(Symfony/Component/Console/Input/ArgvInput), Object(Illuminate/Console/OutputStyle))
#30 C:/laragon/www/usama-fandaqah/vendor/symfony/console/Application.php(1117): Illuminate/Console/Command->run(Object(Symfony/Component/Console/Input/ArgvInput), Object(Symfony/Component/Console/Output/ConsoleOutput))
#31 C:/laragon/www/usama-fandaqah/vendor/symfony/console/Application.php(356): Symfony/Component/Console/Application->doRunCommand(Object(Illuminate/Database/Console/Migrations/MigrateCommand), Object(Symfony/Component/Console/Input/ArgvInput), Object(Symfony/Component/Console/Output/ConsoleOutput))
#32 C:/laragon/www/usama-fandaqah/vendor/symfony/console/Application.php(195): Symfony/Component/Console/Application->doRun(Object(Symfony/Component/Console/Input/ArgvInput), Object(Symfony/Component/Console/Output/ConsoleOutput))
#33 C:/laragon/www/usama-fandaqah/vendor/laravel/framework/src/Illuminate/Foundation/Console/Kernel.php(198): Symfony/Component/Console/Application->run(Object(Symfony/Component/Console/Input/ArgvInput), Object(Symfony/Component/Console/Output/ConsoleOutput))
#34 C:/laragon/www/usama-fandaqah/vendor/laravel/framework/src/Illuminate/Foundation/Application.php(1235): Illuminate/Foundation/Console/Kernel->handle(Object(Symfony/Component/Console/Input/ArgvInput), Object(Symfony/Component/Console/Output/ConsoleOutput))
#35 C:/laragon/www/usama-fandaqah/artisan(20): Illuminate/Foundation/Application->handleCommand(Object(Symfony/Component/Console/Input/ArgvInput))
#36 {main}
"} 
[2026-04-30 18:12:12] local.ERROR: SQLSTATE[42S22]: Column not found: 1054 Unknown column 'amount_applied' in 'field list' (Connection: mysql, SQL: insert into `promissory_payment_log` (`promissory_id`, `team_id`, `amount_applied`, `payment_type`, `applied_at`, `applied_by`, `is_reversed`, `updated_at`, `created_at`) values (1, 1, 500, cash, 2026-04-29 18:12:12, 1, 0, 2026-04-30 18:12:12, 2026-04-30 18:12:12)) {"exception":"[object] (Illuminate\\Database\\QueryException(code: 42S22): SQLSTATE[42S22]: Column not found: 1054 Unknown column 'amount_applied' in 'field list' (Connection: mysql, SQL: insert into `promissory_payment_log` (`promissory_id`, `team_id`, `amount_applied`, `payment_type`, `applied_at`, `applied_by`, `is_reversed`, `updated_at`, `created_at`) values (1, 1, 500, cash, 2026-04-29 18:12:12, 1, 0, 2026-04-30 18:12:12, 2026-04-30 18:12:12)) at C:/laragon/www/usama-fandaqah/vendor/laravel/framework/src/Illuminate/Database/Connection.php:825)
[stacktrace]
#0 C:/laragon/www/usama-fandaqah/vendor/laravel/framework/src/Illuminate/Database/Connection.php(779): Illuminate/Database/Connection->runQueryCallback('insert into `pr...', Array, Object(Closure))
#1 C:/laragon/www/usama-fandaqah/vendor/laravel/framework/src/Illuminate/Database/MySqlConnection.php(42): Illuminate/Database/Connection->run('insert into `pr...', Array, Object(Closure))
#2 C:/laragon/www/usama-fandaqah/vendor/laravel/framework/src/Illuminate/Database/Query/Processors/MySqlProcessor.php(35): Illuminate/Database/MySqlConnection->insert('insert into `pr...', Array, 'id')
#3 C:/laragon/www/usama-fandaqah/vendor/laravel/framework/src/Illuminate/Database/Query/Builder.php(3766): Illuminate/Database/Query/Processors/MySqlProcessor->processInsertGetId(Object(Illuminate/Database/Query/Builder), 'insert into `pr...', Array, 'id')
#4 C:/laragon/www/usama-fandaqah/vendor/laravel/framework/src/Illuminate/Database/Eloquent/Builder.php(2120): Illuminate/Database/Query/Builder->insertGetId(Array, 'id')
#5 C:/laragon/www/usama-fandaqah/vendor/laravel/framework/src/Illuminate/Database/Eloquent/Model.php(1359): Illuminate/Database/Eloquent/Builder->__call('insertGetId', Array)
#6 C:/laragon/www/usama-fandaqah/vendor/laravel/framework/src/Illuminate/Database/Eloquent/Model.php(1324): Illuminate/Database/Eloquent/Model->insertAndSetId(Object(Illuminate/Database/Eloquent/Builder), Array)
#7 C:/laragon/www/usama-fandaqah/vendor/laravel/framework/src/Illuminate/Database/Eloquent/Model.php(1163): Illuminate/Database/Eloquent/Model->performInsert(Object(Illuminate/Database/Eloquent/Builder))
#8 C:/laragon/www/usama-fandaqah/vendor/laravel/framework/src/Illuminate/Database/Eloquent/Builder.php(1128): Illuminate/Database/Eloquent/Model->save()
#9 C:/laragon/www/usama-fandaqah/vendor/laravel/framework/src/Illuminate/Support/helpers.php(399): Illuminate/Database/Eloquent/Builder->Illuminate/Database/Eloquent/{closure}(Object(App/Models/PromissoryPaymentLog))
#10 C:/laragon/www/usama-fandaqah/vendor/laravel/framework/src/Illuminate/Database/Eloquent/Builder.php(1127): tap(Object(App/Models/PromissoryPaymentLog), Object(Closure))
#11 C:/laragon/www/usama-fandaqah/vendor/laravel/framework/src/Illuminate/Support/Traits/ForwardsCalls.php(23): Illuminate/Database/Eloquent/Builder->create(Array)
#12 C:/laragon/www/usama-fandaqah/vendor/laravel/framework/src/Illuminate/Database/Eloquent/Model.php(2372): Illuminate/Database/Eloquent/Model->forwardCallTo(Object(Illuminate/Database/Eloquent/Builder), 'create', Array)
#13 C:/laragon/www/usama-fandaqah/vendor/laravel/framework/src/Illuminate/Database/Eloquent/Model.php(2384): Illuminate/Database/Eloquent/Model->__call('create', Array)
#14 C:/laragon/www/usama-fandaqah/database/seeders/PromissorySeeder.php(51): Illuminate/Database/Eloquent/Model::__callStatic('create', Array)
#15 C:/laragon/www/usama-fandaqah/vendor/laravel/framework/src/Illuminate/Container/BoundMethod.php(36): Database/Seeders/PromissorySeeder->run()
#16 C:/laragon/www/usama-fandaqah/vendor/laravel/framework/src/Illuminate/Container/Util.php(43): Illuminate/Container/BoundMethod::Illuminate/Container/{closure}()
#17 C:/laragon/www/usama-fandaqah/vendor/laravel/framework/src/Illuminate/Container/BoundMethod.php(95): Illuminate/Container/Util::unwrapIfClosure(Object(Closure))
#18 C:/laragon/www/usama-fandaqah/vendor/laravel/framework/src/Illuminate/Container/BoundMethod.php(35): Illuminate/Container/BoundMethod::callBoundMethod(Object(Illuminate/Foundation/Application), Array, Object(Closure))
#19 C:/laragon/www/usama-fandaqah/vendor/laravel/framework/src/Illuminate/Container/Container.php(696): Illuminate/Container/BoundMethod::call(Object(Illuminate/Foundation/Application), Array, Array, NULL)
#20 C:/laragon/www/usama-fandaqah/vendor/laravel/framework/src/Illuminate/Database/Seeder.php(188): Illuminate/Container/Container->call(Array, Array)
#21 C:/laragon/www/usama-fandaqah/vendor/laravel/framework/src/Illuminate/Database/Seeder.php(197): Illuminate/Database/Seeder->Illuminate/Database/{closure}()
#22 C:/laragon/www/usama-fandaqah/vendor/laravel/framework/src/Illuminate/Database/Console/Seeds/SeedCommand.php(70): Illuminate/Database/Seeder->__invoke()
#23 C:/laragon/www/usama-fandaqah/vendor/laravel/framework/src/Illuminate/Database/Eloquent/Concerns/GuardsAttributes.php(155): Illuminate/Database/Console/Seeds/SeedCommand->Illuminate/Database/Console/Seeds/{closure}()
#24 C:/laragon/www/usama-fandaqah/vendor/laravel/framework/src/Illuminate/Database/Console/Seeds/SeedCommand.php(69): Illuminate/Database/Eloquent/Model::unguarded(Object(Closure))
#25 C:/laragon/www/usama-fandaqah/vendor/laravel/framework/src/Illuminate/Container/BoundMethod.php(36): Illuminate/Database/Console/Seeds/SeedCommand->handle()
#26 C:/laragon/www/usama-fandaqah/vendor/laravel/framework/src/Illuminate/Container/Util.php(43): Illuminate/Container/BoundMethod::Illuminate/Container/{closure}()
#27 C:/laragon/www/usama-fandaqah/vendor/laravel/framework/src/Illuminate/Container/BoundMethod.php(95): Illuminate/Container/Util::unwrapIfClosure(Object(Closure))
#28 C:/laragon/www/usama-fandaqah/vendor/laravel/framework/src/Illuminate/Container/BoundMethod.php(35): Illuminate/Container/BoundMethod::callBoundMethod(Object(Illuminate/Foundation/Application), Array, Object(Closure))
#29 C:/laragon/www/usama-fandaqah/vendor/laravel/framework/src/Illuminate/Container/Container.php(696): Illuminate/Container/BoundMethod::call(Object(Illuminate/Foundation/Application), Array, Array, NULL)
#30 C:/laragon/www/usama-fandaqah/vendor/laravel/framework/src/Illuminate/Console/Command.php(213): Illuminate/Container/Container->call(Array)
#31 C:/laragon/www/usama-fandaqah/vendor/symfony/console/Command/Command.php(341): Illuminate/Console/Command->execute(Object(Symfony/Component/Console/Input/ArgvInput), Object(Illuminate/Console/OutputStyle))
#32 C:/laragon/www/usama-fandaqah/vendor/laravel/framework/src/Illuminate/Console/Command.php(182): Symfony/Component/Console/Command/Command->run(Object(Symfony/Component/Console/Input/ArgvInput), Object(Illuminate/Console/OutputStyle))
#33 C:/laragon/www/usama-fandaqah/vendor/symfony/console/Application.php(1117): Illuminate/Console/Command->run(Object(Symfony/Component/Console/Input/ArgvInput), Object(Symfony/Component/Console/Output/ConsoleOutput))
#34 C:/laragon/www/usama-fandaqah/vendor/symfony/console/Application.php(356): Symfony/Component/Console/Application->doRunCommand(Object(Illuminate/Database/Console/Seeds/SeedCommand), Object(Symfony/Component/Console/Input/ArgvInput), Object(Symfony/Component/Console/Output/ConsoleOutput))
#35 C:/laragon/www/usama-fandaqah/vendor/symfony/console/Application.php(195): Symfony/Component/Console/Application->doRun(Object(Symfony/Component/Console/Input/ArgvInput), Object(Symfony/Component/Console/Output/ConsoleOutput))
#36 C:/laragon/www/usama-fandaqah/vendor/laravel/framework/src/Illuminate/Foundation/Console/Kernel.php(198): Symfony/Component/Console/Application->run(Object(Symfony/Component/Console/Input/ArgvInput), Object(Symfony/Component/Console/Output/ConsoleOutput))
#37 C:/laragon/www/usama-fandaqah/vendor/laravel/framework/src/Illuminate/Foundation/Application.php(1235): Illuminate/Foundation/Console/Kernel->handle(Object(Symfony/Component/Console/Input/ArgvInput), Object(Symfony/Component/Console/Output/ConsoleOutput))
#38 C:/laragon/www/usama-fandaqah/artisan(20): Illuminate/Foundation/Application->handleCommand(Object(Symfony/Component/Console/Input/ArgvInput))
#39 {main}

[previous exception] [object] (PDOException(code: 42S22): SQLSTATE[42S22]: Column not found: 1054 Unknown column 'amount_applied' in 'field list' at C:/laragon/www/usama-fandaqah/vendor/laravel/framework/src/Illuminate/Database/MySqlConnection.php:47)
[stacktrace]
#0 C:/laragon/www/usama-fandaqah/vendor/laravel/framework/src/Illuminate/Database/MySqlConnection.php(47): PDO->prepare('insert into `pr...')
#1 C:/laragon/www/usama-fandaqah/vendor/laravel/framework/src/Illuminate/Database/Connection.php(812): Illuminate/Database/MySqlConnection->Illuminate/Database/{closure}('insert into `pr...', Array)
#2 C:/laragon/www/usama-fandaqah/vendor/laravel/framework/src/Illuminate/Database/Connection.php(779): Illuminate/Database/Connection->runQueryCallback('insert into `pr...', Array, Object(Closure))
#3 C:/laragon/www/usama-fandaqah/vendor/laravel/framework/src/Illuminate/Database/MySqlConnection.php(42): Illuminate/Database/Connection->run('insert into `pr...', Array, Object(Closure))
#4 C:/laragon/www/usama-fandaqah/vendor/laravel/framework/src/Illuminate/Database/Query/Processors/MySqlProcessor.php(35): Illuminate/Database/MySqlConnection->insert('insert into `pr...', Array, 'id')
#5 C:/laragon/www/usama-fandaqah/vendor/laravel/framework/src/Illuminate/Database/Query/Builder.php(3766): Illuminate/Database/Query/Processors/MySqlProcessor->processInsertGetId(Object(Illuminate/Database/Query/Builder), 'insert into `pr...', Array, 'id')
#6 C:/laragon/www/usama-fandaqah/vendor/laravel/framework/src/Illuminate/Database/Eloquent/Builder.php(2120): Illuminate/Database/Query/Builder->insertGetId(Array, 'id')
#7 C:/laragon/www/usama-fandaqah/vendor/laravel/framework/src/Illuminate/Database/Eloquent/Model.php(1359): Illuminate/Database/Eloquent/Builder->__call('insertGetId', Array)
#8 C:/laragon/www/usama-fandaqah/vendor/laravel/framework/src/Illuminate/Database/Eloquent/Model.php(1324): Illuminate/Database/Eloquent/Model->insertAndSetId(Object(Illuminate/Database/Eloquent/Builder), Array)
#9 C:/laragon/www/usama-fandaqah/vendor/laravel/framework/src/Illuminate/Database/Eloquent/Model.php(1163): Illuminate/Database/Eloquent/Model->performInsert(Object(Illuminate/Database/Eloquent/Builder))
#10 C:/laragon/www/usama-fandaqah/vendor/laravel/framework/src/Illuminate/Database/Eloquent/Builder.php(1128): Illuminate/Database/Eloquent/Model->save()
#11 C:/laragon/www/usama-fandaqah/vendor/laravel/framework/src/Illuminate/Support/helpers.php(399): Illuminate/Database/Eloquent/Builder->Illuminate/Database/Eloquent/{closure}(Object(App/Models/PromissoryPaymentLog))
#12 C:/laragon/www/usama-fandaqah/vendor/laravel/framework/src/Illuminate/Database/Eloquent/Builder.php(1127): tap(Object(App/Models/PromissoryPaymentLog), Object(Closure))
#13 C:/laragon/www/usama-fandaqah/vendor/laravel/framework/src/Illuminate/Support/Traits/ForwardsCalls.php(23): Illuminate/Database/Eloquent/Builder->create(Array)
#14 C:/laragon/www/usama-fandaqah/vendor/laravel/framework/src/Illuminate/Database/Eloquent/Model.php(2372): Illuminate/Database/Eloquent/Model->forwardCallTo(Object(Illuminate/Database/Eloquent/Builder), 'create', Array)
#15 C:/laragon/www/usama-fandaqah/vendor/laravel/framework/src/Illuminate/Database/Eloquent/Model.php(2384): Illuminate/Database/Eloquent/Model->__call('create', Array)
#16 C:/laragon/www/usama-fandaqah/database/seeders/PromissorySeeder.php(51): Illuminate/Database/Eloquent/Model::__callStatic('create', Array)
#17 C:/laragon/www/usama-fandaqah/vendor/laravel/framework/src/Illuminate/Container/BoundMethod.php(36): Database/Seeders/PromissorySeeder->run()
#18 C:/laragon/www/usama-fandaqah/vendor/laravel/framework/src/Illuminate/Container/Util.php(43): Illuminate/Container/BoundMethod::Illuminate/Container/{closure}()
#19 C:/laragon/www/usama-fandaqah/vendor/laravel/framework/src/Illuminate/Container/BoundMethod.php(95): Illuminate/Container/Util::unwrapIfClosure(Object(Closure))
#20 C:/laragon/www/usama-fandaqah/vendor/laravel/framework/src/Illuminate/Container/BoundMethod.php(35): Illuminate/Container/BoundMethod::callBoundMethod(Object(Illuminate/Foundation/Application), Array, Object(Closure))
#21 C:/laragon/www/usama-fandaqah/vendor/laravel/framework/src/Illuminate/Container/Container.php(696): Illuminate/Container/BoundMethod::call(Object(Illuminate/Foundation/Application), Array, Array, NULL)
#22 C:/laragon/www/usama-fandaqah/vendor/laravel/framework/src/Illuminate/Database/Seeder.php(188): Illuminate/Container/Container->call(Array, Array)
#23 C:/laragon/www/usama-fandaqah/vendor/laravel/framework/src/Illuminate/Database/Seeder.php(197): Illuminate/Database/Seeder->Illuminate/Database/{closure}()
#24 C:/laragon/www/usama-fandaqah/vendor/laravel/framework/src/Illuminate/Database/Console/Seeds/SeedCommand.php(70): Illuminate/Database/Seeder->__invoke()
#25 C:/laragon/www/usama-fandaqah/vendor/laravel/framework/src/Illuminate/Database/Eloquent/Concerns/GuardsAttributes.php(155): Illuminate/Database/Console/Seeds/SeedCommand->Illuminate/Database/Console/Seeds/{closure}()
#26 C:/laragon/www/usama-fandaqah/vendor/laravel/framework/src/Illuminate/Database/Console/Seeds/SeedCommand.php(69): Illuminate/Database/Eloquent/Model::unguarded(Object(Closure))
#27 C:/laragon/www/usama-fandaqah/vendor/laravel/framework/src/Illuminate/Container/BoundMethod.php(36): Illuminate/Database/Console/Seeds/SeedCommand->handle()
#28 C:/laragon/www/usama-fandaqah/vendor/laravel/framework/src/Illuminate/Container/Util.php(43): Illuminate/Container/BoundMethod::Illuminate/Container/{closure}()
#29 C:/laragon/www/usama-fandaqah/vendor/laravel/framework/src/Illuminate/Container/BoundMethod.php(95): Illuminate/Container/Util::unwrapIfClosure(Object(Closure))
#30 C:/laragon/www/usama-fandaqah/vendor/laravel/framework/src/Illuminate/Container/BoundMethod.php(35): Illuminate/Container/BoundMethod::callBoundMethod(Object(Illuminate/Foundation/Application), Array, Object(Closure))
#31 C:/laragon/www/usama-fandaqah/vendor/laravel/framework/src/Illuminate/Container/Container.php(696): Illuminate/Container/BoundMethod::call(Object(Illuminate/Foundation/Application), Array, Array, NULL)
#32 C:/laragon/www/usama-fandaqah/vendor/laravel/framework/src/Illuminate/Console/Command.php(213): Illuminate/Container/Container->call(Array)
#33 C:/laragon/www/usama-fandaqah/vendor/symfony/console/Command/Command.php(341): Illuminate/Console/Command->execute(Object(Symfony/Component/Console/Input/ArgvInput), Object(Illuminate/Console/OutputStyle))
#34 C:/laragon/www/usama-fandaqah/vendor/laravel/framework/src/Illuminate/Console/Command.php(182): Symfony/Component/Console/Command/Command->run(Object(Symfony/Component/Console/Input/ArgvInput), Object(Illuminate/Console/OutputStyle))
#35 C:/laragon/www/usama-fandaqah/vendor/symfony/console/Application.php(1117): Illuminate/Console/Command->run(Object(Symfony/Component/Console/Input/ArgvInput), Object(Symfony/Component/Console/Output/ConsoleOutput))
#36 C:/laragon/www/usama-fandaqah/vendor/symfony/console/Application.php(356): Symfony/Component/Console/Application->doRunCommand(Object(Illuminate/Database/Console/Seeds/SeedCommand), Object(Symfony/Component/Console/Input/ArgvInput), Object(Symfony/Component/Console/Output/ConsoleOutput))
#37 C:/laragon/www/usama-fandaqah/vendor/symfony/console/Application.php(195): Symfony/Component/Console/Application->doRun(Object(Symfony/Component/Console/Input/ArgvInput), Object(Symfony/Component/Console/Output/ConsoleOutput))
#38 C:/laragon/www/usama-fandaqah/vendor/laravel/framework/src/Illuminate/Foundation/Console/Kernel.php(198): Symfony/Component/Console/Application->run(Object(Symfony/Component/Console/Input/ArgvInput), Object(Symfony/Component/Console/Output/ConsoleOutput))
#39 C:/laragon/www/usama-fandaqah/vendor/laravel/framework/src/Illuminate/Foundation/Application.php(1235): Illuminate/Foundation/Console/Kernel->handle(Object(Symfony/Component/Console/Input/ArgvInput), Object(Symfony/Component/Console/Output/ConsoleOutput))
#40 C:/laragon/www/usama-fandaqah/artisan(20): Illuminate/Foundation/Application->handleCommand(Object(Symfony/Component/Console/Input/ArgvInput))
#41 {main}
"} 
[2026-04-30 18:15:06] local.ERROR: SQLSTATE[42S01]: Base table or view already exists: 1050 Table 'company_groups' already exists (Connection: mysql, SQL: create table `company_groups` (`id` bigint unsigned not null auto_increment primary key, `team_id` bigint unsigned not null, `name` varchar(255) not null, `name_ar` varchar(255) null, `tax_number` varchar(255) null, `email` varchar(255) null, `phone` varchar(255) null, `address` varchar(255) null, `city` varchar(255) null, `credit_limit` decimal(15, 2) not null default '0', `payment_terms_days` int not null default '30', `created_at` timestamp null, `updated_at` timestamp null) default character set utf8mb4 collate 'utf8mb4_unicode_ci' engine = InnoDB ROW_FORMAT=DYNAMIC) {"exception":"[object] (Illuminate\\Database\\QueryException(code: 42S01): SQLSTATE[42S01]: Base table or view already exists: 1050 Table 'company_groups' already exists (Connection: mysql, SQL: create table `company_groups` (`id` bigint unsigned not null auto_increment primary key, `team_id` bigint unsigned not null, `name` varchar(255) not null, `name_ar` varchar(255) null, `tax_number` varchar(255) null, `email` varchar(255) null, `phone` varchar(255) null, `address` varchar(255) null, `city` varchar(255) null, `credit_limit` decimal(15, 2) not null default '0', `payment_terms_days` int not null default '30', `created_at` timestamp null, `updated_at` timestamp null) default character set utf8mb4 collate 'utf8mb4_unicode_ci' engine = InnoDB ROW_FORMAT=DYNAMIC) at C:/laragon/www/usama-fandaqah/vendor/laravel/framework/src/Illuminate/Database/Connection.php:825)
[stacktrace]
#0 C:/laragon/www/usama-fandaqah/vendor/laravel/framework/src/Illuminate/Database/Connection.php(779): Illuminate/Database/Connection->runQueryCallback('create table `c...', Array, Object(Closure))
#1 C:/laragon/www/usama-fandaqah/vendor/laravel/framework/src/Illuminate/Database/Connection.php(560): Illuminate/Database/Connection->run('create table `c...', Array, Object(Closure))
#2 C:/laragon/www/usama-fandaqah/vendor/laravel/framework/src/Illuminate/Database/Schema/Blueprint.php(118): Illuminate/Database/Connection->statement('create table `c...')
#3 C:/laragon/www/usama-fandaqah/vendor/laravel/framework/src/Illuminate/Database/Schema/Builder.php(564): Illuminate/Database/Schema/Blueprint->build(Object(Illuminate/Database/MySqlConnection), Object(Illuminate/Database/Schema/Grammars/MySqlGrammar))
#4 C:/laragon/www/usama-fandaqah/vendor/laravel/framework/src/Illuminate/Database/Schema/Builder.php(418): Illuminate/Database/Schema/Builder->build(Object(Illuminate/Database/Schema/Blueprint))
#5 C:/laragon/www/usama-fandaqah/vendor/laravel/framework/src/Illuminate/Support/Facades/Facade.php(361): Illuminate/Database/Schema/Builder->create('company_groups', Object(Closure))
#6 C:/laragon/www/usama-fandaqah/database/migrations/2026_04_30_181440_create_company_groups_table.php(14): Illuminate/Support/Facades/Facade::__callStatic('create', Array)
#7 C:/laragon/www/usama-fandaqah/vendor/laravel/framework/src/Illuminate/Database/Migrations/Migrator.php(507): Illuminate/Database/Migrations/Migration@anonymous->up()
#8 C:/laragon/www/usama-fandaqah/vendor/laravel/framework/src/Illuminate/Database/Migrations/Migrator.php(432): Illuminate/Database/Migrations/Migrator->runMethod(Object(Illuminate/Database/MySqlConnection), Object(Illuminate/Database/Migrations/Migration@anonymous), 'up')
#9 C:/laragon/www/usama-fandaqah/vendor/laravel/framework/src/Illuminate/Database/Migrations/Migrator.php(441): Illuminate/Database/Migrations/Migrator->Illuminate/Database/Migrations/{closure}()
#10 C:/laragon/www/usama-fandaqah/vendor/laravel/framework/src/Illuminate/Database/Migrations/Migrator.php(244): Illuminate/Database/Migrations/Migrator->runMigration(Object(Illuminate/Database/Migrations/Migration@anonymous), 'up')
#11 C:/laragon/www/usama-fandaqah/vendor/laravel/framework/src/Illuminate/Console/View/Components/Task.php(40): Illuminate/Database/Migrations/Migrator->Illuminate/Database/Migrations/{closure}()
#12 C:/laragon/www/usama-fandaqah/vendor/laravel/framework/src/Illuminate/Database/Migrations/Migrator.php(798): Illuminate/Console/View/Components/Task->render('2026_04_30_1814...', Object(Closure))
#13 C:/laragon/www/usama-fandaqah/vendor/laravel/framework/src/Illuminate/Database/Migrations/Migrator.php(244): Illuminate/Database/Migrations/Migrator->write('Illuminate//Cons...', '2026_04_30_1814...', Object(Closure))
#14 C:/laragon/www/usama-fandaqah/vendor/laravel/framework/src/Illuminate/Database/Migrations/Migrator.php(211): Illuminate/Database/Migrations/Migrator->runUp('C://laragon//www//...', 17, false)
#15 C:/laragon/www/usama-fandaqah/vendor/laravel/framework/src/Illuminate/Database/Migrations/Migrator.php(138): Illuminate/Database/Migrations/Migrator->runPending(Array, Array)
#16 C:/laragon/www/usama-fandaqah/vendor/laravel/framework/src/Illuminate/Database/Console/Migrations/MigrateCommand.php(117): Illuminate/Database/Migrations/Migrator->run(Array, Array)
#17 C:/laragon/www/usama-fandaqah/vendor/laravel/framework/src/Illuminate/Database/Migrations/Migrator.php(658): Illuminate/Database/Console/Migrations/MigrateCommand->Illuminate/Database/Console/Migrations/{closure}()
#18 C:/laragon/www/usama-fandaqah/vendor/laravel/framework/src/Illuminate/Database/Console/Migrations/MigrateCommand.php(110): Illuminate/Database/Migrations/Migrator->usingConnection(NULL, Object(Closure))
#19 C:/laragon/www/usama-fandaqah/vendor/laravel/framework/src/Illuminate/Database/Console/Migrations/MigrateCommand.php(89): Illuminate/Database/Console/Migrations/MigrateCommand->runMigrations()
#20 C:/laragon/www/usama-fandaqah/vendor/laravel/framework/src/Illuminate/Container/BoundMethod.php(36): Illuminate/Database/Console/Migrations/MigrateCommand->handle()
#21 C:/laragon/www/usama-fandaqah/vendor/laravel/framework/src/Illuminate/Container/Util.php(43): Illuminate/Container/BoundMethod::Illuminate/Container/{closure}()
#22 C:/laragon/www/usama-fandaqah/vendor/laravel/framework/src/Illuminate/Container/BoundMethod.php(95): Illuminate/Container/Util::unwrapIfClosure(Object(Closure))
#23 C:/laragon/www/usama-fandaqah/vendor/laravel/framework/src/Illuminate/Container/BoundMethod.php(35): Illuminate/Container/BoundMethod::callBoundMethod(Object(Illuminate/Foundation/Application), Array, Object(Closure))
#24 C:/laragon/www/usama-fandaqah/vendor/laravel/framework/src/Illuminate/Container/Container.php(696): Illuminate/Container/BoundMethod::call(Object(Illuminate/Foundation/Application), Array, Array, NULL)
#25 C:/laragon/www/usama-fandaqah/vendor/laravel/framework/src/Illuminate/Console/Command.php(213): Illuminate/Container/Container->call(Array)
#26 C:/laragon/www/usama-fandaqah/vendor/symfony/console/Command/Command.php(341): Illuminate/Console/Command->execute(Object(Symfony/Component/Console/Input/ArgvInput), Object(Illuminate/Console/OutputStyle))
#27 C:/laragon/www/usama-fandaqah/vendor/laravel/framework/src/Illuminate/Console/Command.php(182): Symfony/Component/Console/Command/Command->run(Object(Symfony/Component/Console/Input/ArgvInput), Object(Illuminate/Console/OutputStyle))
#28 C:/laragon/www/usama-fandaqah/vendor/symfony/console/Application.php(1117): Illuminate/Console/Command->run(Object(Symfony/Component/Console/Input/ArgvInput), Object(Symfony/Component/Console/Output/ConsoleOutput))
#29 C:/laragon/www/usama-fandaqah/vendor/symfony/console/Application.php(356): Symfony/Component/Console/Application->doRunCommand(Object(Illuminate/Database/Console/Migrations/MigrateCommand), Object(Symfony/Component/Console/Input/ArgvInput), Object(Symfony/Component/Console/Output/ConsoleOutput))
#30 C:/laragon/www/usama-fandaqah/vendor/symfony/console/Application.php(195): Symfony/Component/Console/Application->doRun(Object(Symfony/Component/Console/Input/ArgvInput), Object(Symfony/Component/Console/Output/ConsoleOutput))
#31 C:/laragon/www/usama-fandaqah/vendor/laravel/framework/src/Illuminate/Foundation/Console/Kernel.php(198): Symfony/Component/Console/Application->run(Object(Symfony/Component/Console/Input/ArgvInput), Object(Symfony/Component/Console/Output/ConsoleOutput))
#32 C:/laragon/www/usama-fandaqah/vendor/laravel/framework/src/Illuminate/Foundation/Application.php(1235): Illuminate/Foundation/Console/Kernel->handle(Object(Symfony/Component/Console/Input/ArgvInput), Object(Symfony/Component/Console/Output/ConsoleOutput))
#33 C:/laragon/www/usama-fandaqah/artisan(20): Illuminate/Foundation/Application->handleCommand(Object(Symfony/Component/Console/Input/ArgvInput))
#34 {main}

[previous exception] [object] (PDOException(code: 42S01): SQLSTATE[42S01]: Base table or view already exists: 1050 Table 'company_groups' already exists at C:/laragon/www/usama-fandaqah/vendor/laravel/framework/src/Illuminate/Database/Connection.php:571)
[stacktrace]
#0 C:/laragon/www/usama-fandaqah/vendor/laravel/framework/src/Illuminate/Database/Connection.php(571): PDOStatement->execute()
#1 C:/laragon/www/usama-fandaqah/vendor/laravel/framework/src/Illuminate/Database/Connection.php(812): Illuminate/Database/Connection->Illuminate/Database/{closure}('create table `c...', Array)
#2 C:/laragon/www/usama-fandaqah/vendor/laravel/framework/src/Illuminate/Database/Connection.php(779): Illuminate/Database/Connection->runQueryCallback('create table `c...', Array, Object(Closure))
#3 C:/laragon/www/usama-fandaqah/vendor/laravel/framework/src/Illuminate/Database/Connection.php(560): Illuminate/Database/Connection->run('create table `c...', Array, Object(Closure))
#4 C:/laragon/www/usama-fandaqah/vendor/laravel/framework/src/Illuminate/Database/Schema/Blueprint.php(118): Illuminate/Database/Connection->statement('create table `c...')
#5 C:/laragon/www/usama-fandaqah/vendor/laravel/framework/src/Illuminate/Database/Schema/Builder.php(564): Illuminate/Database/Schema/Blueprint->build(Object(Illuminate/Database/MySqlConnection), Object(Illuminate/Database/Schema/Grammars/MySqlGrammar))
#6 C:/laragon/www/usama-fandaqah/vendor/laravel/framework/src/Illuminate/Database/Schema/Builder.php(418): Illuminate/Database/Schema/Builder->build(Object(Illuminate/Database/Schema/Blueprint))
#7 C:/laragon/www/usama-fandaqah/vendor/laravel/framework/src/Illuminate/Support/Facades/Facade.php(361): Illuminate/Database/Schema/Builder->create('company_groups', Object(Closure))
#8 C:/laragon/www/usama-fandaqah/database/migrations/2026_04_30_181440_create_company_groups_table.php(14): Illuminate/Support/Facades/Facade::__callStatic('create', Array)
#9 C:/laragon/www/usama-fandaqah/vendor/laravel/framework/src/Illuminate/Database/Migrations/Migrator.php(507): Illuminate/Database/Migrations/Migration@anonymous->up()
#10 C:/laragon/www/usama-fandaqah/vendor/laravel/framework/src/Illuminate/Database/Migrations/Migrator.php(432): Illuminate/Database/Migrations/Migrator->runMethod(Object(Illuminate/Database/MySqlConnection), Object(Illuminate/Database/Migrations/Migration@anonymous), 'up')
#11 C:/laragon/www/usama-fandaqah/vendor/laravel/framework/src/Illuminate/Database/Migrations/Migrator.php(441): Illuminate/Database/Migrations/Migrator->Illuminate/Database/Migrations/{closure}()
#12 C:/laragon/www/usama-fandaqah/vendor/laravel/framework/src/Illuminate/Database/Migrations/Migrator.php(244): Illuminate/Database/Migrations/Migrator->runMigration(Object(Illuminate/Database/Migrations/Migration@anonymous), 'up')
#13 C:/laragon/www/usama-fandaqah/vendor/laravel/framework/src/Illuminate/Console/View/Components/Task.php(40): Illuminate/Database/Migrations/Migrator->Illuminate/Database/Migrations/{closure}()
#14 C:/laragon/www/usama-fandaqah/vendor/laravel/framework/src/Illuminate/Database/Migrations/Migrator.php(798): Illuminate/Console/View/Components/Task->render('2026_04_30_1814...', Object(Closure))
#15 C:/laragon/www/usama-fandaqah/vendor/laravel/framework/src/Illuminate/Database/Migrations/Migrator.php(244): Illuminate/Database/Migrations/Migrator->write('Illuminate//Cons...', '2026_04_30_1814...', Object(Closure))
#16 C:/laragon/www/usama-fandaqah/vendor/laravel/framework/src/Illuminate/Database/Migrations/Migrator.php(211): Illuminate/Database/Migrations/Migrator->runUp('C://laragon//www//...', 17, false)
#17 C:/laragon/www/usama-fandaqah/vendor/laravel/framework/src/Illuminate/Database/Migrations/Migrator.php(138): Illuminate/Database/Migrations/Migrator->runPending(Array, Array)
#18 C:/laragon/www/usama-fandaqah/vendor/laravel/framework/src/Illuminate/Database/Console/Migrations/MigrateCommand.php(117): Illuminate/Database/Migrations/Migrator->run(Array, Array)
#19 C:/laragon/www/usama-fandaqah/vendor/laravel/framework/src/Illuminate/Database/Migrations/Migrator.php(658): Illuminate/Database/Console/Migrations/MigrateCommand->Illuminate/Database/Console/Migrations/{closure}()
#20 C:/laragon/www/usama-fandaqah/vendor/laravel/framework/src/Illuminate/Database/Console/Migrations/MigrateCommand.php(110): Illuminate/Database/Migrations/Migrator->usingConnection(NULL, Object(Closure))
#21 C:/laragon/www/usama-fandaqah/vendor/laravel/framework/src/Illuminate/Database/Console/Migrations/MigrateCommand.php(89): Illuminate/Database/Console/Migrations/MigrateCommand->runMigrations()
#22 C:/laragon/www/usama-fandaqah/vendor/laravel/framework/src/Illuminate/Container/BoundMethod.php(36): Illuminate/Database/Console/Migrations/MigrateCommand->handle()
#23 C:/laragon/www/usama-fandaqah/vendor/laravel/framework/src/Illuminate/Container/Util.php(43): Illuminate/Container/BoundMethod::Illuminate/Container/{closure}()
#24 C:/laragon/www/usama-fandaqah/vendor/laravel/framework/src/Illuminate/Container/BoundMethod.php(95): Illuminate/Container/Util::unwrapIfClosure(Object(Closure))
#25 C:/laragon/www/usama-fandaqah/vendor/laravel/framework/src/Illuminate/Container/BoundMethod.php(35): Illuminate/Container/BoundMethod::callBoundMethod(Object(Illuminate/Foundation/Application), Array, Object(Closure))
#26 C:/laragon/www/usama-fandaqah/vendor/laravel/framework/src/Illuminate/Container/Container.php(696): Illuminate/Container/BoundMethod::call(Object(Illuminate/Foundation/Application), Array, Array, NULL)
#27 C:/laragon/www/usama-fandaqah/vendor/laravel/framework/src/Illuminate/Console/Command.php(213): Illuminate/Container/Container->call(Array)
#28 C:/laragon/www/usama-fandaqah/vendor/symfony/console/Command/Command.php(341): Illuminate/Console/Command->execute(Object(Symfony/Component/Console/Input/ArgvInput), Object(Illuminate/Console/OutputStyle))
#29 C:/laragon/www/usama-fandaqah/vendor/laravel/framework/src/Illuminate/Console/Command.php(182): Symfony/Component/Console/Command/Command->run(Object(Symfony/Component/Console/Input/ArgvInput), Object(Illuminate/Console/OutputStyle))
#30 C:/laragon/www/usama-fandaqah/vendor/symfony/console/Application.php(1117): Illuminate/Console/Command->run(Object(Symfony/Component/Console/Input/ArgvInput), Object(Symfony/Component/Console/Output/ConsoleOutput))
#31 C:/laragon/www/usama-fandaqah/vendor/symfony/console/Application.php(356): Symfony/Component/Console/Application->doRunCommand(Object(Illuminate/Database/Console/Migrations/MigrateCommand), Object(Symfony/Component/Console/Input/ArgvInput), Object(Symfony/Component/Console/Output/ConsoleOutput))
#32 C:/laragon/www/usama-fandaqah/vendor/symfony/console/Application.php(195): Symfony/Component/Console/Application->doRun(Object(Symfony/Component/Console/Input/ArgvInput), Object(Symfony/Component/Console/Output/ConsoleOutput))
#33 C:/laragon/www/usama-fandaqah/vendor/laravel/framework/src/Illuminate/Foundation/Console/Kernel.php(198): Symfony/Component/Console/Application->run(Object(Symfony/Component/Console/Input/ArgvInput), Object(Symfony/Component/Console/Output/ConsoleOutput))
#34 C:/laragon/www/usama-fandaqah/vendor/laravel/framework/src/Illuminate/Foundation/Application.php(1235): Illuminate/Foundation/Console/Kernel->handle(Object(Symfony/Component/Console/Input/ArgvInput), Object(Symfony/Component/Console/Output/ConsoleOutput))
#35 C:/laragon/www/usama-fandaqah/artisan(20): Illuminate/Foundation/Application->handleCommand(Object(Symfony/Component/Console/Input/ArgvInput))
#36 {main}
"} 
